school_canonical_id,regulator,raw_category,raw_payload_json,source_url,fetched_at,is_current
1,NUC,Federal University,"{""raw_name"": ""Abubakar Tafawa Balewa University, Bauchi"", ""vc_or_provost"": ""Prof. Ibrahim Hassan Garba"", ""year_established"": ""1988"", ""source_row_number"": ""1"", ""source_file"": ""(NUC) FEDERAL UNIVERSITIES.md""}",https://www.nuc.edu.ng,2026-09-04,True
2,NUC,Federal University,"{""raw_name"": ""Ahmadu Bello University, Zaria"", ""vc_or_provost"": ""Prof. Adamu Ahmed"", ""year_established"": ""1962"", ""source_row_number"": ""2"", ""source_file"": ""(NUC) FEDERAL UNIVERSITIES.md""}",https://www.nuc.edu.ng,2026-09-04,True
3,NUC,Federal University,"{""raw_name"": ""Bayero University, Kano"", ""vc_or_provost"": ""Prof. Haruna Musa"", ""year_established"": ""1975"", ""source_row_number"": ""3"", ""source_file"": ""(NUC) FEDERAL UNIVERSITIES.md""}",https://www.nuc.edu.ng,2026-09-04,True
4,NUC,Federal University,"{""raw_name"": ""Federal University Gashua, Yobe"", ""vc_or_provost"": ""Prof. Maimuna Waziri"", ""year_established"": ""2013"", ""source_row_number"": ""4"", ""source_file"": ""(NUC) FEDERAL UNIVERSITIES.md""}",https://www.nuc.edu.ng,2026-09-04,True
5,NUC,Federal University,"{""raw_name"": ""Federal University of Petroleum Resources, Effurun"", ""vc_or_provost"": ""Prof.Ezekiel Oghenenyerhovwo Agbalagba"", ""year_established"": ""2007"", ""source_row_number"": ""5"", ""source_file"": ""(NUC) FEDERAL UNIVERSITIES.md""}",https://www.nuc.edu.ng,2026-09-04,True
6,NUC,Federal University,"{""raw_name"": ""Federal University of Technology, Akure"", ""vc_or_provost"": ""Prof. Temidayo Adenike Oladiji"", ""year_established"": ""1981"", ""source_row_number"": ""6"", ""source_file"": ""(NUC) FEDERAL UNIVERSITIES.md""}",https://www.nuc.edu.ng,2026-09-04,True
7,NUC,Federal University,"{""raw_name"": ""Federal University of Technology, Minna"", ""vc_or_provost"": ""Professor Faruk Adamu Kuta"", ""year_established"": ""1982"", ""source_row_number"": ""7"", ""source_file"": ""(NUC) FEDERAL UNIVERSITIES.md""}",https://www.nuc.edu.ng,2026-09-04,True
8,NUC,Federal University,"{""raw_name"": ""Federal University of Technology, Owerri"", ""vc_or_provost"": ""Prof. (Mrs) Nnenna Nnannaya Oti"", ""year_established"": ""1980"", ""source_row_number"": ""8"", ""source_file"": ""(NUC) FEDERAL UNIVERSITIES.md""}",https://www.nuc.edu.ng,2026-09-04,True
9,NUC,Federal University,"{""raw_name"": ""Federal University, Dutse, Jigawa State"", ""vc_or_provost"": ""Prof. Abdulkarim Sabo Mohammad"", ""year_established"": ""2011"", ""source_row_number"": ""9"", ""source_file"": ""(NUC) FEDERAL UNIVERSITIES.md""}",https://www.nuc.edu.ng,2026-09-04,True
10,NUC,Federal University,"{""raw_name"": ""Federal University, Dutsin-Ma, Katsina"", ""vc_or_provost"": ""Prof. Aminu Ado (Ag.)"", ""year_established"": ""2011"", ""source_row_number"": ""10"", ""source_file"": ""(NUC) FEDERAL UNIVERSITIES.md""}",https://www.nuc.edu.ng,2026-09-04,True
11,NUC,Federal University,"{""raw_name"": ""Federal University, Kashere, Gombe State"", ""vc_or_provost"": ""Prof. Muhammad Inuwa Ja'afaru"", ""year_established"": ""2011"", ""source_row_number"": ""11"", ""source_file"": ""(NUC) FEDERAL UNIVERSITIES.md""}",https://www.nuc.edu.ng,2026-09-04,True
12,NUC,Federal University,"{""raw_name"": ""Federal University, Lafia, Nasarawa State"", ""vc_or_provost"": ""Professor Sheju Adbul Rahman"", ""year_established"": ""2011"", ""source_row_number"": ""12"", ""source_file"": ""(NUC) FEDERAL UNIVERSITIES.md""}",https://www.nuc.edu.ng,2026-09-04,True
13,NUC,Federal University,"{""raw_name"": ""Federal University, Lokoja, Kogi State"", ""vc_or_provost"": ""Professor Olayemi Akinwunmi"", ""year_established"": ""2011"", ""source_row_number"": ""13"", ""source_file"": ""(NUC) FEDERAL UNIVERSITIES.md""}",https://www.nuc.edu.ng,2026-09-04,True
14,NUC,Federal University,"{""raw_name"": ""Alex Ekwueme University, Ndufu-Alike, Ebonyi State"", ""vc_or_provost"": ""Prof. Sunday Oge Elom"", ""year_established"": ""2011"", ""source_row_number"": ""14"", ""source_file"": ""(NUC) FEDERAL UNIVERSITIES.md""}",https://www.nuc.edu.ng,2026-09-04,True
15,NUC,Federal University,"{""raw_name"": ""Federal University, Otuoke, Bayelsa"", ""vc_or_provost"": ""Professor Teddy Charles Adias"", ""year_established"": ""2011"", ""source_row_number"": ""15"", ""source_file"": ""(NUC) FEDERAL UNIVERSITIES.md""}",https://www.nuc.edu.ng,2026-09-04,True
16,NUC,Federal University,"{""raw_name"": ""Federal University, Oye-Ekiti, Ekiti State"", ""vc_or_provost"": ""Prof. Joshua Ogunwole"", ""year_established"": ""2011"", ""source_row_number"": ""16"", ""source_file"": ""(NUC) FEDERAL UNIVERSITIES.md""}",https://www.nuc.edu.ng,2026-09-04,True
17,NUC,Federal University,"{""raw_name"": ""Federal University, Wukari, Taraba State"", ""vc_or_provost"": ""Prof. Benjamin Kefas"", ""year_established"": ""2011"", ""source_row_number"": ""17"", ""source_file"": ""(NUC) FEDERAL UNIVERSITIES.md""}",https://www.nuc.edu.ng,2026-09-04,True
18,NUC,Federal University,"{""raw_name"": ""Federal University, Birnin Kebbi"", ""vc_or_provost"": ""Prof. Muhammad Zaiyan Umar"", ""year_established"": ""2013"", ""source_row_number"": ""18"", ""source_file"": ""(NUC) FEDERAL UNIVERSITIES.md""}",https://www.nuc.edu.ng,2026-09-04,True
19,NUC,Federal University,"{""raw_name"": ""Federal University, Gusau Zamfara"", ""vc_or_provost"": ""Prof. Tukur Adamu"", ""year_established"": ""2013"", ""source_row_number"": ""19"", ""source_file"": ""(NUC) FEDERAL UNIVERSITIES.md""}",https://www.nuc.edu.ng,2026-09-04,True
20,NUC,Federal University,"{""raw_name"": ""Michael Okpara University of Agricultural Umudike"", ""vc_or_provost"": ""Professor Ursula Ngozi Akanwa"", ""year_established"": ""1992"", ""source_row_number"": ""20"", ""source_file"": ""(NUC) FEDERAL UNIVERSITIES.md""}",https://www.nuc.edu.ng,2026-09-04,True
21,NUC,Federal University,"{""raw_name"": ""Modibbo Adama University of Technology, Yola"", ""vc_or_provost"": ""Prof. Ibrahim Umar"", ""year_established"": ""1981"", ""source_row_number"": ""21"", ""source_file"": ""(NUC) FEDERAL UNIVERSITIES.md""}",https://www.nuc.edu.ng,2026-09-04,True
22,NUC,Federal University,"{""raw_name"": ""National Open University of Nigeria, Abuja"", ""vc_or_provost"": ""Prof. Uduma Oji Uduma"", ""year_established"": ""2002"", ""source_row_number"": ""22"", ""source_file"": ""(NUC) FEDERAL UNIVERSITIES.md""}",https://www.nuc.edu.ng,2026-09-04,True
23,NUC,Federal University,"{""raw_name"": ""Nigeria Police Academy Wudil"", ""vc_or_provost"": ""AIG Sadiq Idris Abubakar"", ""year_established"": ""2013"", ""source_row_number"": ""23"", ""source_file"": ""(NUC) FEDERAL UNIVERSITIES.md""}",https://www.nuc.edu.ng,2026-09-04,True
24,NUC,Federal University,"{""raw_name"": ""Nigerian Defence Academy Kaduna"", ""vc_or_provost"": ""Professor Isah Garba (Provost)"", ""year_established"": ""1985"", ""source_row_number"": ""24"", ""source_file"": ""(NUC) FEDERAL UNIVERSITIES.md""}",https://www.nuc.edu.ng,2026-09-04,True
25,NUC,Federal University,"{""raw_name"": ""Nnamdi Azikiwe University, Awka"", ""vc_or_provost"": ""Prof. Carol Arinze-Umobi (Ag.)"", ""year_established"": ""1992"", ""source_row_number"": ""25"", ""source_file"": ""(NUC) FEDERAL UNIVERSITIES.md""}",https://www.nuc.edu.ng,2026-09-04,True
26,NUC,Federal University,"{""raw_name"": ""Obafemi Awolowo University,Ile-Ife"", ""vc_or_provost"": ""Professor Adebayo Simeon Bamire"", ""year_established"": ""1962"", ""source_row_number"": ""26"", ""source_file"": ""(NUC) FEDERAL UNIVERSITIES.md""}",https://www.nuc.edu.ng,2026-09-04,True
27,NUC,Federal University,"{""raw_name"": ""University of Abuja, Gwagwalada"", ""vc_or_provost"": ""Prof. Matthew Adamu (Ag.)"", ""year_established"": ""1988"", ""source_row_number"": ""27"", ""source_file"": ""(NUC) FEDERAL UNIVERSITIES.md""}",https://www.nuc.edu.ng,2026-09-04,True
28,NUC,Federal University,"{""raw_name"": ""Federal University of Agriculture, Abeokuta"", ""vc_or_provost"": ""Prof. Olusola B. Kehinde"", ""year_established"": ""1988"", ""source_row_number"": ""28"", ""source_file"": ""(NUC) FEDERAL UNIVERSITIES.md""}",https://www.nuc.edu.ng,2026-09-04,True
29,NUC,Federal University,"{""raw_name"": ""Joseph Sarwuan Tarka University, Makurdi"", ""vc_or_provost"": ""Prof. Isaac N. Itodo"", ""year_established"": ""1988"", ""source_row_number"": ""29"", ""source_file"": ""(NUC) FEDERAL UNIVERSITIES.md""}",https://www.nuc.edu.ng,2026-09-04,True
30,NUC,Federal University,"{""raw_name"": ""University of Benin"", ""vc_or_provost"": ""Prof. Adoba Bright Omoregie"", ""year_established"": ""1970"", ""source_row_number"": ""30"", ""source_file"": ""(NUC) FEDERAL UNIVERSITIES.md""}",https://www.nuc.edu.ng,2026-09-04,True
31,NUC,Federal University,"{""raw_name"": ""University of Calabar"", ""vc_or_provost"": ""Prof. Offiong E. Offiong"", ""year_established"": ""1975"", ""source_row_number"": ""31"", ""source_file"": ""(NUC) FEDERAL UNIVERSITIES.md""}",https://www.nuc.edu.ng,2026-09-04,True
32,NUC,Federal University,"{""raw_name"": ""University of Ibadan"", ""vc_or_provost"": ""Prof. Peter Olamakinde Olapegba"", ""year_established"": ""1948"", ""source_row_number"": ""32"", ""source_file"": ""(NUC) FEDERAL UNIVERSITIES.md""}",https://www.nuc.edu.ng,2026-09-04,True
33,NUC,Federal University,"{""raw_name"": ""University of Ilorin"", ""vc_or_provost"": ""Prof. Wahab O. Egbewole"", ""year_established"": ""1975"", ""source_row_number"": ""33"", ""source_file"": ""(NUC) FEDERAL UNIVERSITIES.md""}",https://www.nuc.edu.ng,2026-09-04,True
34,NUC,Federal University,"{""raw_name"": ""University of Jos"", ""vc_or_provost"": ""Prof. Tanko Ishaya"", ""year_established"": ""1975"", ""source_row_number"": ""34"", ""source_file"": ""(NUC) FEDERAL UNIVERSITIES.md""}",https://www.nuc.edu.ng,2026-09-04,True
35,NUC,Federal University,"{""raw_name"": ""University of Lagos"", ""vc_or_provost"": ""Prof. Folasade T Ogunsola"", ""year_established"": ""1962"", ""source_row_number"": ""35"", ""source_file"": ""(NUC) FEDERAL UNIVERSITIES.md""}",https://www.nuc.edu.ng,2026-09-04,True
36,NUC,Federal University,"{""raw_name"": ""University of Maiduguri"", ""vc_or_provost"": ""Prof. Mohammed L. Mele"", ""year_established"": ""1975"", ""source_row_number"": ""36"", ""source_file"": ""(NUC) FEDERAL UNIVERSITIES.md""}",https://www.nuc.edu.ng,2026-09-04,True
37,NUC,Federal University,"{""raw_name"": ""University of Nigeria, Nsukka"", ""vc_or_provost"": ""Prof. Simon Ortuanya"", ""year_established"": ""1960"", ""source_row_number"": ""37"", ""source_file"": ""(NUC) FEDERAL UNIVERSITIES.md""}",https://www.nuc.edu.ng,2026-09-04,True
38,NUC,Federal University,"{""raw_name"": ""University of Port-Harcourt"", ""vc_or_provost"": ""Professor Princewill R. Chike"", ""year_established"": ""1975"", ""source_row_number"": ""38"", ""source_file"": ""(NUC) FEDERAL UNIVERSITIES.md""}",https://www.nuc.edu.ng,2026-09-04,True
39,NUC,Federal University,"{""raw_name"": ""University of Uyo"", ""vc_or_provost"": ""Professor Nyaudo Ndaeyo"", ""year_established"": ""1991"", ""source_row_number"": ""39"", ""source_file"": ""(NUC) FEDERAL UNIVERSITIES.md""}",https://www.nuc.edu.ng,2026-09-04,True
40,NUC,Federal University,"{""raw_name"": ""Usumanu Danfodiyo University"", ""vc_or_provost"": ""Prof. Bashiru Garba"", ""year_established"": ""1975"", ""source_row_number"": ""40"", ""source_file"": ""(NUC) FEDERAL UNIVERSITIES.md""}",https://www.nuc.edu.ng,2026-09-04,True
41,NUC,Federal University,"{""raw_name"": ""Nigerian Maritime University Okerenkoko, Delta State"", ""vc_or_provost"": ""Prof. Oluwafemi Flora Tobolayefa"", ""year_established"": ""2018"", ""source_row_number"": ""41"", ""source_file"": ""(NUC) FEDERAL UNIVERSITIES.md""}",https://www.nuc.edu.ng,2026-09-04,True
42,NUC,Federal University,"{""raw_name"": ""Air Force Institute of Technology, Kaduna"", ""vc_or_provost"": ""Prof. Auwal Kassim"", ""year_established"": ""2018"", ""source_row_number"": ""42"", ""source_file"": ""(NUC) FEDERAL UNIVERSITIES.md""}",https://www.nuc.edu.ng,2026-09-04,True
43,NUC,Federal University,"{""raw_name"": ""Nigerian Army University Biu"", ""vc_or_provost"": ""Lawan B. Buratai"", ""year_established"": ""2018"", ""source_row_number"": ""43"", ""source_file"": ""(NUC) FEDERAL UNIVERSITIES.md""}",https://www.nuc.edu.ng,2026-09-04,True
44,NUC,Federal University,"{""raw_name"": ""Federal University of Health Sciences, Otukpo, Benue State"", ""vc_or_provost"": ""Prof. Francis Aba Uba"", ""year_established"": ""2020"", ""source_row_number"": ""44"", ""source_file"": ""(NUC) FEDERAL UNIVERSITIES.md""}",https://www.nuc.edu.ng,2026-09-04,True
45,NUC,Federal University,"{""raw_name"": ""Federal University of Agriculture, Zuru, Kebbi State"", ""vc_or_provost"": ""Prof. Ibrahim Rakson Muhammad"", ""year_established"": ""2020"", ""source_row_number"": ""45"", ""source_file"": ""(NUC) FEDERAL UNIVERSITIES.md""}",https://www.nuc.edu.ng,2026-09-04,True
46,NUC,Federal University,"{""raw_name"": ""Federal University of Technology, Babura, Jigawa State"", ""vc_or_provost"": ""Prof Sabo Ibrahim Birnin-kudu"", ""year_established"": ""2021"", ""source_row_number"": ""46"", ""source_file"": ""(NUC) FEDERAL UNIVERSITIES.md""}",https://www.nuc.edu.ng,2026-09-04,True
47,NUC,Federal University,"{""raw_name"": ""Federal University of Technology, Ikot Abasi, Akwa Ibom State"", ""vc_or_provost"": ""Prof Leo Daniel"", ""year_established"": ""2021"", ""source_row_number"": ""47"", ""source_file"": ""(NUC) FEDERAL UNIVERSITIES.md""}",https://www.nuc.edu.ng,2026-09-04,True
48,NUC,Federal University,"{""raw_name"": ""Federal University of Health Sciences, Azare, Bauchi State"", ""vc_or_provost"": ""Prof Bala Audu"", ""year_established"": ""2021"", ""source_row_number"": ""48"", ""source_file"": ""(NUC) FEDERAL UNIVERSITIES.md""}",https://www.nuc.edu.ng,2026-09-04,True
49,NUC,Federal University,"{""raw_name"": ""Federal University of Health Sciences, Ila Orangun, Osun State"", ""vc_or_provost"": ""Prof Akeem Olawale Lasisi"", ""year_established"": ""2021"", ""source_row_number"": ""49"", ""source_file"": ""(NUC) FEDERAL UNIVERSITIES.md""}",https://www.nuc.edu.ng,2026-09-04,True
50,NUC,Federal University,"{""raw_name"": ""David Nweze Umahi Federal University of Medical Sciences, Uburu"", ""vc_or_provost"": ""Prof. Jesse Uneke"", ""year_established"": ""2022"", ""source_row_number"": ""50"", ""source_file"": ""(NUC) FEDERAL UNIVERSITIES.md""}",https://www.nuc.edu.ng,2026-09-04,True
51,NUC,Federal University,"{""raw_name"": ""Admiralty University Ibusa, Delta State"", ""vc_or_provost"": ""Prof. Dili Ofuokwu"", ""year_established"": ""2023"", ""source_row_number"": ""51"", ""source_file"": ""(NUC) FEDERAL UNIVERSITIES.md""}",https://www.nuc.edu.ng,2026-09-04,True
52,NUC,Federal University,"{""raw_name"": ""Federal University of Transportation Daura, Katsina"", ""vc_or_provost"": ""Prof. Umar Adam Katsayal"", ""year_established"": ""2022"", ""source_row_number"": ""52"", ""source_file"": ""(NUC) FEDERAL UNIVERSITIES.md""}",https://www.nuc.edu.ng,2026-09-04,True
53,NUC,Federal University,"{""raw_name"": ""African Aviation and Aerospace University"", ""vc_or_provost"": ""Prof. Tilmann Gabriel (Ag.)"", ""year_established"": ""2023"", ""source_row_number"": ""53"", ""source_file"": ""(NUC) FEDERAL UNIVERSITIES.md""}",https://www.nuc.edu.ng,2026-09-04,True
54,NUC,Federal University,"{""raw_name"": ""National University of Science and Technology, Abuja"", ""vc_or_provost"": ""Prof. J. E. Ahaneku"", ""year_established"": ""2023"", ""source_row_number"": ""54"", ""source_file"": ""(NUC) FEDERAL UNIVERSITIES.md""}",https://www.nuc.edu.ng,2026-09-04,True
55,NUC,Federal University,"{""raw_name"": ""Federal University of Agriculture Bassam-Biri, Bayelsa"", ""vc_or_provost"": ""Prof. Reginald I. Keremah"", ""year_established"": ""2023"", ""source_row_number"": ""55"", ""source_file"": ""(NUC) FEDERAL UNIVERSITIES.md""}",https://www.nuc.edu.ng,2026-09-04,True
56,NUC,Federal University,"{""raw_name"": ""Federal University of Health Sciences Kwale, Delta State"", ""vc_or_provost"": ""Prof. Abel Nze Onunu"", ""year_established"": ""2023"", ""source_row_number"": ""56"", ""source_file"": ""(NUC) FEDERAL UNIVERSITIES.md""}",https://www.nuc.edu.ng,2026-09-04,True
57,NUC,Federal University,"{""raw_name"": ""Federal University of Health Sciences, Katsina"", ""vc_or_provost"": ""Prof. Bello Bala Shehu"", ""year_established"": ""2023"", ""source_row_number"": ""57"", ""source_file"": ""(NUC) FEDERAL UNIVERSITIES.md""}",https://www.nuc.edu.ng,2026-09-04,True
58,NUC,Federal University,"{""raw_name"": ""Federal University of Agriculture, Mubi"", ""vc_or_provost"": ""Prof. Bitrus D. Tarfa"", ""year_established"": ""2023"", ""source_row_number"": ""58"", ""source_file"": ""(NUC) FEDERAL UNIVERSITIES.md""}",https://www.nuc.edu.ng,2026-09-04,True
59,NUC,Federal University,"{""raw_name"": ""Federal University of Education, Zaria, Kaduna State"", ""vc_or_provost"": ""Prof. Yahaya Isa Bunkure"", ""year_established"": ""2023"", ""source_row_number"": ""59"", ""source_file"": ""(NUC) FEDERAL UNIVERSITIES.md""}",https://www.nuc.edu.ng,2026-09-04,True
60,NUC,Federal University,"{""raw_name"": ""Alvan Ikoku Federal University of Education, Owerri, Imo State"", ""vc_or_provost"": ""Prof. Stella N. Lenchi (Ag)"", ""year_established"": ""2023"", ""source_row_number"": ""60"", ""source_file"": ""(NUC) FEDERAL UNIVERSITIES.md""}",https://www.nuc.edu.ng,2026-09-04,True
61,NUC,Federal University,"{""raw_name"": ""Yusuf Maitama Sule Federal University of Education, Kano"", ""vc_or_provost"": ""Dr. Sadi Mohammed Sirajo (Ag.)"", ""year_established"": ""2023"", ""source_row_number"": ""61"", ""source_file"": ""(NUC) FEDERAL UNIVERSITIES.md""}",https://www.nuc.edu.ng,2026-09-04,True
62,NUC,Federal University,"{""raw_name"": ""Adeyemi Federal University of Education, Ondo"", ""vc_or_provost"": ""Dr. Samuel A. Akintunde"", ""year_established"": ""2023"", ""source_row_number"": ""62"", ""source_file"": ""(NUC) FEDERAL UNIVERSITIES.md""}",https://www.nuc.edu.ng,2026-09-04,True
63,NUC,Federal University,"{""raw_name"": ""Federal University of Allied Health Sciences, Enugu"", ""vc_or_provost"": ""Prof. John Emaimo"", ""year_established"": ""2024"", ""source_row_number"": ""63"", ""source_file"": ""(NUC) FEDERAL UNIVERSITIES.md""}",https://www.nuc.edu.ng,2026-09-04,True
64,NUC,Federal University,"{""raw_name"": ""Federal University of Medicine and Medical Sciences, Abeokuta"", ""vc_or_provost"": ""Fatiu Abiola Arogundade"", ""year_established"": ""2023"", ""source_row_number"": ""64"", ""source_file"": ""(NUC) FEDERAL UNIVERSITIES.md""}",https://www.nuc.edu.ng,2026-09-04,True
65,NUC,Federal University,"{""raw_name"": ""Federal University of Education Pankshin, Plateau State"", ""vc_or_provost"": ""Prof Noel Nenman Wannang"", ""year_established"": ""2023"", ""source_row_number"": ""65"", ""source_file"": ""(NUC) FEDERAL UNIVERSITIES.md""}",https://www.nuc.edu.ng,2026-09-04,True
66,NUC,Federal University,"{""raw_name"": ""Federal University of Education Kontagora, Niger State"", ""vc_or_provost"": """", ""year_established"": ""2023"", ""source_row_number"": ""66"", ""source_file"": ""(NUC) FEDERAL UNIVERSITIES.md""}",https://www.nuc.edu.ng,2026-09-04,True
67,NUC,Federal University,"{""raw_name"": ""University of Maritime Studies, Oron, Akwa Ibom State"", ""vc_or_provost"": """", ""year_established"": ""2024"", ""source_row_number"": ""67"", ""source_file"": ""(NUC) FEDERAL UNIVERSITIES.md""}",https://www.nuc.edu.ng,2026-09-04,True
68,NUC,Federal University,"{""raw_name"": ""Federal University of Environment and Technology, Tai Town, Ogoniland, Rivers State"", ""vc_or_provost"": """", ""year_established"": ""2025"", ""source_row_number"": ""68"", ""source_file"": ""(NUC) FEDERAL UNIVERSITIES.md""}",https://www.nuc.edu.ng,2026-09-04,True
69,NUC,Federal University,"{""raw_name"": ""Federal University of Applied Sciences, Kachia, Kaduna State"", ""vc_or_provost"": ""Prof. Williams Barnabas Qurix"", ""year_established"": ""2025"", ""source_row_number"": ""69"", ""source_file"": ""(NUC) FEDERAL UNIVERSITIES.md""}",https://www.nuc.edu.ng,2026-09-04,True
70,NUC,Federal University,"{""raw_name"": ""Tai Solarin Federal University of Education, Ijagun, Ijebu Ode"", ""vc_or_provost"": ""Prof. Oluwole Sikiru Banjo"", ""year_established"": ""2025"", ""source_row_number"": ""70"", ""source_file"": ""(NUC) FEDERAL UNIVERSITIES.md""}",https://www.nuc.edu.ng,2026-09-04,True
71,NUC,Federal University,"{""raw_name"": ""Federal University of Agriculture and Developmental Studies, Iragbuji, Osun State"", ""vc_or_provost"": """", ""year_established"": ""2025"", ""source_row_number"": ""71"", ""source_file"": ""(NUC) FEDERAL UNIVERSITIES.md""}",https://www.nuc.edu.ng,2026-09-04,True
72,NUC,Federal University,"{""raw_name"": ""Federal University of Technology and Environmental Studies, Iyin-Ekiti, Ekiti State."", ""vc_or_provost"": """", ""year_established"": ""2025"", ""source_row_number"": ""72"", ""source_file"": ""(NUC) FEDERAL UNIVERSITIES.md""}",https://www.nuc.edu.ng,2026-09-04,True
73,NUC,Federal University,"{""raw_name"": ""Federal University of Agriculture and Technology Okeho, Oyo State"", ""vc_or_provost"": """", ""year_established"": ""2025"", ""source_row_number"": ""73"", ""source_file"": ""(NUC) FEDERAL UNIVERSITIES.md""}",https://www.nuc.edu.ng,2026-09-04,True
74,NUC,Federal University,"{""raw_name"": ""Federal University of Health Science and Technology, Tsafe"", ""vc_or_provost"": """", ""year_established"": ""2025"", ""source_row_number"": ""74"", ""source_file"": ""(NUC) FEDERAL UNIVERSITIES.md""}",https://www.nuc.edu.ng,2026-09-04,True
75,NUC,Federal University,"{""raw_name"": ""Federal University of Agriculture and Technology Obio-Akpa Akwa Ibom State"", ""vc_or_provost"": """", ""year_established"": ""2025"", ""source_row_number"": ""75"", ""source_file"": ""(NUC) FEDERAL UNIVERSITIES.md""}",https://www.nuc.edu.ng,2026-09-04,True
76,NUC,Federal University,"{""raw_name"": ""Federal University of Science and Technology, Epe"", ""vc_or_provost"": ""Prof Kazeem Adeola Oshikoya"", ""year_established"": ""2025"", ""source_row_number"": ""76"", ""source_file"": ""(NUC) FEDERAL UNIVERSITIES.md""}",https://www.nuc.edu.ng,2026-09-04,True
77,NUC,Federal University,"{""raw_name"": ""Federal University of Science and Technology, Kabo, Kano"", ""vc_or_provost"": ""Prof Muhammad Sanusi Magaji"", ""year_established"": ""2025"", ""source_row_number"": ""77"", ""source_file"": ""(NUC) FEDERAL UNIVERSITIES.md""}",https://www.nuc.edu.ng,2026-09-04,True
78,NUC,State University,"{""raw_name"": ""Rivers State University"", ""vc_or_provost"": ""Prof. Nlerum S. Okogbule"", ""year_established"": ""1979"", ""source_row_number"": ""1"", ""source_file"": ""(NUC) STATE UNIVERSITIES.md""}",https://www.nuc.edu.ng,2026-09-04,True
79,NUC,State University,"{""raw_name"": ""Ambrose Alli University, Ekpoma"", ""vc_or_provost"": ""Professor Eunice Omonzejie"", ""year_established"": ""1980"", ""source_row_number"": ""2"", ""source_file"": ""(NUC) STATE UNIVERSITIES.md""}",https://www.nuc.edu.ng,2026-09-04,True
80,NUC,State University,"{""raw_name"": ""Abia State University, Uturu"", ""vc_or_provost"": ""Prof. Onyemachi M. Ogbulu"", ""year_established"": ""1981"", ""source_row_number"": ""3"", ""source_file"": ""(NUC) STATE UNIVERSITIES.md""}",https://www.nuc.edu.ng,2026-09-04,True
81,NUC,State University,"{""raw_name"": ""Ekiti State University"", ""vc_or_provost"": ""Prof. Edward O. Olanipekun"", ""year_established"": ""1982"", ""source_row_number"": ""4"", ""source_file"": ""(NUC) STATE UNIVERSITIES.md""}",https://www.nuc.edu.ng,2026-09-04,True
82,NUC,State University,"{""raw_name"": ""Enugu State University of Science and Technology, Enugu"", ""vc_or_provost"": ""Prof. Aloysius Michael Okolie"", ""year_established"": ""1982"", ""source_row_number"": ""5"", ""source_file"": ""(NUC) STATE UNIVERSITIES.md""}",https://www.nuc.edu.ng,2026-09-04,True
83,NUC,State University,"{""raw_name"": ""Olabisi Onabanjo University, Ago Iwoye"", ""vc_or_provost"": ""Prof Ayodeji Johnson Agboola"", ""year_established"": ""1982"", ""source_row_number"": ""6"", ""source_file"": ""(NUC) STATE UNIVERSITIES.md""}",https://www.nuc.edu.ng,2026-09-04,True
84,NUC,State University,"{""raw_name"": ""Lagos State University, Ojo"", ""vc_or_provost"": ""Prof. Ibiyemi Olatunji-Bello"", ""year_established"": ""1983"", ""source_row_number"": ""7"", ""source_file"": ""(NUC) STATE UNIVERSITIES.md""}",https://www.nuc.edu.ng,2026-09-04,True
85,NUC,State University,"{""raw_name"": ""Ladoke Akintola University of Technology, Ogbomoso"", ""vc_or_provost"": ""Professor Razaq Olatunde Rom Kalilu"", ""year_established"": ""1990"", ""source_row_number"": ""8"", ""source_file"": ""(NUC) STATE UNIVERSITIES.md""}",https://www.nuc.edu.ng,2026-09-04,True
86,NUC,State University,"{""raw_name"": ""Rev. Fr. Moses Orshio Adasu (Formerly, Benue State University), Makurdi"", ""vc_or_provost"": ""Prof. Simon Terver Ubwa (Ag.)"", ""year_established"": ""1992"", ""source_row_number"": ""9"", ""source_file"": ""(NUC) STATE UNIVERSITIES.md""}",https://www.nuc.edu.ng,2026-09-04,True
87,NUC,State University,"{""raw_name"": ""Delta State University Abraka"", ""vc_or_provost"": ""Prof. Samuel O. Asagba"", ""year_established"": ""1992"", ""source_row_number"": ""10"", ""source_file"": ""(NUC) STATE UNIVERSITIES.md""}",https://www.nuc.edu.ng,2026-09-04,True
88,NUC,State University,"{""raw_name"": ""Imo State University, Owerri"", ""vc_or_provost"": ""Prof. U Chukwumaeze"", ""year_established"": ""1992"", ""source_row_number"": ""11"", ""source_file"": ""(NUC) STATE UNIVERSITIES.md""}",https://www.nuc.edu.ng,2026-09-04,True
89,NUC,State University,"{""raw_name"": ""Adekunle Ajasin University, Akungba"", ""vc_or_provost"": ""Prof. Tomola Marshal Obamuyi"", ""year_established"": ""1999"", ""source_row_number"": ""12"", ""source_file"": ""(NUC) STATE UNIVERSITIES.md""}",https://www.nuc.edu.ng,2026-09-04,True
90,NUC,State University,"{""raw_name"": ""Prince Abubakar Audu University Anyigba"", ""vc_or_provost"": ""Prof. Salisu Ogbo Usman"", ""year_established"": ""1999"", ""source_row_number"": ""13"", ""source_file"": ""(NUC) STATE UNIVERSITIES.md""}",https://www.nuc.edu.ng,2026-09-04,True
91,NUC,State University,"{""raw_name"": ""Chukwuemeka Odumegwu Ojukwu University, Uli"", ""vc_or_provost"": ""Prof. Kate Azuka Omenugha"", ""year_established"": ""2000"", ""source_row_number"": ""14"", ""source_file"": ""(NUC) STATE UNIVERSITIES.md""}",https://www.nuc.edu.ng,2026-09-04,True
92,NUC,State University,"{""raw_name"": ""Ebonyi State University, Abakaliki"", ""vc_or_provost"": ""Professor Chigozie N Ogbu"", ""year_established"": ""2000"", ""source_row_number"": ""15"", ""source_file"": ""(NUC) STATE UNIVERSITIES.md""}",https://www.nuc.edu.ng,2026-09-04,True
93,NUC,State University,"{""raw_name"": ""Aliko Dangote university of Science & Technology, Wudil"", ""vc_or_provost"": ""Prof. Musa Tukur Yakasai"", ""year_established"": ""2000"", ""source_row_number"": ""16"", ""source_file"": ""(NUC) STATE UNIVERSITIES.md""}",https://www.nuc.edu.ng,2026-09-04,True
94,NUC,State University,"{""raw_name"": ""Niger Delta University Yenagoa"", ""vc_or_provost"": ""Prof. Allen A. Agih"", ""year_established"": ""2000"", ""source_row_number"": ""17"", ""source_file"": ""(NUC) STATE UNIVERSITIES.md""}",https://www.nuc.edu.ng,2026-09-04,True
95,NUC,State University,"{""raw_name"": ""Adamawa State University Mubi"", ""vc_or_provost"": ""Prof. Augustine Clement"", ""year_established"": ""2002"", ""source_row_number"": ""18"", ""source_file"": ""(NUC) STATE UNIVERSITIES.md""}",https://www.nuc.edu.ng,2026-09-04,True
96,NUC,State University,"{""raw_name"": ""Nasarawa State University Keffi"", ""vc_or_provost"": ""Prof. Sa'adatu Hassan Liman"", ""year_established"": ""2002"", ""source_row_number"": ""19"", ""source_file"": ""(NUC) STATE UNIVERSITIES.md""}",https://www.nuc.edu.ng,2026-09-04,True
97,NUC,State University,"{""raw_name"": ""University of Cross River State, Calabar"", ""vc_or_provost"": ""Prof. Francisca Bassey"", ""year_established"": ""2004"", ""source_row_number"": ""20"", ""source_file"": ""(NUC) STATE UNIVERSITIES.md""}",https://www.nuc.edu.ng,2026-09-04,True
98,NUC,State University,"{""raw_name"": ""Gombe State Univeristy, Gombe"", ""vc_or_provost"": ""Prof. Sani Ahmed Yauta"", ""year_established"": ""2004"", ""source_row_number"": ""21"", ""source_file"": ""(NUC) STATE UNIVERSITIES.md""}",https://www.nuc.edu.ng,2026-09-04,True
99,NUC,State University,"{""raw_name"": ""Kaduna State University, Kaduna"", ""vc_or_provost"": ""Prof. Abdullahi Ibrahim Musa"", ""year_established"": ""2004"", ""source_row_number"": ""22"", ""source_file"": ""(NUC) STATE UNIVERSITIES.md""}",https://www.nuc.edu.ng,2026-09-04,True
100,NUC,State University,"{""raw_name"": ""Ibrahim Badamasi Babangida University, Lapai"", ""vc_or_provost"": ""Prof. M. H. Sulaiman"", ""year_established"": ""2005"", ""source_row_number"": ""23"", ""source_file"": ""(NUC) STATE UNIVERSITIES.md""}",https://www.nuc.edu.ng,2026-09-04,True
101,NUC,State University,"{""raw_name"": ""Plateau State University Bokkos"", ""vc_or_provost"": ""Prof. Shedrack Gaya Best (Ag)"", ""year_established"": ""2005"", ""source_row_number"": ""24"", ""source_file"": ""(NUC) STATE UNIVERSITIES.md""}",https://www.nuc.edu.ng,2026-09-04,True
102,NUC,State University,"{""raw_name"": ""Yobe State University, Damaturu"", ""vc_or_provost"": ""Prof. Mala M. Daura"", ""year_established"": ""2006"", ""source_row_number"": ""25"", ""source_file"": ""(NUC) STATE UNIVERSITIES.md""}",https://www.nuc.edu.ng,2026-09-04,True
103,NUC,State University,"{""raw_name"": ""Kebbi State University of Science and Technology, Aliero"", ""vc_or_provost"": ""Prof. Bagudu G.Danshehu"", ""year_established"": ""2006"", ""source_row_number"": ""26"", ""source_file"": ""(NUC) STATE UNIVERSITIES.md""}",https://www.nuc.edu.ng,2026-09-04,True
104,NUC,State University,"{""raw_name"": ""Umar Musa Yar' Adua University Katsina"", ""vc_or_provost"": ""Prof. Shehu Salihu Muhammad"", ""year_established"": ""2006"", ""source_row_number"": ""27"", ""source_file"": ""(NUC) STATE UNIVERSITIES.md""}",https://www.nuc.edu.ng,2026-09-04,True
105,NUC,State University,"{""raw_name"": ""Osun State University Osogbo"", ""vc_or_provost"": ""Prof Odunayo Clement Adeboye"", ""year_established"": ""2006"", ""source_row_number"": ""28"", ""source_file"": ""(NUC) STATE UNIVERSITIES.md""}",https://www.nuc.edu.ng,2026-09-04,True
106,NUC,State University,"{""raw_name"": ""Olusegun Agagu University of Sc. & Tech., Okitipupa, Ondo"", ""vc_or_provost"": ""Prof. Temi Emmanuel Ologunorisa"", ""year_established"": ""2008"", ""source_row_number"": ""29"", ""source_file"": ""(NUC) STATE UNIVERSITIES.md""}",https://www.nuc.edu.ng,2026-09-04,True
107,NUC,State University,"{""raw_name"": ""Taraba State University, Jalingo"", ""vc_or_provost"": ""Prof. Sunday Paul Bako"", ""year_established"": ""2008"", ""source_row_number"": ""30"", ""source_file"": ""(NUC) STATE UNIVERSITIES.md""}",https://www.nuc.edu.ng,2026-09-04,True
108,NUC,State University,"{""raw_name"": ""Kwara State University, Ilorin"", ""vc_or_provost"": ""Prof. Shaykh-Luqman Alade Jimoh (Ag.)"", ""year_established"": ""2009"", ""source_row_number"": ""31"", ""source_file"": ""(NUC) STATE UNIVERSITIES.md""}",https://www.nuc.edu.ng,2026-09-04,True
109,NUC,State University,"{""raw_name"": ""Sokoto State University"", ""vc_or_provost"": ""Prof. Mohammed Bello Yerima"", ""year_established"": ""2009"", ""source_row_number"": ""32"", ""source_file"": ""(NUC) STATE UNIVERSITIES.md""}",https://www.nuc.edu.ng,2026-09-04,True
110,NUC,State University,"{""raw_name"": ""Akwa Ibom State University, Ikot Akpaden"", ""vc_or_provost"": ""Prof. Nse U. Essien"", ""year_established"": ""2010"", ""source_row_number"": ""33"", ""source_file"": ""(NUC) STATE UNIVERSITIES.md""}",https://www.nuc.edu.ng,2026-09-04,True
111,NUC,State University,"{""raw_name"": ""Ignatius Ajuru University of Education,Rumuolumeni"", ""vc_or_provost"": ""Prof. Okechukwu Onochukwu"", ""year_established"": ""2010"", ""source_row_number"": ""34"", ""source_file"": ""(NUC) STATE UNIVERSITIES.md""}",https://www.nuc.edu.ng,2026-09-04,True
112,NUC,State University,"{""raw_name"": ""Bauchi State University, Gadau"", ""vc_or_provost"": ""Professor Fatimah Ja'afar Tahir"", ""year_established"": ""2011"", ""source_row_number"": ""35"", ""source_file"": ""(NUC) STATE UNIVERSITIES.md""}",https://www.nuc.edu.ng,2026-09-04,True
113,NUC,State University,"{""raw_name"": ""Northwest University Kano"", ""vc_or_provost"": ""Prof. Amina Salihi Bayero"", ""year_established"": ""2012"", ""source_row_number"": ""36"", ""source_file"": ""(NUC) STATE UNIVERSITIES.md""}",https://www.nuc.edu.ng,2026-09-04,True
114,NUC,State University,"{""raw_name"": ""First Technical University Ibadan"", ""vc_or_provost"": ""Prof. Adesola Ajayi"", ""year_established"": ""2012"", ""source_row_number"": ""37"", ""source_file"": ""(NUC) STATE UNIVERSITIES.md""}",https://www.nuc.edu.ng,2026-09-04,True
115,NUC,State University,"{""raw_name"": ""Sule Lamido University, Kafin Hausa, Jigawa"", ""vc_or_provost"": ""Prof. Muhammad Ibrahim Yakasai"", ""year_established"": ""2013"", ""source_row_number"": ""38"", ""source_file"": ""(NUC) STATE UNIVERSITIES.md""}",https://www.nuc.edu.ng,2026-09-04,True
116,NUC,State University,"{""raw_name"": ""University of Medical Sciences, Ondo City, Ondo State"", ""vc_or_provost"": ""Prof. Adesegun Fatusi"", ""year_established"": ""2015"", ""source_row_number"": ""39"", ""source_file"": ""(NUC) STATE UNIVERSITIES.md""}",https://www.nuc.edu.ng,2026-09-04,True
117,NUC,State University,"{""raw_name"": ""Edo State University, Iyamho"", ""vc_or_provost"": ""Prof. Victor Olawale Adetimirin"", ""year_established"": ""2016"", ""source_row_number"": ""40"", ""source_file"": ""(NUC) STATE UNIVERSITIES.md""}",https://www.nuc.edu.ng,2026-09-04,True
118,NUC,State University,"{""raw_name"": ""Kingsley Ozumba Mbadiwe University Ogboko, Imo State"", ""vc_or_provost"": ""Prof. Ikechukwu N. S. Dozie"", ""year_established"": ""2016"", ""source_row_number"": ""41"", ""source_file"": ""(NUC) STATE UNIVERSITIES.md""}",https://www.nuc.edu.ng,2026-09-04,True
119,NUC,State University,"{""raw_name"": ""University of Africa Toru Orua, Bayelsa State"", ""vc_or_provost"": ""Prof. Solomon T. Ebobrah"", ""year_established"": ""2016"", ""source_row_number"": ""42"", ""source_file"": ""(NUC) STATE UNIVERSITIES.md""}",https://www.nuc.edu.ng,2026-09-04,True
120,NUC,State University,"{""raw_name"": ""Kashim Ibrahim ( formerly Bornu State) University, Maiduguri"", ""vc_or_provost"": ""Prof. Engr. Babagana Gutti"", ""year_established"": ""2016"", ""source_row_number"": ""43"", ""source_file"": ""(NUC) STATE UNIVERSITIES.md""}",https://www.nuc.edu.ng,2026-09-04,True
121,NUC,State University,"{""raw_name"": ""Moshood Abiola University of Science and Technology Abeokuta"", ""vc_or_provost"": ""Prof Akinwale Coker"", ""year_established"": ""2017"", ""source_row_number"": ""44"", ""source_file"": ""(NUC) STATE UNIVERSITIES.md""}",https://www.nuc.edu.ng,2026-09-04,True
122,NUC,State University,"{""raw_name"": ""Zamfara State University"", ""vc_or_provost"": ""Prof Yahaya Zakari Abdullahi"", ""year_established"": ""2018"", ""source_row_number"": ""45"", ""source_file"": ""(NUC) STATE UNIVERSITIES.md""}",https://www.nuc.edu.ng,2026-09-04,True
123,NUC,State University,"{""raw_name"": ""Bayelsa Medical University"", ""vc_or_provost"": ""Prof. Dimie Ogoina"", ""year_established"": ""2019"", ""source_row_number"": ""46"", ""source_file"": ""(NUC) STATE UNIVERSITIES.md""}",https://www.nuc.edu.ng,2026-09-04,True
124,NUC,State University,"{""raw_name"": ""University of Agriculture and Environmental Sciences Umuagwo, Imo State"", ""vc_or_provost"": ""Prof. Christopher Chiedozie Eze (Ag)"", ""year_established"": ""2019"", ""source_row_number"": ""47"", ""source_file"": ""(NUC) STATE UNIVERSITIES.md""}",https://www.nuc.edu.ng,2026-09-04,True
125,NUC,State University,"{""raw_name"": ""Confluence University of Science and Technology Osara, Kogi"", ""vc_or_provost"": ""Eng. Prof. Abdulrahman Asipita Salawu"", ""year_established"": ""2020"", ""source_row_number"": ""48"", ""source_file"": ""(NUC) STATE UNIVERSITIES.md""}",https://www.nuc.edu.ng,2026-09-04,True
126,NUC,State University,"{""raw_name"": ""Bamidele Olumilua University of Science and Technology Ikere, Ekiti State"", ""vc_or_provost"": ""Prof. Olufemi V Adeoluwa"", ""year_established"": ""2020"", ""source_row_number"": ""49"", ""source_file"": ""(NUC) STATE UNIVERSITIES.md""}",https://www.nuc.edu.ng,2026-09-04,True
127,NUC,State University,"{""raw_name"": ""University of Delta, Agbor"", ""vc_or_provost"": ""Prof. Stells C. Chiemeke"", ""year_established"": ""2021"", ""source_row_number"": ""50"", ""source_file"": ""(NUC) STATE UNIVERSITIES.md""}",https://www.nuc.edu.ng,2026-09-04,True
128,NUC,State University,"{""raw_name"": ""Delta University of Science and Technology, Ozoro"", ""vc_or_provost"": ""Prof. Jacob S. Oboreh"", ""year_established"": ""2021"", ""source_row_number"": ""51"", ""source_file"": ""(NUC) STATE UNIVERSITIES.md""}",https://www.nuc.edu.ng,2026-09-04,True
128,NBTE,Polytechnic,"{""raw_name"": ""Delta State Polytechnic, Ozoro, Delta State (Now Delta State University of Science And Technology)"", ""vc_or_provost"": """", ""year_established"": """", ""source_row_number"": ""14"", ""source_file"": ""(NBTE) STATE POLYTECHNICS.md""}",https://digitalnbte.nbte.gov.ng,2026-09-04,True
129,NUC,State University,"{""raw_name"": ""Dennis Osadebe University, Asaba"", ""vc_or_provost"": ""Prof. Ben E.A. Oghojafor"", ""year_established"": ""2021"", ""source_row_number"": ""52"", ""source_file"": ""(NUC) STATE UNIVERSITIES.md""}",https://www.nuc.edu.ng,2026-09-04,True
130,NUC,State University,"{""raw_name"": ""Lagos State University of Education, Ijanikin"", ""vc_or_provost"": ""Prof. Lafiagi-Okuneye Bidemi Bilkis (Ag)"", ""year_established"": ""2022"", ""source_row_number"": ""53"", ""source_file"": ""(NUC) STATE UNIVERSITIES.md""}",https://www.nuc.edu.ng,2026-09-04,True
131,NUC,State University,"{""raw_name"": ""Lagos State University of Science and Technology Ikorodu"", ""vc_or_provost"": ""Prof. Olumuyiwa O. Odusanya"", ""year_established"": ""2022"", ""source_row_number"": ""54"", ""source_file"": ""(NUC) STATE UNIVERSITIES.md""}",https://www.nuc.edu.ng,2026-09-04,True
131,NBTE,Polytechnic,"{""raw_name"": ""Lagos State Polytechnic, Ikorodu (Now Lagos State University of Science and Technology)"", ""vc_or_provost"": """", ""year_established"": """", ""source_row_number"": ""32"", ""source_file"": ""(NBTE) STATE POLYTECHNICS.md""}",https://digitalnbte.nbte.gov.ng,2026-09-04,True
132,NUC,State University,"{""raw_name"": ""Shehu Shagari University of Education, Sokoto"", ""vc_or_provost"": ""Prof. Malami Umar Tambuwal"", ""year_established"": ""2022"", ""source_row_number"": ""55"", ""source_file"": ""(NUC) STATE UNIVERSITIES.md""}",https://www.nuc.edu.ng,2026-09-04,True
133,NUC,State University,"{""raw_name"": ""State University of Medical and Applied Sciences, Igbo-Eno, Enugu"", ""vc_or_provost"": ""Prof. James Chukwuma Ogbonna"", ""year_established"": ""2022"", ""source_row_number"": ""56"", ""source_file"": ""(NUC) STATE UNIVERSITIES.md""}",https://www.nuc.edu.ng,2026-09-04,True
134,NUC,State University,"{""raw_name"": ""University of Ilesa, Osun State"", ""vc_or_provost"": ""Prof. Taiwo Olufemi Asaolu"", ""year_established"": ""2022"", ""source_row_number"": ""57"", ""source_file"": ""(NUC) STATE UNIVERSITIES.md""}",https://www.nuc.edu.ng,2026-09-04,True
135,NUC,State University,"{""raw_name"": ""Emanuel Alayande University of Education Oyo"", ""vc_or_provost"": ""Prof. Olanrewaju Olaniyan"", ""year_established"": ""2022"", ""source_row_number"": ""58"", ""source_file"": ""(NUC) STATE UNIVERSITIES.md""}",https://www.nuc.edu.ng,2026-09-04,True
136,NUC,State University,"{""raw_name"": ""Kogi State University, Kabba"", ""vc_or_provost"": ""Prof. K.I.T. Eniola"", ""year_established"": ""2023"", ""source_row_number"": ""59"", ""source_file"": ""(NUC) STATE UNIVERSITIES.md""}",https://www.nuc.edu.ng,2026-09-04,True
137,NUC,State University,"{""raw_name"": ""AbdulKadir Kure University, Minna Niger State"", ""vc_or_provost"": ""Prof. Mohammed Aliyu Paiko"", ""year_established"": ""2023"", ""source_row_number"": ""60"", ""source_file"": ""(NUC) STATE UNIVERSITIES.md""}",https://www.nuc.edu.ng,2026-09-04,True
138,NUC,State University,"{""raw_name"": ""Kwara State University of Education, Ilorin, Kwara State"", ""vc_or_provost"": """", ""year_established"": ""2024"", ""source_row_number"": ""61"", ""source_file"": ""(NUC) STATE UNIVERSITIES.md""}",https://www.nuc.edu.ng,2026-09-04,True
139,NUC,State University,"{""raw_name"": ""Abdulsalam Abubakar University of Agriculture and Climate Action, Mokwa, Niger State"", ""vc_or_provost"": """", ""year_established"": ""2025"", ""source_row_number"": ""62"", ""source_file"": ""(NUC) STATE UNIVERSITIES.md""}",https://www.nuc.edu.ng,2026-09-04,True
140,NUC,State University,"{""raw_name"": ""Ebonyi State University of ICT, Science and Technology, Oferekpe, Ebonyi State"", ""vc_or_provost"": """", ""year_established"": ""2025"", ""source_row_number"": ""63"", ""source_file"": ""(NUC) STATE UNIVERSITIES.md""}",https://www.nuc.edu.ng,2026-09-04,True
141,NUC,State University,"{""raw_name"": ""Cross River University of Education and Entrepeneurship, Akampa, Cross River State"", ""vc_or_provost"": """", ""year_established"": ""2025"", ""source_row_number"": ""64"", ""source_file"": ""(NUC) STATE UNIVERSITIES.md""}",https://www.nuc.edu.ng,2026-09-04,True
142,NUC,State University,"{""raw_name"": ""Benue State University of Agriculture Science and Technology, Ihugh."", ""vc_or_provost"": """", ""year_established"": ""2025"", ""source_row_number"": ""65"", ""source_file"": ""(NUC) STATE UNIVERSITIES.md""}",https://www.nuc.edu.ng,2026-09-04,True
143,NUC,State University,"{""raw_name"": ""University of Aeronautics and Aerospace Engineering Ezza, Ebonyi State"", ""vc_or_provost"": """", ""year_established"": ""2025"", ""source_row_number"": ""66"", ""source_file"": ""(NUC) STATE UNIVERSITIES.md""}",https://www.nuc.edu.ng,2026-09-04,True
144,NUC,State University,"{""raw_name"": ""University of Innovation, Science and Technology, Omuma, Imo State"", ""vc_or_provost"": """", ""year_established"": ""2025"", ""source_row_number"": ""67"", ""source_file"": ""(NUC) STATE UNIVERSITIES.md""}",https://www.nuc.edu.ng,2026-09-04,True
145,NUC,State University,"{""raw_name"": ""Taraba State University of Tropical Agriculture, Science, Technology and Climate Action, Gembu"", ""vc_or_provost"": """", ""year_established"": ""2026"", ""source_row_number"": ""68"", ""source_file"": ""(NUC) STATE UNIVERSITIES.md""}",https://www.nuc.edu.ng,2026-09-04,True
146,NUC,State University,"{""raw_name"": ""Jigawa State University of Medical and Allied Health Sciences, Majia"", ""vc_or_provost"": """", ""year_established"": ""2026"", ""source_row_number"": ""69"", ""source_file"": ""(NUC) STATE UNIVERSITIES.md""}",https://www.nuc.edu.ng,2026-09-04,True
147,NUC,Private University,"{""raw_name"": ""Babcock University,Ilishan-Remo"", ""vc_or_provost"": ""Professor Ademola Stephen Tayo"", ""year_established"": ""1999"", ""source_row_number"": ""1"", ""source_file"": ""(NUC) PRIVATE UNIVERSITIES.md""}",https://www.nuc.edu.ng,2026-09-04,True
148,NUC,Private University,"{""raw_name"": ""Igbinedion University Okada"", ""vc_or_provost"": ""Professor Lawrence Ikechukwu Ezemonye"", ""year_established"": ""1999"", ""source_row_number"": ""2"", ""source_file"": ""(NUC) PRIVATE UNIVERSITIES.md""}",https://www.nuc.edu.ng,2026-09-04,True
149,NUC,Private University,"{""raw_name"": ""Madonna University, Okija"", ""vc_or_provost"": ""Prof. Uchenna Casmir Anyanwu"", ""year_established"": ""1999"", ""source_row_number"": ""3"", ""source_file"": ""(NUC) PRIVATE UNIVERSITIES.md""}",https://www.nuc.edu.ng,2026-09-04,True
150,NUC,Private University,"{""raw_name"": ""Bowen University, Iwo"", ""vc_or_provost"": ""Prof. Jonathan Oyebamiji Babalola"", ""year_established"": ""2001"", ""source_row_number"": ""4"", ""source_file"": ""(NUC) PRIVATE UNIVERSITIES.md""}",https://www.nuc.edu.ng,2026-09-04,True
151,NUC,Private University,"{""raw_name"": ""Benson Idahosa University, Benin City"", ""vc_or_provost"": ""Prof. Sam Guobadia"", ""year_established"": ""2002"", ""source_row_number"": ""5"", ""source_file"": ""(NUC) PRIVATE UNIVERSITIES.md""}",https://www.nuc.edu.ng,2026-09-04,True
152,NUC,Private University,"{""raw_name"": ""Covenant University Ota"", ""vc_or_provost"": ""Prof. Timothy A. Anake"", ""year_established"": ""2002"", ""source_row_number"": ""6"", ""source_file"": ""(NUC) PRIVATE UNIVERSITIES.md""}",https://www.nuc.edu.ng,2026-09-04,True
153,NUC,Private University,"{""raw_name"": ""Pan-Atlantic University, Lagos"", ""vc_or_provost"": ""Professor Enase Okonedo"", ""year_established"": ""2002"", ""source_row_number"": ""7"", ""source_file"": ""(NUC) PRIVATE UNIVERSITIES.md""}",https://www.nuc.edu.ng,2026-09-04,True
154,NUC,Private University,"{""raw_name"": ""American University of Nigeria, Yola"", ""vc_or_provost"": ""Dr. Dewayne Frazier"", ""year_established"": ""2003"", ""source_row_number"": ""8"", ""source_file"": ""(NUC) PRIVATE UNIVERSITIES.md""}",https://www.nuc.edu.ng,2026-09-04,True
155,NUC,Private University,"{""raw_name"": ""Ajayi Crowther University, Ibadan"", ""vc_or_provost"": ""Prof. Timothy A. Adebayo"", ""year_established"": ""2005"", ""source_row_number"": ""9"", ""source_file"": ""(NUC) PRIVATE UNIVERSITIES.md""}",https://www.nuc.edu.ng,2026-09-04,True
156,NUC,Private University,"{""raw_name"": ""Al-Hikmah University, Ilorin"", ""vc_or_provost"": ""Professor Lateef F. Oladimeji"", ""year_established"": ""2005"", ""source_row_number"": ""10"", ""source_file"": ""(NUC) PRIVATE UNIVERSITIES.md""}",https://www.nuc.edu.ng,2026-09-04,True
157,NUC,Private University,"{""raw_name"": ""Al-Qalam University, Katsina"", ""vc_or_provost"": ""Prof. Nasiru Musa Yauri"", ""year_established"": ""2005"", ""source_row_number"": ""11"", ""source_file"": ""(NUC) PRIVATE UNIVERSITIES.md""}",https://www.nuc.edu.ng,2026-09-04,True
158,NUC,Private University,"{""raw_name"": ""Bells University of Technology, Otta"", ""vc_or_provost"": ""Professor Jeremiah Ojediran"", ""year_established"": ""2005"", ""source_row_number"": ""12"", ""source_file"": ""(NUC) PRIVATE UNIVERSITIES.md""}",https://www.nuc.edu.ng,2026-09-04,True
159,NUC,Private University,"{""raw_name"": ""Bingham University, New Karu"", ""vc_or_provost"": ""Prof. Haruna Kuje Ayuba"", ""year_established"": ""2005"", ""source_row_number"": ""13"", ""source_file"": ""(NUC) PRIVATE UNIVERSITIES.md""}",https://www.nuc.edu.ng,2026-09-04,True
160,NUC,Private University,"{""raw_name"": ""Caritas University, Enugu"", ""vc_or_provost"": ""Prof. Michael Uchenna Orji"", ""year_established"": ""2005"", ""source_row_number"": ""14"", ""source_file"": ""(NUC) PRIVATE UNIVERSITIES.md""}",https://www.nuc.edu.ng,2026-09-04,True
161,NUC,Private University,"{""raw_name"": ""Crawford University Igbesa"", ""vc_or_provost"": ""Prof. Reuben Jiya Kolo"", ""year_established"": ""2005"", ""source_row_number"": ""15"", ""source_file"": ""(NUC) PRIVATE UNIVERSITIES.md""}",https://www.nuc.edu.ng,2026-09-04,True
162,NUC,Private University,"{""raw_name"": ""Crescent University"", ""vc_or_provost"": ""Professor Ibrahim Gbajabiamila"", ""year_established"": ""2005"", ""source_row_number"": ""16"", ""source_file"": ""(NUC) PRIVATE UNIVERSITIES.md""}",https://www.nuc.edu.ng,2026-09-04,True
163,NUC,Private University,"{""raw_name"": ""Kwararafa University, Wukari"", ""vc_or_provost"": ""Professor Yakubu A Ochefu"", ""year_established"": ""2005"", ""source_row_number"": ""17"", ""source_file"": ""(NUC) PRIVATE UNIVERSITIES.md""}",https://www.nuc.edu.ng,2026-09-04,True
164,NUC,Private University,"{""raw_name"": ""Lead City University, Ibadan"", ""vc_or_provost"": ""Prof. Kabiru Aderemi Adeyemo"", ""year_established"": ""2005"", ""source_row_number"": ""18"", ""source_file"": ""(NUC) PRIVATE UNIVERSITIES.md""}",https://www.nuc.edu.ng,2026-09-04,True
165,NUC,Private University,"{""raw_name"": ""Novena University, Ogume"", ""vc_or_provost"": ""Prof Chris Aniche Okoroafor"", ""year_established"": ""2005"", ""source_row_number"": ""19"", ""source_file"": ""(NUC) PRIVATE UNIVERSITIES.md""}",https://www.nuc.edu.ng,2026-09-04,True
166,NUC,Private University,"{""raw_name"": ""Redeemer's University, Ede"", ""vc_or_provost"": ""Professor Shadrach Olufemi Akindele"", ""year_established"": ""2005"", ""source_row_number"": ""20"", ""source_file"": ""(NUC) PRIVATE UNIVERSITIES.md""}",https://www.nuc.edu.ng,2026-09-04,True
167,NUC,Private University,"{""raw_name"": ""Renaissance University, Enugu"", ""vc_or_provost"": ""Professor Thaddeus Chukwuka Eze"", ""year_established"": ""2005"", ""source_row_number"": ""21"", ""source_file"": ""(NUC) PRIVATE UNIVERSITIES.md""}",https://www.nuc.edu.ng,2026-09-04,True
168,NUC,Private University,"{""raw_name"": ""University of Mkar, Mkar"", ""vc_or_provost"": ""Prof. Zacharys A. Gundu"", ""year_established"": ""2005"", ""source_row_number"": ""22"", ""source_file"": ""(NUC) PRIVATE UNIVERSITIES.md""}",https://www.nuc.edu.ng,2026-09-04,True
169,NUC,Private University,"{""raw_name"": ""Joseph Ayo Babalola University, Ikeji-Arakeji"", ""vc_or_provost"": ""Prof. Olasebikan A. Fakolujo"", ""year_established"": ""2006"", ""source_row_number"": ""23"", ""source_file"": ""(NUC) PRIVATE UNIVERSITIES.md""}",https://www.nuc.edu.ng,2026-09-04,True
170,NUC,Private University,"{""raw_name"": ""Achievers University, Owo"", ""vc_or_provost"": ""Prof. Omolola Irinoye"", ""year_established"": ""2007"", ""source_row_number"": ""24"", ""source_file"": ""(NUC) PRIVATE UNIVERSITIES.md""}",https://www.nuc.edu.ng,2026-09-04,True
171,NUC,Private University,"{""raw_name"": ""Caleb University, Lagos"", ""vc_or_provost"": ""Professor Nosa Owens-Ibie"", ""year_established"": ""2007"", ""source_row_number"": ""25"", ""source_file"": ""(NUC) PRIVATE UNIVERSITIES.md""}",https://www.nuc.edu.ng,2026-09-04,True
172,NUC,Private University,"{""raw_name"": ""Fountain Unveristy, Oshogbo"", ""vc_or_provost"": ""Prof. Olayinka Ramota"", ""year_established"": ""2007"", ""source_row_number"": ""26"", ""source_file"": ""(NUC) PRIVATE UNIVERSITIES.md""}",https://www.nuc.edu.ng,2026-09-04,True
173,NUC,Private University,"{""raw_name"": ""African University of Science and Technology, Abuja"", ""vc_or_provost"": ""Prof. Azikiwe Peter Onwualu"", ""year_established"": ""2007"", ""source_row_number"": ""27"", ""source_file"": ""(NUC) PRIVATE UNIVERSITIES.md""}",https://www.nuc.edu.ng,2026-09-04,True
174,NUC,Private University,"{""raw_name"": ""Obong University, Obong Ntak"", ""vc_or_provost"": ""Professor Udouda M Ekanemesang"", ""year_established"": ""2007"", ""source_row_number"": ""28"", ""source_file"": ""(NUC) PRIVATE UNIVERSITIES.md""}",https://www.nuc.edu.ng,2026-09-04,True
175,NUC,Private University,"{""raw_name"": ""Salem University, Lokoja"", ""vc_or_provost"": ""Professor Alewo Johnson Akubo"", ""year_established"": ""2007"", ""source_row_number"": ""29"", ""source_file"": ""(NUC) PRIVATE UNIVERSITIES.md""}",https://www.nuc.edu.ng,2026-09-04,True
176,NUC,Private University,"{""raw_name"": ""Tansian University, Umunya"", ""vc_or_provost"": ""Prof. Eugene Okoye Nwadialor"", ""year_established"": ""2007"", ""source_row_number"": ""30"", ""source_file"": ""(NUC) PRIVATE UNIVERSITIES.md""}",https://www.nuc.edu.ng,2026-09-04,True
177,NUC,Private University,"{""raw_name"": ""Veritas University, Abuja"", ""vc_or_provost"": ""Prof. Yacinth E. Ichoku"", ""year_established"": ""2007"", ""source_row_number"": ""31"", ""source_file"": ""(NUC) PRIVATE UNIVERSITIES.md""}",https://www.nuc.edu.ng,2026-09-04,True
178,NUC,Private University,"{""raw_name"": ""Wesley University Ondo"", ""vc_or_provost"": ""Prof. Samuel Sunday Obeka"", ""year_established"": ""2007"", ""source_row_number"": ""32"", ""source_file"": ""(NUC) PRIVATE UNIVERSITIES.md""}",https://www.nuc.edu.ng,2026-09-04,True
179,NUC,Private University,"{""raw_name"": ""Western Delta University, Oghara Delta State"", ""vc_or_provost"": ""Prof. Augustine Ikelegbe"", ""year_established"": ""2007"", ""source_row_number"": ""33"", ""source_file"": ""(NUC) PRIVATE UNIVERSITIES.md""}",https://www.nuc.edu.ng,2026-09-04,True
180,NUC,Private University,"{""raw_name"": ""Afe Babalola University, Ado-Ekiti - Ekiti State"", ""vc_or_provost"": ""Prof. E. Smaranda Olarinde"", ""year_established"": ""2009"", ""source_row_number"": ""34"", ""source_file"": ""(NUC) PRIVATE UNIVERSITIES.md""}",https://www.nuc.edu.ng,2026-09-04,True
181,NUC,Private University,"{""raw_name"": ""Godfrey Okoye University, Ugwuomu-Nike - Enugu State"", ""vc_or_provost"": ""Prof. (Revd.) Chikelu. Anieke"", ""year_established"": ""2009"", ""source_row_number"": ""35"", ""source_file"": ""(NUC) PRIVATE UNIVERSITIES.md""}",https://www.nuc.edu.ng,2026-09-04,True
182,NUC,Private University,"{""raw_name"": ""Nile University of Nigeria, Abuja"", ""vc_or_provost"": ""Prof. Dilli Dogo"", ""year_established"": ""2009"", ""source_row_number"": ""36"", ""source_file"": ""(NUC) PRIVATE UNIVERSITIES.md""}",https://www.nuc.edu.ng,2026-09-04,True
183,NUC,Private University,"{""raw_name"": ""Oduduwa University, Ipetumodu - Osun State"", ""vc_or_provost"": ""Prof. Benjamin Segun Aribisala"", ""year_established"": ""2009"", ""source_row_number"": ""37"", ""source_file"": ""(NUC) PRIVATE UNIVERSITIES.md""}",https://www.nuc.edu.ng,2026-09-04,True
184,NUC,Private University,"{""raw_name"": ""Paul University, Awka - Anambra State"", ""vc_or_provost"": ""Prof. Uche C. Isiugo-Abanihe"", ""year_established"": ""2009"", ""source_row_number"": ""38"", ""source_file"": ""(NUC) PRIVATE UNIVERSITIES.md""}",https://www.nuc.edu.ng,2026-09-04,True
185,NUC,Private University,"{""raw_name"": ""Rhema University, Obeama-Asa - Rivers State"", ""vc_or_provost"": ""Professor Ogbonnaya Onwudike"", ""year_established"": ""2009"", ""source_row_number"": ""39"", ""source_file"": ""(NUC) PRIVATE UNIVERSITIES.md""}",https://www.nuc.edu.ng,2026-09-04,True
186,NUC,Private University,"{""raw_name"": ""Wellspring University, Evbuobanosa - Edo State"", ""vc_or_provost"": ""Prof. Isaac Rotimi Ajayi"", ""year_established"": ""2009"", ""source_row_number"": ""40"", ""source_file"": ""(NUC) PRIVATE UNIVERSITIES.md""}",https://www.nuc.edu.ng,2026-09-04,True
187,NUC,Private University,"{""raw_name"": ""Adeleke University, Ede"", ""vc_or_provost"": ""Prof. Solomon Ajayi Adebola"", ""year_established"": ""2011"", ""source_row_number"": ""41"", ""source_file"": ""(NUC) PRIVATE UNIVERSITIES.md""}",https://www.nuc.edu.ng,2026-09-04,True
188,NUC,Private University,"{""raw_name"": ""Baze University"", ""vc_or_provost"": ""Prof. Biodun Adeniyi"", ""year_established"": ""2011"", ""source_row_number"": ""42"", ""source_file"": ""(NUC) PRIVATE UNIVERSITIES.md""}",https://www.nuc.edu.ng,2026-09-04,True
189,NUC,Private University,"{""raw_name"": ""Landmark University, Omu-Aran."", ""vc_or_provost"": ""Prof. Kolawole O. Ajanaku"", ""year_established"": ""2011"", ""source_row_number"": ""43"", ""source_file"": ""(NUC) PRIVATE UNIVERSITIES.md""}",https://www.nuc.edu.ng,2026-09-04,True
190,NUC,Private University,"{""raw_name"": ""Glorious Vision University, Ogwa, Edo State."", ""vc_or_provost"": ""Professor Ezekiel Shegun Asemah"", ""year_established"": ""2011"", ""source_row_number"": ""44"", ""source_file"": ""(NUC) PRIVATE UNIVERSITIES.md""}",https://www.nuc.edu.ng,2026-09-04,True
191,NUC,Private University,"{""raw_name"": ""Elizade University, Ilara-Mokin"", ""vc_or_provost"": ""Prof. Kayode Ijadunola"", ""year_established"": ""2012"", ""source_row_number"": ""45"", ""source_file"": ""(NUC) PRIVATE UNIVERSITIES.md""}",https://www.nuc.edu.ng,2026-09-04,True
192,NUC,Private University,"{""raw_name"": ""Evangel University, Akaeze"", ""vc_or_provost"": ""Prof. I U Kalu"", ""year_established"": ""2012"", ""source_row_number"": ""46"", ""source_file"": ""(NUC) PRIVATE UNIVERSITIES.md""}",https://www.nuc.edu.ng,2026-09-04,True
193,NUC,Private University,"{""raw_name"": ""Gregory University, Uturu"", ""vc_or_provost"": ""Prof. Celestine U. Njoku"", ""year_established"": ""2012"", ""source_row_number"": ""47"", ""source_file"": ""(NUC) PRIVATE UNIVERSITIES.md""}",https://www.nuc.edu.ng,2026-09-04,True
194,NUC,Private University,"{""raw_name"": ""Mcpherson University, Seriki Sotayo, Ajebo"", ""vc_or_provost"": ""Prof. Adegbaye F. Igbasan"", ""year_established"": ""2012"", ""source_row_number"": ""48"", ""source_file"": ""(NUC) PRIVATE UNIVERSITIES.md""}",https://www.nuc.edu.ng,2026-09-04,True
195,NUC,Private University,"{""raw_name"": ""Southwestern University, Oku Owa"", ""vc_or_provost"": ""Prof. Babatunde Odufuwa"", ""year_established"": ""2012"", ""source_row_number"": ""49"", ""source_file"": ""(NUC) PRIVATE UNIVERSITIES.md""}",https://www.nuc.edu.ng,2026-09-04,True
196,NUC,Private University,"{""raw_name"": ""Augustine University"", ""vc_or_provost"": ""Prof. Christopher Odetunde"", ""year_established"": ""2015"", ""source_row_number"": ""50"", ""source_file"": ""(NUC) PRIVATE UNIVERSITIES.md""}",https://www.nuc.edu.ng,2026-09-04,True
197,NUC,Private University,"{""raw_name"": ""Chrisland University"", ""vc_or_provost"": ""Prof. Arulogun, Oyedunni 'Sola"", ""year_established"": ""2015"", ""source_row_number"": ""51"", ""source_file"": ""(NUC) PRIVATE UNIVERSITIES.md""}",https://www.nuc.edu.ng,2026-09-04,True
198,NUC,Private University,"{""raw_name"": ""Edwin Clark University, Kaigbodo"", ""vc_or_provost"": ""Prof. S.C.O. Ugbolue (Ag.)"", ""year_established"": ""2015"", ""source_row_number"": ""52"", ""source_file"": ""(NUC) PRIVATE UNIVERSITIES.md""}",https://www.nuc.edu.ng,2026-09-04,True
199,NUC,Private University,"{""raw_name"": ""Hallmark University, Ijebi Itele, Ogun"", ""vc_or_provost"": ""Prof. Segun Odunola"", ""year_established"": ""2015"", ""source_row_number"": ""53"", ""source_file"": ""(NUC) PRIVATE UNIVERSITIES.md""}",https://www.nuc.edu.ng,2026-09-04,True
200,NUC,Private University,"{""raw_name"": ""Hezekiah University, Umudi"", ""vc_or_provost"": ""Prof. Chiedozie O. Ibegbulem"", ""year_established"": ""2015"", ""source_row_number"": ""54"", ""source_file"": ""(NUC) PRIVATE UNIVERSITIES.md""}",https://www.nuc.edu.ng,2026-09-04,True
201,NUC,Private University,"{""raw_name"": ""Kings University, Ode Omu"", ""vc_or_provost"": ""Prof. Adenike Kuku"", ""year_established"": ""2015"", ""source_row_number"": ""55"", ""source_file"": ""(NUC) PRIVATE UNIVERSITIES.md""}",https://www.nuc.edu.ng,2026-09-04,True
202,NUC,Private University,"{""raw_name"": ""Micheal & Cecilia Ibru University"", ""vc_or_provost"": ""Prof. (Mrs.) Ibiynka A. Fuwape"", ""year_established"": ""2015"", ""source_row_number"": ""56"", ""source_file"": ""(NUC) PRIVATE UNIVERSITIES.md""}",https://www.nuc.edu.ng,2026-09-04,True
203,NUC,Private University,"{""raw_name"": ""Mountain Top University"", ""vc_or_provost"": ""Prof Elijah Ayolabi"", ""year_established"": ""2015"", ""source_row_number"": ""57"", ""source_file"": ""(NUC) PRIVATE UNIVERSITIES.md""}",https://www.nuc.edu.ng,2026-09-04,True
204,NUC,Private University,"{""raw_name"": ""Ritman University, Ikot Ekpene, Akwa Ibom"", ""vc_or_provost"": ""Prof. Akan Bassey Wiiliams"", ""year_established"": ""2015"", ""source_row_number"": ""58"", ""source_file"": ""(NUC) PRIVATE UNIVERSITIES.md""}",https://www.nuc.edu.ng,2026-09-04,True
205,NUC,Private University,"{""raw_name"": ""Summit University, Offa"", ""vc_or_provost"": ""Prof. Abiodun Musa Aibinu"", ""year_established"": ""2015"", ""source_row_number"": ""59"", ""source_file"": ""(NUC) PRIVATE UNIVERSITIES.md""}",https://www.nuc.edu.ng,2026-09-04,True
206,NUC,Private University,"{""raw_name"": ""Christopher University Mowe"", ""vc_or_provost"": ""Prof. Ngozika Marian Mbajiorgu"", ""year_established"": ""2015"", ""source_row_number"": ""60"", ""source_file"": ""(NUC) PRIVATE UNIVERSITIES.md""}",https://www.nuc.edu.ng,2026-09-04,True
207,NUC,Private University,"{""raw_name"": ""Kola Daisi University Ibadan, Oyo State"", ""vc_or_provost"": ""Prof. Adeniyi Olatunbosun"", ""year_established"": ""2016"", ""source_row_number"": ""61"", ""source_file"": ""(NUC) PRIVATE UNIVERSITIES.md""}",https://www.nuc.edu.ng,2026-09-04,True
208,NUC,Private University,"{""raw_name"": ""Anchor University Ayobo Lagos State"", ""vc_or_provost"": ""Prof. Samuel Oye-Bandele"", ""year_established"": ""2016"", ""source_row_number"": ""62"", ""source_file"": ""(NUC) PRIVATE UNIVERSITIES.md""}",https://www.nuc.edu.ng,2026-09-04,True
209,NUC,Private University,"{""raw_name"": ""Dominican University Ibadan Oyo State"", ""vc_or_provost"": ""Prof. Jacinta Opara"", ""year_established"": ""2016"", ""source_row_number"": ""63"", ""source_file"": ""(NUC) PRIVATE UNIVERSITIES.md""}",https://www.nuc.edu.ng,2026-09-04,True
210,NUC,Private University,"{""raw_name"": ""Legacy University, Okija Anambra State"", ""vc_or_provost"": ""Prof. Ezekiel Ihionu"", ""year_established"": ""2016"", ""source_row_number"": ""64"", ""source_file"": ""(NUC) PRIVATE UNIVERSITIES.md""}",https://www.nuc.edu.ng,2026-09-04,True
211,NUC,Private University,"{""raw_name"": ""Arthur Javis University Akpoyubo Cross river State"", ""vc_or_provost"": ""Prof. Joseph Edet (Ag)"", ""year_established"": ""2016"", ""source_row_number"": ""65"", ""source_file"": ""(NUC) PRIVATE UNIVERSITIES.md""}",https://www.nuc.edu.ng,2026-09-04,True
212,NUC,Private University,"{""raw_name"": ""Ojaja University Eiyenkorin, Kwara State"", ""vc_or_provost"": ""Prof. Jeleel Olasunkanmi, Ojuade"", ""year_established"": ""2016"", ""source_row_number"": ""66"", ""source_file"": ""(NUC) PRIVATE UNIVERSITIES.md""}",https://www.nuc.edu.ng,2026-09-04,True
213,NUC,Private University,"{""raw_name"": ""Coal City University Enugu State"", ""vc_or_provost"": ""Prof. Afam Icha-Ituma"", ""year_established"": ""2016"", ""source_row_number"": ""67"", ""source_file"": ""(NUC) PRIVATE UNIVERSITIES.md""}",https://www.nuc.edu.ng,2026-09-04,True
214,NUC,Private University,"{""raw_name"": ""Clifford University Owerrinta Abia State"", ""vc_or_provost"": ""Prof. Chimezie A Omeonu"", ""year_established"": ""2016"", ""source_row_number"": ""68"", ""source_file"": ""(NUC) PRIVATE UNIVERSITIES.md""}",https://www.nuc.edu.ng,2026-09-04,True
215,NUC,Private University,"{""raw_name"": ""Spiritan University, Nneochi Abia State"", ""vc_or_provost"": ""Prof. Remy Onyewuenyi"", ""year_established"": ""2017"", ""source_row_number"": ""69"", ""source_file"": ""(NUC) PRIVATE UNIVERSITIES.md""}",https://www.nuc.edu.ng,2026-09-04,True
216,NUC,Private University,"{""raw_name"": ""Precious Cornerstone University, Oyo"", ""vc_or_provost"": ""Prof. Timothy O. Adejumo"", ""year_established"": ""2017"", ""source_row_number"": ""70"", ""source_file"": ""(NUC) PRIVATE UNIVERSITIES.md""}",https://www.nuc.edu.ng,2026-09-04,True
217,NUC,Private University,"{""raw_name"": ""PAMO University of Medical Sciences, Portharcourt"", ""vc_or_provost"": ""Prof. Christie N. Mato (Ag.) *"", ""year_established"": ""2017"", ""source_row_number"": ""71"", ""source_file"": ""(NUC) PRIVATE UNIVERSITIES.md""}",https://www.nuc.edu.ng,2026-09-04,True
218,NUC,Private University,"{""raw_name"": ""Atiba University Oyo"", ""vc_or_provost"": ""Prof Sunday Okeniyi"", ""year_established"": ""2017"", ""source_row_number"": ""72"", ""source_file"": ""(NUC) PRIVATE UNIVERSITIES.md""}",https://www.nuc.edu.ng,2026-09-04,True
219,NUC,Private University,"{""raw_name"": ""Eko University of Medical and Health Sciences Ijanikin, Lagos"", ""vc_or_provost"": ""Prof. Olusoga Adekunle Sofola"", ""year_established"": ""2017"", ""source_row_number"": ""73"", ""source_file"": ""(NUC) PRIVATE UNIVERSITIES.md""}",https://www.nuc.edu.ng,2026-09-04,True
220,NUC,Private University,"{""raw_name"": ""Skyline University, Kano"", ""vc_or_provost"": ""Dr. Ajith Kumar V V"", ""year_established"": ""2018"", ""source_row_number"": ""74"", ""source_file"": ""(NUC) PRIVATE UNIVERSITIES.md""}",https://www.nuc.edu.ng,2026-09-04,True
221,NUC,Private University,"{""raw_name"": ""Greenfield University, Kaduna"", ""vc_or_provost"": ""Prof. Simon K. Daniel (Ag.)"", ""year_established"": ""2019"", ""source_row_number"": ""75"", ""source_file"": ""(NUC) PRIVATE UNIVERSITIES.md""}",https://www.nuc.edu.ng,2026-09-04,True
222,NUC,Private University,"{""raw_name"": ""Dominion University Ibadan, Oyo State"", ""vc_or_provost"": ""Prof Olajide A. Olorunisola"", ""year_established"": ""2019"", ""source_row_number"": ""76"", ""source_file"": ""(NUC) PRIVATE UNIVERSITIES.md""}",https://www.nuc.edu.ng,2026-09-04,True
223,NUC,Private University,"{""raw_name"": ""Trinity University Ogun State"", ""vc_or_provost"": ""Prof. Clement O.O. Kolawole"", ""year_established"": ""2019"", ""source_row_number"": ""77"", ""source_file"": ""(NUC) PRIVATE UNIVERSITIES.md""}",https://www.nuc.edu.ng,2026-09-04,True
224,NUC,Private University,"{""raw_name"": ""Westland University Iwo, Osun State"", ""vc_or_provost"": ""Prof. Oshiotse A. Okwilagwe"", ""year_established"": ""2019"", ""source_row_number"": ""78"", ""source_file"": ""(NUC) PRIVATE UNIVERSITIES.md""}",https://www.nuc.edu.ng,2026-09-04,True
225,NUC,Private University,"{""raw_name"": ""Topfaith University, Mkpatak, Akwa Ibom State"", ""vc_or_provost"": ""Prof. Patrick James Ebewo"", ""year_established"": ""2021"", ""source_row_number"": ""79"", ""source_file"": ""(NUC) PRIVATE UNIVERSITIES.md""}",https://www.nuc.edu.ng,2026-09-04,True
226,NUC,Private University,"{""raw_name"": ""Thomas Adewumi University, Oko-Irese, Kwara State"", ""vc_or_provost"": ""Professor Francisca Oladipo"", ""year_established"": ""2021"", ""source_row_number"": ""80"", ""source_file"": ""(NUC) PRIVATE UNIVERSITIES.md""}",https://www.nuc.edu.ng,2026-09-04,True
227,NUC,Private University,"{""raw_name"": ""Maranatha University, Lagos"", ""vc_or_provost"": ""Prof. Prof. Rufus Akinyele"", ""year_established"": ""2021"", ""source_row_number"": ""81"", ""source_file"": ""(NUC) PRIVATE UNIVERSITIES.md""}",https://www.nuc.edu.ng,2026-09-04,True
228,NUC,Private University,"{""raw_name"": ""Ave Maria University, Piyanko, Nasarawa State"", ""vc_or_provost"": ""Prof. Ignatius A. Onimawo"", ""year_established"": ""2021"", ""source_row_number"": ""82"", ""source_file"": ""(NUC) PRIVATE UNIVERSITIES.md""}",https://www.nuc.edu.ng,2026-09-04,True
229,NUC,Private University,"{""raw_name"": ""Al-Istiqama University, Sumaila, Kano State"", ""vc_or_provost"": ""Prof. Abdulhadi Sale Kumurya"", ""year_established"": ""2021"", ""source_row_number"": ""83"", ""source_file"": ""(NUC) PRIVATE UNIVERSITIES.md""}",https://www.nuc.edu.ng,2026-09-04,True
230,NUC,Private University,"{""raw_name"": ""Mudiame University, Irrua, Edo State"", ""vc_or_provost"": ""Prof. Emmanuel Aluyor"", ""year_established"": ""2021"", ""source_row_number"": ""84"", ""source_file"": ""(NUC) PRIVATE UNIVERSITIES.md""}",https://www.nuc.edu.ng,2026-09-04,True
231,NUC,Private University,"{""raw_name"": ""Havilla University, Nde-Ikom, Cross River State"", ""vc_or_provost"": ""Prof. Ejor Tiku Ntuokwa"", ""year_established"": ""2021"", ""source_row_number"": ""85"", ""source_file"": ""(NUC) PRIVATE UNIVERSITIES.md""}",https://www.nuc.edu.ng,2026-09-04,True
232,NUC,Private University,"{""raw_name"": ""Claretian University of Nigeria, Nekede, Imo State"", ""vc_or_provost"": ""Rev. Fr. Wenceslaus Madu"", ""year_established"": ""2021"", ""source_row_number"": ""86"", ""source_file"": ""(NUC) PRIVATE UNIVERSITIES.md""}",https://www.nuc.edu.ng,2026-09-04,True
233,NUC,Private University,"{""raw_name"": ""Karl-Kumm University, Vom, Plateau State"", ""vc_or_provost"": ""Prof. Nanven Audu Gambo"", ""year_established"": ""2021"", ""source_row_number"": ""87"", ""source_file"": ""(NUC) PRIVATE UNIVERSITIES.md""}",https://www.nuc.edu.ng,2026-09-04,True
234,NUC,Private University,"{""raw_name"": ""James Hope University, Lagos, Lagos State"", ""vc_or_provost"": ""Prof. Oluyele Akinkugbe"", ""year_established"": ""2021"", ""source_row_number"": ""88"", ""source_file"": ""(NUC) PRIVATE UNIVERSITIES.md""}",https://www.nuc.edu.ng,2026-09-04,True
235,NUC,Private University,"{""raw_name"": ""Maryam Abacha American University of Nigeria, Kano State"", ""vc_or_provost"": ""Prof. Mohammad Israr"", ""year_established"": ""2021"", ""source_row_number"": ""89"", ""source_file"": ""(NUC) PRIVATE UNIVERSITIES.md""}",https://www.nuc.edu.ng,2026-09-04,True
236,NUC,Private University,"{""raw_name"": ""Capital City University, Kano State"", ""vc_or_provost"": ""Prof Sadiq Zubair Abubakar"", ""year_established"": ""2021"", ""source_row_number"": ""90"", ""source_file"": ""(NUC) PRIVATE UNIVERSITIES.md""}",https://www.nuc.edu.ng,2026-09-04,True
237,NUC,Private University,"{""raw_name"": ""Ahman Pategi University, Kwara State"", ""vc_or_provost"": ""Prof. Adebola Mahfouz Adedimeji"", ""year_established"": ""2021"", ""source_row_number"": ""91"", ""source_file"": ""(NUC) PRIVATE UNIVERSITIES.md""}",https://www.nuc.edu.ng,2026-09-04,True
238,NUC,Private University,"{""raw_name"": ""University of Offa, Kwara State"", ""vc_or_provost"": ""Prof. Musa Aibinu"", ""year_established"": ""2021"", ""source_row_number"": ""92"", ""source_file"": ""(NUC) PRIVATE UNIVERSITIES.md""}",https://www.nuc.edu.ng,2026-09-04,True
239,NUC,Private University,"{""raw_name"": ""Mewar International University, Masaka, Nasarawa State"", ""vc_or_provost"": ""Ag. VC Prof. Olabode Agunbiade"", ""year_established"": ""2021"", ""source_row_number"": ""93"", ""source_file"": ""(NUC) PRIVATE UNIVERSITIES.md""}",https://www.nuc.edu.ng,2026-09-04,True
240,NUC,Private University,"{""raw_name"": ""Edusoko University, Bida, Niger State"", ""vc_or_provost"": ""Prof. M.A.T Suleiman"", ""year_established"": ""2021"", ""source_row_number"": ""94"", ""source_file"": ""(NUC) PRIVATE UNIVERSITIES.md""}",https://www.nuc.edu.ng,2026-09-04,True
241,NUC,Private University,"{""raw_name"": ""Philomath University, Kuje, Abuja"", ""vc_or_provost"": ""Prof. Gylych Jelilov"", ""year_established"": ""2021"", ""source_row_number"": ""95"", ""source_file"": ""(NUC) PRIVATE UNIVERSITIES.md""}",https://www.nuc.edu.ng,2026-09-04,True
242,NUC,Private University,"{""raw_name"": ""Anan University, Kwall, Plateau State"", ""vc_or_provost"": ""Prof. Inuwa Musa-Fodio"", ""year_established"": ""2021"", ""source_row_number"": ""96"", ""source_file"": ""(NUC) PRIVATE UNIVERSITIES.md""}",https://www.nuc.edu.ng,2026-09-04,True
243,NUC,Private University,"{""raw_name"": ""North Eastern University, Gombe"", ""vc_or_provost"": ""Prof. Yusuph Amuda Yahaya"", ""year_established"": ""2022"", ""source_row_number"": ""97"", ""source_file"": ""(NUC) PRIVATE UNIVERSITIES.md""}",https://www.nuc.edu.ng,2026-09-04,True
244,NUC,Private University,"{""raw_name"": ""Al-Ansar University, Maiduguri, Borno"", ""vc_or_provost"": ""Prof. Fanna Abdulrahman (Ag.)"", ""year_established"": ""2022"", ""source_row_number"": ""98"", ""source_file"": ""(NUC) PRIVATE UNIVERSITIES.md""}",https://www.nuc.edu.ng,2026-09-04,True
245,NUC,Private University,"{""raw_name"": ""Margaret Lawrence University, Umunede, Delta State"", ""vc_or_provost"": ""Prof. Ernest Izevbigie"", ""year_established"": ""2022"", ""source_row_number"": ""99"", ""source_file"": ""(NUC) PRIVATE UNIVERSITIES.md""}",https://www.nuc.edu.ng,2026-09-04,True
246,NUC,Private University,"{""raw_name"": ""Khalifa Isiyaku Rabiu University, Kano"", ""vc_or_provost"": """", ""year_established"": ""2022"", ""source_row_number"": ""100"", ""source_file"": ""(NUC) PRIVATE UNIVERSITIES.md""}",https://www.nuc.edu.ng,2026-09-04,True
247,NUC,Private University,"{""raw_name"": ""Sports University, Idumuje, Ugboko, Delta State"", ""vc_or_provost"": ""Prof. Nduka Uraih"", ""year_established"": ""2022"", ""source_row_number"": ""101"", ""source_file"": ""(NUC) PRIVATE UNIVERSITIES.md""}",https://www.nuc.edu.ng,2026-09-04,True
248,NUC,Private University,"{""raw_name"": ""Baba Ahmed University, Kano State"", ""vc_or_provost"": ""Prof. Adamu Idris Tanko"", ""year_established"": ""2022"", ""source_row_number"": ""102"", ""source_file"": ""(NUC) PRIVATE UNIVERSITIES.md""}",https://www.nuc.edu.ng,2026-09-04,True
249,NUC,Private University,"{""raw_name"": ""Saisa University of Medical Sciences and Technology, Sokoto State"", ""vc_or_provost"": ""Prof. Abdullahi S. Mainasara"", ""year_established"": ""2022"", ""source_row_number"": ""103"", ""source_file"": ""(NUC) PRIVATE UNIVERSITIES.md""}",https://www.nuc.edu.ng,2026-09-04,True
250,NUC,Private University,"{""raw_name"": ""Nigerian British University, Asa, Abia State"", ""vc_or_provost"": ""Professor Hakeem Fawehinmi,"", ""year_established"": ""2022"", ""source_row_number"": ""104"", ""source_file"": ""(NUC) PRIVATE UNIVERSITIES.md""}",https://www.nuc.edu.ng,2026-09-04,True
251,NUC,Private University,"{""raw_name"": ""Peter University, Achina-Onneh Anambra State"", ""vc_or_provost"": ""Rv. Fr. Prof. Emmanuel C. Umezinwa"", ""year_established"": ""2022"", ""source_row_number"": ""105"", ""source_file"": ""(NUC) PRIVATE UNIVERSITIES.md""}",https://www.nuc.edu.ng,2026-09-04,True
252,NUC,Private University,"{""raw_name"": ""Newgate University, MInna, Niger State."", ""vc_or_provost"": ""Prof. Sadiq Yusuf"", ""year_established"": ""2022"", ""source_row_number"": ""106"", ""source_file"": ""(NUC) PRIVATE UNIVERSITIES.md""}",https://www.nuc.edu.ng,2026-09-04,True
253,NUC,Private University,"{""raw_name"": ""European University of Nigeria, Duboyi, FCT"", ""vc_or_provost"": """", ""year_established"": ""2022"", ""source_row_number"": ""107"", ""source_file"": ""(NUC) PRIVATE UNIVERSITIES.md""}",https://www.nuc.edu.ng,2026-09-04,True
254,NUC,Private University,"{""raw_name"": ""NorthWest University Sokoto State"", ""vc_or_provost"": ""Prof. Ahmed Maigari Ibrahim"", ""year_established"": ""2022"", ""source_row_number"": ""108"", ""source_file"": ""(NUC) PRIVATE UNIVERSITIES.md""}",https://www.nuc.edu.ng,2026-09-04,True
255,NUC,Private University,"{""raw_name"": ""Rayhaan University, Kebbi"", ""vc_or_provost"": ""Prof. M. L. Ahmadu"", ""year_established"": ""2023"", ""source_row_number"": ""109"", ""source_file"": ""(NUC) PRIVATE UNIVERSITIES.md""}",https://www.nuc.edu.ng,2026-09-04,True
256,NUC,Private University,"{""raw_name"": ""Muhammad Kamalud University Kwara"", ""vc_or_provost"": """", ""year_established"": ""2023"", ""source_row_number"": ""110"", ""source_file"": ""(NUC) PRIVATE UNIVERSITIES.md""}",https://www.nuc.edu.ng,2026-09-04,True
257,NUC,Private University,"{""raw_name"": ""Sam Maris University, Ondo"", ""vc_or_provost"": ""Prof. Francis A Gbore"", ""year_established"": ""2023"", ""source_row_number"": ""111"", ""source_file"": ""(NUC) PRIVATE UNIVERSITIES.md""}",https://www.nuc.edu.ng,2026-09-04,True
258,NUC,Private University,"{""raw_name"": ""Aletheia University, Ago-Iwoye Ogun State"", ""vc_or_provost"": ""Prof. Kayode D. Akinyemi"", ""year_established"": ""2023"", ""source_row_number"": ""112"", ""source_file"": ""(NUC) PRIVATE UNIVERSITIES.md""}",https://www.nuc.edu.ng,2026-09-04,True
259,NUC,Private University,"{""raw_name"": ""Lux Mundi University Umuahia, Abia State"", ""vc_or_provost"": """", ""year_established"": ""2023"", ""source_row_number"": ""113"", ""source_file"": ""(NUC) PRIVATE UNIVERSITIES.md""}",https://www.nuc.edu.ng,2026-09-04,True
260,NUC,Private University,"{""raw_name"": ""Maduka University, Ekwegbe, Enugu State"", ""vc_or_provost"": ""Prof. Charles Ogbulogo"", ""year_established"": ""2023"", ""source_row_number"": ""114"", ""source_file"": ""(NUC) PRIVATE UNIVERSITIES.md""}",https://www.nuc.edu.ng,2026-09-04,True
261,NUC,Private University,"{""raw_name"": ""PeaceLand University, Enugu State"", ""vc_or_provost"": ""Rev. Fr. Prof. Leo Olechukwu"", ""year_established"": ""2023"", ""source_row_number"": ""115"", ""source_file"": ""(NUC) PRIVATE UNIVERSITIES.md""}",https://www.nuc.edu.ng,2026-09-04,True
262,NUC,Private University,"{""raw_name"": ""Amadeus University, Amizi, Abia State"", ""vc_or_provost"": """", ""year_established"": ""2023"", ""source_row_number"": ""116"", ""source_file"": ""(NUC) PRIVATE UNIVERSITIES.md""}",https://www.nuc.edu.ng,2026-09-04,True
263,NUC,Private University,"{""raw_name"": ""Vision University, Ikogbo, Ogun State"", ""vc_or_provost"": ""Prof. Benjamin Ekenym"", ""year_established"": ""2023"", ""source_row_number"": ""117"", ""source_file"": ""(NUC) PRIVATE UNIVERSITIES.md""}",https://www.nuc.edu.ng,2026-09-04,True
264,NUC,Private University,"{""raw_name"": ""Azman University, Kano State"", ""vc_or_provost"": ""Prof. Fatima Batul Mukhtar"", ""year_established"": ""2023"", ""source_row_number"": ""118"", ""source_file"": ""(NUC) PRIVATE UNIVERSITIES.md""}",https://www.nuc.edu.ng,2026-09-04,True
265,NUC,Private University,"{""raw_name"": ""Huda University, Gusau, Zamafara State"", ""vc_or_provost"": ""Prof. Muhammad Zubair"", ""year_established"": ""2023"", ""source_row_number"": ""119"", ""source_file"": ""(NUC) PRIVATE UNIVERSITIES.md""}",https://www.nuc.edu.ng,2026-09-04,True
266,NUC,Private University,"{""raw_name"": ""Franco British International University, Kaduna State"", ""vc_or_provost"": ""Prof. Abdullahi Sabo Muhammad"", ""year_established"": ""2023"", ""source_row_number"": ""120"", ""source_file"": ""(NUC) PRIVATE UNIVERSITIES.md""}",https://www.nuc.edu.ng,2026-09-04,True
267,NUC,Private University,"{""raw_name"": ""Canadian University of Nigeria, Abuja"", ""vc_or_provost"": """", ""year_established"": ""2023"", ""source_row_number"": ""121"", ""source_file"": ""(NUC) PRIVATE UNIVERSITIES.md""}",https://www.nuc.edu.ng,2026-09-04,True
268,NUC,Private University,"{""raw_name"": ""Gerar University of Medical Science Imope Ijebu, Ogun State."", ""vc_or_provost"": """", ""year_established"": ""2023"", ""source_row_number"": ""122"", ""source_file"": ""(NUC) PRIVATE UNIVERSITIES.md""}",https://www.nuc.edu.ng,2026-09-04,True
269,NUC,Private University,"{""raw_name"": ""British Canadian University, Obufu Cross River State"", ""vc_or_provost"": ""Prof. A. A. Atayero"", ""year_established"": ""2023"", ""source_row_number"": ""123"", ""source_file"": ""(NUC) PRIVATE UNIVERSITIES.md""}",https://www.nuc.edu.ng,2026-09-04,True
270,NUC,Private University,"{""raw_name"": ""Hensard University, Toru-Orua, Sagbama, Bayelsa State"", ""vc_or_provost"": ""Prof. Dileep Kumar M."", ""year_established"": ""2023"", ""source_row_number"": ""124"", ""source_file"": ""(NUC) PRIVATE UNIVERSITIES.md""}",https://www.nuc.edu.ng,2026-09-04,True
271,NUC,Private University,"{""raw_name"": ""Amaj University, Kwali, Abuja"", ""vc_or_provost"": """", ""year_established"": ""2023"", ""source_row_number"": ""125"", ""source_file"": ""(NUC) PRIVATE UNIVERSITIES.md""}",https://www.nuc.edu.ng,2026-09-04,True
272,NUC,Private University,"{""raw_name"": ""Phoenix University, Agwada, Nasarawa State"", ""vc_or_provost"": ""Prof. Abdullahi Bala"", ""year_established"": ""2023"", ""source_row_number"": ""126"", ""source_file"": ""(NUC) PRIVATE UNIVERSITIES.md""}",https://www.nuc.edu.ng,2026-09-04,True
273,NUC,Private University,"{""raw_name"": ""Wigwe University, Isiokpo Rivers State"", ""vc_or_provost"": ""Prof. Marwan Al-Akaidi"", ""year_established"": ""2023"", ""source_row_number"": ""127"", ""source_file"": ""(NUC) PRIVATE UNIVERSITIES.md""}",https://www.nuc.edu.ng,2026-09-04,True
274,NUC,Private University,"{""raw_name"": ""Hillside University of Science and Technology, Okemisi, Ekiti State"", ""vc_or_provost"": ""Prof. Iheanyichukwu Okey Okoro"", ""year_established"": ""2023"", ""source_row_number"": ""128"", ""source_file"": ""(NUC) PRIVATE UNIVERSITIES.md""}",https://www.nuc.edu.ng,2026-09-04,True
275,NUC,Private University,"{""raw_name"": ""University on the Niger, Umunya, Anambra state"", ""vc_or_provost"": ""Prof. Chinedu Nebo"", ""year_established"": ""2023"", ""source_row_number"": ""129"", ""source_file"": ""(NUC) PRIVATE UNIVERSITIES.md""}",https://www.nuc.edu.ng,2026-09-04,True
276,NUC,Private University,"{""raw_name"": ""Elrazi Medical University Yargaya University, Kano State"", ""vc_or_provost"": """", ""year_established"": ""2023"", ""source_row_number"": ""130"", ""source_file"": ""(NUC) PRIVATE UNIVERSITIES.md""}",https://www.nuc.edu.ng,2026-09-04,True
277,NUC,Private University,"{""raw_name"": ""Venite University, Iloro-Ekiti, Ekiti State"", ""vc_or_provost"": ""Prof. Charity O. Aremu"", ""year_established"": ""2023"", ""source_row_number"": ""131"", ""source_file"": ""(NUC) PRIVATE UNIVERSITIES.md""}",https://www.nuc.edu.ng,2026-09-04,True
278,NUC,Private University,"{""raw_name"": ""Shanahan University Onitsha, Anambra State"", ""vc_or_provost"": ""Rev. Fr. Prof. Dominic Obielosi"", ""year_established"": ""2023"", ""source_row_number"": ""132"", ""source_file"": ""(NUC) PRIVATE UNIVERSITIES.md""}",https://www.nuc.edu.ng,2026-09-04,True
279,NUC,Private University,"{""raw_name"": ""The Duke Medical University, Calabar, Cross River State"", ""vc_or_provost"": """", ""year_established"": ""2023"", ""source_row_number"": ""133"", ""source_file"": ""(NUC) PRIVATE UNIVERSITIES.md""}",https://www.nuc.edu.ng,2026-09-04,True
280,NUC,Private University,"{""raw_name"": ""Mercy Medical University, Iwo, Ogun State"", ""vc_or_provost"": ""Prof. Ajibade 'Bayo Lawal"", ""year_established"": ""2023"", ""source_row_number"": ""134"", ""source_file"": ""(NUC) PRIVATE UNIVERSITIES.md""}",https://www.nuc.edu.ng,2026-09-04,True
281,NUC,Private University,"{""raw_name"": ""Cosmopolitan University Abuja"", ""vc_or_provost"": ""Prof. Carl Adams"", ""year_established"": ""2023"", ""source_row_number"": ""135"", ""source_file"": ""(NUC) PRIVATE UNIVERSITIES.md""}",https://www.nuc.edu.ng,2026-09-04,True
282,NUC,Private University,"{""raw_name"": ""Miva Open University, Abuja FCT"", ""vc_or_provost"": ""Prof. Tayo Arulogun"", ""year_established"": ""2023"", ""source_row_number"": ""136"", ""source_file"": ""(NUC) PRIVATE UNIVERSITIES.md""}",https://www.nuc.edu.ng,2026-09-04,True
283,NUC,Private University,"{""raw_name"": ""Iconic Open University, Sokoto State."", ""vc_or_provost"": ""Dr. Shadi Sabeh"", ""year_established"": ""2023"", ""source_row_number"": ""137"", ""source_file"": ""(NUC) PRIVATE UNIVERSITIES.md""}",https://www.nuc.edu.ng,2026-09-04,True
284,NUC,Private University,"{""raw_name"": ""West Midlands Open University, Ibadan, Oyo State"", ""vc_or_provost"": """", ""year_established"": ""2023"", ""source_row_number"": ""138"", ""source_file"": ""(NUC) PRIVATE UNIVERSITIES.md""}",https://www.nuc.edu.ng,2026-09-04,True
285,NUC,Private University,"{""raw_name"": ""Al-Muhibbah Open University, Abuja"", ""vc_or_provost"": ""Prof. Muhtar Hanif Alhassan"", ""year_established"": ""2023"", ""source_row_number"": ""139"", ""source_file"": ""(NUC) PRIVATE UNIVERSITIES.md""}",https://www.nuc.edu.ng,2026-09-04,True
286,NUC,Private University,"{""raw_name"": ""El-Amin University, Minna, Niger State"", ""vc_or_provost"": ""Prof. Ladi Hamalai"", ""year_established"": ""2023"", ""source_row_number"": ""140"", ""source_file"": ""(NUC) PRIVATE UNIVERSITIES.md""}",https://www.nuc.edu.ng,2026-09-04,True
287,NUC,Private University,"{""raw_name"": ""College of Petroleum and Energy Studies, Kaduna State"", ""vc_or_provost"": """", ""year_established"": ""2023"", ""source_row_number"": ""141"", ""source_file"": ""(NUC) PRIVATE UNIVERSITIES.md""}",https://www.nuc.edu.ng,2026-09-04,True
288,NUC,Private University,"{""raw_name"": ""Jewel University, Gombe state"", ""vc_or_provost"": """", ""year_established"": ""2023"", ""source_row_number"": ""142"", ""source_file"": ""(NUC) PRIVATE UNIVERSITIES.md""}",https://www.nuc.edu.ng,2026-09-04,True
289,NUC,Private University,"{""raw_name"": ""Prime University, Kuje, FCT Abuja"", ""vc_or_provost"": ""Prof. Moussa Boukar"", ""year_established"": ""2023"", ""source_row_number"": ""143"", ""source_file"": ""(NUC) PRIVATE UNIVERSITIES.md""}",https://www.nuc.edu.ng,2026-09-04,True
290,NUC,Private University,"{""raw_name"": ""Nigerian University of Technology and Management, Apapa, Lagos State"", ""vc_or_provost"": """", ""year_established"": ""2023"", ""source_row_number"": ""144"", ""source_file"": ""(NUC) PRIVATE UNIVERSITIES.md""}",https://www.nuc.edu.ng,2026-09-04,True
291,NUC,Private University,"{""raw_name"": ""Al-Bayan University, Ankpa, Kogi State"", ""vc_or_provost"": """", ""year_established"": ""2023"", ""source_row_number"": ""145"", ""source_file"": ""(NUC) PRIVATE UNIVERSITIES.md""}",https://www.nuc.edu.ng,2026-09-04,True
292,NUC,Private University,"{""raw_name"": ""Lighthouse University, Evbobanosa, Edo State"", ""vc_or_provost"": ""Prof. Anthony Agboizebeta Imianvan"", ""year_established"": ""2024"", ""source_row_number"": ""146"", ""source_file"": ""(NUC) PRIVATE UNIVERSITIES.md""}",https://www.nuc.edu.ng,2026-09-04,True
293,NUC,Private University,"{""raw_name"": ""African University of Economics, FCT, Abuja"", ""vc_or_provost"": ""Prof. Mahfouz Adedimeji"", ""year_established"": ""2024"", ""source_row_number"": ""147"", ""source_file"": ""(NUC) PRIVATE UNIVERSITIES.md""}",https://www.nuc.edu.ng,2026-09-04,True
294,NUC,Private University,"{""raw_name"": ""New City University, Ayetoro, Ogun State"", ""vc_or_provost"": """", ""year_established"": ""2025"", ""source_row_number"": ""148"", ""source_file"": ""(NUC) PRIVATE UNIVERSITIES.md""}",https://www.nuc.edu.ng,2026-09-04,True
295,NUC,Private University,"{""raw_name"": ""University of Fortune, Igbotako, Ondo State"", ""vc_or_provost"": """", ""year_established"": ""2025"", ""source_row_number"": ""149"", ""source_file"": ""(NUC) PRIVATE UNIVERSITIES.md""}",https://www.nuc.edu.ng,2026-09-04,True
296,NUC,Private University,"{""raw_name"": ""Eranova University, Abuja"", ""vc_or_provost"": ""Prof. Craig Mahoney"", ""year_established"": ""2025"", ""source_row_number"": ""150"", ""source_file"": ""(NUC) PRIVATE UNIVERSITIES.md""}",https://www.nuc.edu.ng,2026-09-04,True
297,NUC,Private University,"{""raw_name"": ""Minaret University, Ikirun, Osun State"", ""vc_or_provost"": """", ""year_established"": ""2025"", ""source_row_number"": ""151"", ""source_file"": ""(NUC) PRIVATE UNIVERSITIES.md""}",https://www.nuc.edu.ng,2026-09-04,True
298,NUC,Private University,"{""raw_name"": ""Abdulrasaq Abubakar Toyin University, Oke-Ogba, Ganmo, Ilorin, Kwara State"", ""vc_or_provost"": """", ""year_established"": ""2025"", ""source_row_number"": ""152"", ""source_file"": ""(NUC) PRIVATE UNIVERSITIES.md""}",https://www.nuc.edu.ng,2026-09-04,True
299,NUC,Private University,"{""raw_name"": ""Southern Atlantic University, Uyo, Akwa Ibom State"", ""vc_or_provost"": """", ""year_established"": ""2025"", ""source_row_number"": ""153"", ""source_file"": ""(NUC) PRIVATE UNIVERSITIES.md""}",https://www.nuc.edu.ng,2026-09-04,True
300,NUC,Private University,"{""raw_name"": ""Lens University, Ilemona, Kwara State"", ""vc_or_provost"": """", ""year_established"": ""2025"", ""source_row_number"": ""154"", ""source_file"": ""(NUC) PRIVATE UNIVERSITIES.md""}",https://www.nuc.edu.ng,2026-09-04,True
301,NUC,Private University,"{""raw_name"": ""Monarch University, Iyesi-Ota, Ogun State"", ""vc_or_provost"": """", ""year_established"": ""2025"", ""source_row_number"": ""155"", ""source_file"": ""(NUC) PRIVATE UNIVERSITIES.md""}",https://www.nuc.edu.ng,2026-09-04,True
302,NUC,Private University,"{""raw_name"": ""Tonine Iredia University of Communication, Benin City, Edo State"", ""vc_or_provost"": """", ""year_established"": ""2025"", ""source_row_number"": ""156"", ""source_file"": ""(NUC) PRIVATE UNIVERSITIES.md""}",https://www.nuc.edu.ng,2026-09-04,True
303,NUC,Private University,"{""raw_name"": ""Isaac Balami University of Aeronautics and Management, Lagos State"", ""vc_or_provost"": """", ""year_established"": ""2025"", ""source_row_number"": ""157"", ""source_file"": ""(NUC) PRIVATE UNIVERSITIES.md""}",https://www.nuc.edu.ng,2026-09-04,True
304,NUC,Private University,"{""raw_name"": ""Kevin Eze University, Mgbowo, Enugu State"", ""vc_or_provost"": """", ""year_established"": ""2025"", ""source_row_number"": ""158"", ""source_file"": ""(NUC) PRIVATE UNIVERSITIES.md""}",https://www.nuc.edu.ng,2026-09-04,True
305,NUC,Private University,"{""raw_name"": ""Tazkiyah University, Kaduna, Kaduna State"", ""vc_or_provost"": """", ""year_established"": ""2025"", ""source_row_number"": ""159"", ""source_file"": ""(NUC) PRIVATE UNIVERSITIES.md""}",https://www.nuc.edu.ng,2026-09-04,True
306,NUC,Private University,"{""raw_name"": ""Leadership University, Abuja, FCT"", ""vc_or_provost"": """", ""year_established"": ""2025"", ""source_row_number"": ""160"", ""source_file"": ""(NUC) PRIVATE UNIVERSITIES.md""}",https://www.nuc.edu.ng,2026-09-04,True
307,NUC,Private University,"{""raw_name"": ""Jimoh Babalola University, Ilorin, Kwara State"", ""vc_or_provost"": """", ""year_established"": ""2025"", ""source_row_number"": ""161"", ""source_file"": ""(NUC) PRIVATE UNIVERSITIES.md""}",https://www.nuc.edu.ng,2026-09-04,True
308,NUC,Private University,"{""raw_name"": ""Bridget University Mbaise, Okirika-Nweke, Imo State"", ""vc_or_provost"": ""Prof. Peter U. Okorie"", ""year_established"": ""2025"", ""source_row_number"": ""162"", ""source_file"": ""(NUC) PRIVATE UNIVERSITIES.md""}",https://www.nuc.edu.ng,2026-09-04,True
309,NUC,Private University,"{""raw_name"": ""Greenland University, Jalingo, Taraba State"", ""vc_or_provost"": """", ""year_established"": ""2025"", ""source_row_number"": ""163"", ""source_file"": ""(NUC) PRIVATE UNIVERSITIES.md""}",https://www.nuc.edu.ng,2026-09-04,True
310,NUC,Private University,"{""raw_name"": ""JEFAP University, Suleja, Niger State"", ""vc_or_provost"": """", ""year_established"": ""2025"", ""source_row_number"": ""164"", ""source_file"": ""(NUC) PRIVATE UNIVERSITIES.md""}",https://www.nuc.edu.ng,2026-09-04,True
311,NUC,Private University,"{""raw_name"": ""Azione Verde University, Amaigbo, Imo State"", ""vc_or_provost"": """", ""year_established"": ""2025"", ""source_row_number"": ""165"", ""source_file"": ""(NUC) PRIVATE UNIVERSITIES.md""}",https://www.nuc.edu.ng,2026-09-04,True
312,NUC,Private University,"{""raw_name"": ""Unique Open University, Ojo, Lagos State"", ""vc_or_provost"": """", ""year_established"": ""2025"", ""source_row_number"": ""166"", ""source_file"": ""(NUC) PRIVATE UNIVERSITIES.md""}",https://www.nuc.edu.ng,2026-09-04,True
313,NUC,Private University,"{""raw_name"": ""American Open University, Abeokuta, Ogun State"", ""vc_or_provost"": """", ""year_established"": ""2025"", ""source_row_number"": ""167"", ""source_file"": ""(NUC) PRIVATE UNIVERSITIES.md""}",https://www.nuc.edu.ng,2026-09-04,True
314,NUC,Private University,"{""raw_name"": ""Millenium Crest University, Ikare Akoko, Ondo State"", ""vc_or_provost"": """", ""year_established"": ""2026"", ""source_row_number"": ""168"", ""source_file"": ""(NUC) PRIVATE UNIVERSITIES.md""}",https://www.nuc.edu.ng,2026-09-04,True
315,NUC,Private University,"{""raw_name"": ""Abdulfattah Durojaiye University, Abeokuta Ogun State"", ""vc_or_provost"": """", ""year_established"": ""2026"", ""source_row_number"": ""169"", ""source_file"": ""(NUC) PRIVATE UNIVERSITIES.md""}",https://www.nuc.edu.ng,2026-09-04,True
316,NUC,Private University,"{""raw_name"": ""Euston University, Abakaliki, Ebonyi State"", ""vc_or_provost"": """", ""year_established"": ""2026"", ""source_row_number"": ""170"", ""source_file"": ""(NUC) PRIVATE UNIVERSITIES.md""}",https://www.nuc.edu.ng,2026-09-04,True
317,NUC,Private University,"{""raw_name"": ""Adeche Momoh University, Igarra, Edo State"", ""vc_or_provost"": """", ""year_established"": ""2026"", ""source_row_number"": ""171"", ""source_file"": ""(NUC) PRIVATE UNIVERSITIES.md""}",https://www.nuc.edu.ng,2026-09-04,True
318,NUC,Private University,"{""raw_name"": ""Sani Bello University, Kontagora Niger State"", ""vc_or_provost"": """", ""year_established"": ""2026"", ""source_row_number"": ""172"", ""source_file"": ""(NUC) PRIVATE UNIVERSITIES.md""}",https://www.nuc.edu.ng,2026-09-04,True
319,NUC,Private University,"{""raw_name"": ""Godday Erewa University, Sapele, Delta State"", ""vc_or_provost"": """", ""year_established"": ""2026"", ""source_row_number"": ""173"", ""source_file"": ""(NUC) PRIVATE UNIVERSITIES.md""}",https://www.nuc.edu.ng,2026-09-04,True
320,NUC,Private University,"{""raw_name"": ""Owolabi University, Oke Ila Orangun"", ""vc_or_provost"": """", ""year_established"": ""2026"", ""source_row_number"": ""174"", ""source_file"": ""(NUC) PRIVATE UNIVERSITIES.md""}",https://www.nuc.edu.ng,2026-09-04,True
321,NUC,Private University,"{""raw_name"": ""Regnum Medical University, Anthony, Lagos State"", ""vc_or_provost"": """", ""year_established"": ""2026"", ""source_row_number"": ""175"", ""source_file"": ""(NUC) PRIVATE UNIVERSITIES.md""}",https://www.nuc.edu.ng,2026-09-04,True
322,NUC,Private University,"{""raw_name"": ""City University Abuja"", ""vc_or_provost"": """", ""year_established"": ""2026"", ""source_row_number"": ""176"", ""source_file"": ""(NUC) PRIVATE UNIVERSITIES.md""}",https://www.nuc.edu.ng,2026-09-04,True
323,NUC,Private University,"{""raw_name"": ""Transatlantic University of Medine and Health Sciences, Umuchukwu, Anambra State"", ""vc_or_provost"": """", ""year_established"": ""2026"", ""source_row_number"": ""177"", ""source_file"": ""(NUC) PRIVATE UNIVERSITIES.md""}",https://www.nuc.edu.ng,2026-09-04,True
324,NUC,Private University,"{""raw_name"": ""Maria Assumpta University Owerri, Imo State"", ""vc_or_provost"": """", ""year_established"": ""2026"", ""source_row_number"": ""178"", ""source_file"": ""(NUC) PRIVATE UNIVERSITIES.md""}",https://www.nuc.edu.ng,2026-09-04,True
325,NUC,Private University,"{""raw_name"": ""High Flyers University, Ikere-Ekiti, Ekiti State"", ""vc_or_provost"": """", ""year_established"": ""2026"", ""source_row_number"": ""179"", ""source_file"": ""(NUC) PRIVATE UNIVERSITIES.md""}",https://www.nuc.edu.ng,2026-09-04,True
326,NUC,Private University,"{""raw_name"": ""Ummah University of Nigeria, Abuja"", ""vc_or_provost"": """", ""year_established"": ""2026"", ""source_row_number"": ""180"", ""source_file"": ""(NUC) PRIVATE UNIVERSITIES.md""}",https://www.nuc.edu.ng,2026-09-04,True
327,NUC,Private University,"{""raw_name"": ""Pearl University, Calabar, Cross river"", ""vc_or_provost"": """", ""year_established"": ""2026"", ""source_row_number"": ""181"", ""source_file"": ""(NUC) PRIVATE UNIVERSITIES.md""}",https://www.nuc.edu.ng,2026-09-04,True
328,NUC,Private University,"{""raw_name"": ""Omega University Kaduna"", ""vc_or_provost"": """", ""year_established"": ""2026"", ""source_row_number"": ""182"", ""source_file"": ""(NUC) PRIVATE UNIVERSITIES.md""}",https://www.nuc.edu.ng,2026-09-04,True
329,NBTE,Polytechnic,"{""raw_name"": ""FEDERAL POLYTECHNIC NGODO ISUOCHI"", ""vc_or_provost"": """", ""year_established"": """", ""source_row_number"": ""1"", ""source_file"": ""(NBTE) FEDERAL POLYTECHNICS.md""}",https://digitalnbte.nbte.gov.ng,2026-09-04,True
330,NBTE,Polytechnic,"{""raw_name"": ""Federal Polytechnic, Mubi"", ""vc_or_provost"": """", ""year_established"": """", ""source_row_number"": ""2"", ""source_file"": ""(NBTE) FEDERAL POLYTECHNICS.md""}",https://digitalnbte.nbte.gov.ng,2026-09-04,True
331,NBTE,Polytechnic,"{""raw_name"": ""Maritime Academy of Nigeria, Oron"", ""vc_or_provost"": """", ""year_established"": """", ""source_row_number"": ""3"", ""source_file"": ""(NBTE) FEDERAL POLYTECHNICS.md""}",https://digitalnbte.nbte.gov.ng,2026-09-04,True
332,NBTE,Polytechnic,"{""raw_name"": ""Federal Polytechnic, Ukana"", ""vc_or_provost"": """", ""year_established"": """", ""source_row_number"": ""4"", ""source_file"": ""(NBTE) FEDERAL POLYTECHNICS.md""}",https://digitalnbte.nbte.gov.ng,2026-09-04,True
333,NBTE,Polytechnic,"{""raw_name"": ""Federal Polytechnic, Oko"", ""vc_or_provost"": """", ""year_established"": """", ""source_row_number"": ""5"", ""source_file"": ""(NBTE) FEDERAL POLYTECHNICS.md""}",https://digitalnbte.nbte.gov.ng,2026-09-04,True
334,NBTE,Polytechnic,"{""raw_name"": ""Federal Polytechnic, Bauchi"", ""vc_or_provost"": """", ""year_established"": """", ""source_row_number"": ""6"", ""source_file"": ""(NBTE) FEDERAL POLYTECHNICS.md""}",https://digitalnbte.nbte.gov.ng,2026-09-04,True
335,NBTE,Polytechnic,"{""raw_name"": ""Federal Polytechnic Ekowe"", ""vc_or_provost"": """", ""year_established"": """", ""source_row_number"": ""7"", ""source_file"": ""(NBTE) FEDERAL POLYTECHNICS.md""}",https://digitalnbte.nbte.gov.ng,2026-09-04,True
336,NBTE,Polytechnic,"{""raw_name"": ""Nigerian Army College of Environmental Science and Technology, Makurdi"", ""vc_or_provost"": """", ""year_established"": """", ""source_row_number"": ""8"", ""source_file"": ""(NBTE) FEDERAL POLYTECHNICS.md""}",https://digitalnbte.nbte.gov.ng,2026-09-04,True
337,NBTE,Polytechnic,"{""raw_name"": ""Federal Polytechnic, Wannune"", ""vc_or_provost"": """", ""year_established"": """", ""source_row_number"": ""9"", ""source_file"": ""(NBTE) FEDERAL POLYTECHNICS.md""}",https://digitalnbte.nbte.gov.ng,2026-09-04,True
338,NBTE,Polytechnic,"{""raw_name"": ""Federal Polytechnic, Monguno"", ""vc_or_provost"": """", ""year_established"": """", ""source_row_number"": ""10"", ""source_file"": ""(NBTE) FEDERAL POLYTECHNICS.md""}",https://digitalnbte.nbte.gov.ng,2026-09-04,True
339,NBTE,Polytechnic,"{""raw_name"": ""Federal Polytechnic, Ugep"", ""vc_or_provost"": """", ""year_established"": """", ""source_row_number"": ""11"", ""source_file"": ""(NBTE) FEDERAL POLYTECHNICS.md""}",https://digitalnbte.nbte.gov.ng,2026-09-04,True
340,NBTE,Polytechnic,"{""raw_name"": ""Federal Polytechnic, Orogun,"", ""vc_or_provost"": """", ""year_established"": """", ""source_row_number"": ""12"", ""source_file"": ""(NBTE) FEDERAL POLYTECHNICS.md""}",https://digitalnbte.nbte.gov.ng,2026-09-04,True
341,NBTE,Polytechnic,"{""raw_name"": ""Petroleum Training Institute, Effurun Delta State"", ""vc_or_provost"": """", ""year_established"": """", ""source_row_number"": ""13"", ""source_file"": ""(NBTE) FEDERAL POLYTECHNICS.md""}",https://digitalnbte.nbte.gov.ng,2026-09-04,True
342,NBTE,Polytechnic,"{""raw_name"": ""Akanu Ibiam Federal Polytechnic, Unwana-Afikpo"", ""vc_or_provost"": """", ""year_established"": """", ""source_row_number"": ""14"", ""source_file"": ""(NBTE) FEDERAL POLYTECHNICS.md""}",https://digitalnbte.nbte.gov.ng,2026-09-04,True
343,NBTE,Polytechnic,"{""raw_name"": ""Auchi Polytechnic, Auchi"", ""vc_or_provost"": """", ""year_established"": """", ""source_row_number"": ""15"", ""source_file"": ""(NBTE) FEDERAL POLYTECHNICS.md""}",https://digitalnbte.nbte.gov.ng,2026-09-04,True
344,NBTE,Polytechnic,"{""raw_name"": ""National Institute of Construction Technology and Management, Uromi"", ""vc_or_provost"": """", ""year_established"": """", ""source_row_number"": ""16"", ""source_file"": ""(NBTE) FEDERAL POLYTECHNICS.md""}",https://digitalnbte.nbte.gov.ng,2026-09-04,True
345,NBTE,Polytechnic,"{""raw_name"": ""Federal Polytechnic, Ado Ekiti"", ""vc_or_provost"": """", ""year_established"": """", ""source_row_number"": ""17"", ""source_file"": ""(NBTE) FEDERAL POLYTECHNICS.md""}",https://digitalnbte.nbte.gov.ng,2026-09-04,True
346,NBTE,Polytechnic,"{""raw_name"": ""Federal Polytechnic, Ohodo"", ""vc_or_provost"": """", ""year_established"": """", ""source_row_number"": ""18"", ""source_file"": ""(NBTE) FEDERAL POLYTECHNICS.md""}",https://digitalnbte.nbte.gov.ng,2026-09-04,True
347,NBTE,Polytechnic,"{""raw_name"": ""Federal Polytechnic Kaltungo"", ""vc_or_provost"": """", ""year_established"": """", ""source_row_number"": ""19"", ""source_file"": ""(NBTE) FEDERAL POLYTECHNICS.md""}",https://digitalnbte.nbte.gov.ng,2026-09-04,True
348,NBTE,Polytechnic,"{""raw_name"": ""Federal Polytechnic, Nekede"", ""vc_or_provost"": """", ""year_established"": """", ""source_row_number"": ""20"", ""source_file"": ""(NBTE) FEDERAL POLYTECHNICS.md""}",https://digitalnbte.nbte.gov.ng,2026-09-04,True
349,NBTE,Polytechnic,"{""raw_name"": ""Hussaini Adamu Federal Polytechnic, Kazaure"", ""vc_or_provost"": """", ""year_established"": """", ""source_row_number"": ""21"", ""source_file"": ""(NBTE) FEDERAL POLYTECHNICS.md""}",https://digitalnbte.nbte.gov.ng,2026-09-04,True
350,NBTE,Polytechnic,"{""raw_name"": ""Kaduna Polytechnic, Kaduna"", ""vc_or_provost"": """", ""year_established"": """", ""source_row_number"": ""22"", ""source_file"": ""(NBTE) FEDERAL POLYTECHNICS.md""}",https://digitalnbte.nbte.gov.ng,2026-09-04,True
351,NBTE,Polytechnic,"{""raw_name"": ""Nigerian College of Aviation Technology, Zaria, Kaduna State"", ""vc_or_provost"": """", ""year_established"": """", ""source_row_number"": ""23"", ""source_file"": ""(NBTE) FEDERAL POLYTECHNICS.md""}",https://digitalnbte.nbte.gov.ng,2026-09-04,True
352,NBTE,Polytechnic,"{""raw_name"": ""Air Force Institute of Technology (AFIT), Airforce Base, Kaduna"", ""vc_or_provost"": """", ""year_established"": """", ""source_row_number"": ""24"", ""source_file"": ""(NBTE) FEDERAL POLYTECHNICS.md""}",https://digitalnbte.nbte.gov.ng,2026-09-04,True
353,NBTE,Polytechnic,"{""raw_name"": ""Federal Polytechnic Kabo"", ""vc_or_provost"": """", ""year_established"": """", ""source_row_number"": ""25"", ""source_file"": ""(NBTE) FEDERAL POLYTECHNICS.md""}",https://digitalnbte.nbte.gov.ng,2026-09-04,True
354,NBTE,Polytechnic,"{""raw_name"": ""Federal Polytechnic, Daura"", ""vc_or_provost"": """", ""year_established"": """", ""source_row_number"": ""26"", ""source_file"": ""(NBTE) FEDERAL POLYTECHNICS.md""}",https://digitalnbte.nbte.gov.ng,2026-09-04,True
355,NBTE,Polytechnic,"{""raw_name"": ""Waziri Umaru Federal Polytechnic, Birnin-Kebbi"", ""vc_or_provost"": """", ""year_established"": """", ""source_row_number"": ""27"", ""source_file"": ""(NBTE) FEDERAL POLYTECHNICS.md""}",https://digitalnbte.nbte.gov.ng,2026-09-04,True
356,NBTE,Polytechnic,"{""raw_name"": ""Federal Polytechnic Idah"", ""vc_or_provost"": """", ""year_established"": """", ""source_row_number"": ""28"", ""source_file"": ""(NBTE) FEDERAL POLYTECHNICS.md""}",https://digitalnbte.nbte.gov.ng,2026-09-04,True
357,NBTE,Polytechnic,"{""raw_name"": ""Federal Polytechnic, offa"", ""vc_or_provost"": """", ""year_established"": """", ""source_row_number"": ""29"", ""source_file"": ""(NBTE) FEDERAL POLYTECHNICS.md""}",https://digitalnbte.nbte.gov.ng,2026-09-04,True
358,NBTE,Polytechnic,"{""raw_name"": ""Yaba College of Technology, Yaba"", ""vc_or_provost"": """", ""year_established"": """", ""source_row_number"": ""30"", ""source_file"": ""(NBTE) FEDERAL POLYTECHNICS.md""}",https://digitalnbte.nbte.gov.ng,2026-09-04,True
359,NBTE,Polytechnic,"{""raw_name"": ""Federal Polytechnic, Nasarawa"", ""vc_or_provost"": """", ""year_established"": """", ""source_row_number"": ""31"", ""source_file"": ""(NBTE) FEDERAL POLYTECHNICS.md""}",https://digitalnbte.nbte.gov.ng,2026-09-04,True
360,NBTE,Polytechnic,"{""raw_name"": ""Federal Polytechnic, Bida"", ""vc_or_provost"": """", ""year_established"": """", ""source_row_number"": ""32"", ""source_file"": ""(NBTE) FEDERAL POLYTECHNICS.md""}",https://digitalnbte.nbte.gov.ng,2026-09-04,True
361,NBTE,Polytechnic,"{""raw_name"": ""Federal Polytechnic, Ilaro"", ""vc_or_provost"": """", ""year_established"": """", ""source_row_number"": ""33"", ""source_file"": ""(NBTE) FEDERAL POLYTECHNICS.md""}",https://digitalnbte.nbte.gov.ng,2026-09-04,True
362,NBTE,Polytechnic,"{""raw_name"": ""Federal Polytechnic Ile-Oluji"", ""vc_or_provost"": """", ""year_established"": """", ""source_row_number"": ""34"", ""source_file"": ""(NBTE) FEDERAL POLYTECHNICS.md""}",https://digitalnbte.nbte.gov.ng,2026-09-04,True
363,NBTE,Polytechnic,"{""raw_name"": ""Federal Polytechnic, Ede"", ""vc_or_provost"": """", ""year_established"": """", ""source_row_number"": ""35"", ""source_file"": ""(NBTE) FEDERAL POLYTECHNICS.md""}",https://digitalnbte.nbte.gov.ng,2026-09-04,True
364,NBTE,Polytechnic,"{""raw_name"": ""Federal Polytechnic, Ayede"", ""vc_or_provost"": """", ""year_established"": """", ""source_row_number"": ""36"", ""source_file"": ""(NBTE) FEDERAL POLYTECHNICS.md""}",https://digitalnbte.nbte.gov.ng,2026-09-04,True
365,NBTE,Polytechnic,"{""raw_name"": ""Federal Polytechnic, Nyak, Shendam"", ""vc_or_provost"": """", ""year_established"": """", ""source_row_number"": ""37"", ""source_file"": ""(NBTE) FEDERAL POLYTECHNICS.md""}",https://digitalnbte.nbte.gov.ng,2026-09-04,True
366,NBTE,Polytechnic,"{""raw_name"": ""Federal Polytechnic of Oil And Gas,Bonny,"", ""vc_or_provost"": """", ""year_established"": """", ""source_row_number"": ""38"", ""source_file"": ""(NBTE) FEDERAL POLYTECHNICS.md""}",https://digitalnbte.nbte.gov.ng,2026-09-04,True
367,NBTE,Polytechnic,"{""raw_name"": ""Federal Polytechnic, Bali"", ""vc_or_provost"": """", ""year_established"": """", ""source_row_number"": ""39"", ""source_file"": ""(NBTE) FEDERAL POLYTECHNICS.md""}",https://digitalnbte.nbte.gov.ng,2026-09-04,True
368,NBTE,Polytechnic,"{""raw_name"": ""Federal Polytechnic, Damaturu"", ""vc_or_provost"": """", ""year_established"": """", ""source_row_number"": ""40"", ""source_file"": ""(NBTE) FEDERAL POLYTECHNICS.md""}",https://digitalnbte.nbte.gov.ng,2026-09-04,True
369,NBTE,Polytechnic,"{""raw_name"": ""Federal Polytechnic Kaura-Namoda"", ""vc_or_provost"": """", ""year_established"": """", ""source_row_number"": ""41"", ""source_file"": ""(NBTE) FEDERAL POLYTECHNICS.md""}",https://digitalnbte.nbte.gov.ng,2026-09-04,True
370,NBTE,Polytechnic,"{""raw_name"": ""Minna Institute of Technology and Innovation"", ""vc_or_provost"": """", ""year_established"": """", ""source_row_number"": ""1"", ""source_file"": ""(NBTE) STATE POLYTECHNICS.md""}",https://digitalnbte.nbte.gov.ng,2026-09-04,True
371,NBTE,Polytechnic,"{""raw_name"": ""Abia State Polytechnic, Aba"", ""vc_or_provost"": """", ""year_established"": """", ""source_row_number"": ""2"", ""source_file"": ""(NBTE) STATE POLYTECHNICS.md""}",https://digitalnbte.nbte.gov.ng,2026-09-04,True
372,NBTE,Polytechnic,"{""raw_name"": ""Adamawa State Polytechnic, Yola"", ""vc_or_provost"": """", ""year_established"": """", ""source_row_number"": ""3"", ""source_file"": ""(NBTE) STATE POLYTECHNICS.md""}",https://digitalnbte.nbte.gov.ng,2026-09-04,True
373,NBTE,Polytechnic,"{""raw_name"": ""Akwa Ibom State Polytechnic, Ikot Osurua"", ""vc_or_provost"": """", ""year_established"": """", ""source_row_number"": ""4"", ""source_file"": ""(NBTE) STATE POLYTECHNICS.md""}",https://digitalnbte.nbte.gov.ng,2026-09-04,True
374,NBTE,Polytechnic,"{""raw_name"": ""Akwa Ibom State College of Arts & Science, Nung Ukim"", ""vc_or_provost"": """", ""year_established"": """", ""source_row_number"": ""5"", ""source_file"": ""(NBTE) STATE POLYTECHNICS.md""}",https://digitalnbte.nbte.gov.ng,2026-09-04,True
375,NBTE,Polytechnic,"{""raw_name"": ""Anambra State Polytechnic, Mgbakwu"", ""vc_or_provost"": """", ""year_established"": """", ""source_row_number"": ""6"", ""source_file"": ""(NBTE) STATE POLYTECHNICS.md""}",https://digitalnbte.nbte.gov.ng,2026-09-04,True
1095,NBTE,Polytechnic,"{""raw_name"": ""Abubakar Tatari Ali Polytechnic, Bauchi"", ""vc_or_provost"": """", ""year_established"": """", ""source_row_number"": ""7"", ""source_file"": ""(NBTE) STATE POLYTECHNICS.md""}",https://digitalnbte.nbte.gov.ng,2026-09-04,True
377,NBTE,Polytechnic,"{""raw_name"": ""Bayelsa State Polytechnic, Aleibiri, Bayelsa"", ""vc_or_provost"": """", ""year_established"": """", ""source_row_number"": ""8"", ""source_file"": ""(NBTE) STATE POLYTECHNICS.md""}",https://digitalnbte.nbte.gov.ng,2026-09-04,True
378,NBTE,Polytechnic,"{""raw_name"": ""Akawe Torkula Polytechnic, Makurdi"", ""vc_or_provost"": """", ""year_established"": """", ""source_row_number"": ""9"", ""source_file"": ""(NBTE) STATE POLYTECHNICS.md""}",https://digitalnbte.nbte.gov.ng,2026-09-04,True
379,NBTE,Polytechnic,"{""raw_name"": ""Ramat Polytechnic, Maiduguri"", ""vc_or_provost"": """", ""year_established"": """", ""source_row_number"": ""10"", ""source_file"": ""(NBTE) STATE POLYTECHNICS.md""}",https://digitalnbte.nbte.gov.ng,2026-09-04,True
380,NBTE,Polytechnic,"{""raw_name"": ""Cross River Institute of Technology And Management, Ugep"", ""vc_or_provost"": """", ""year_established"": """", ""source_row_number"": ""11"", ""source_file"": ""(NBTE) STATE POLYTECHNICS.md""}",https://digitalnbte.nbte.gov.ng,2026-09-04,True
381,NBTE,Polytechnic,"{""raw_name"": ""Delta State Polytechnic, Ogwashi-Uku"", ""vc_or_provost"": """", ""year_established"": """", ""source_row_number"": ""12"", ""source_file"": ""(NBTE) STATE POLYTECHNICS.md""}",https://digitalnbte.nbte.gov.ng,2026-09-04,True
382,NBTE,Polytechnic,"{""raw_name"": ""Delta State Polytechnic, Otefe-Oghara"", ""vc_or_provost"": """", ""year_established"": """", ""source_row_number"": ""13"", ""source_file"": ""(NBTE) STATE POLYTECHNICS.md""}",https://digitalnbte.nbte.gov.ng,2026-09-04,True
383,NBTE,Polytechnic,"{""raw_name"": ""Delta State Maritime Polytechnic, Burutu"", ""vc_or_provost"": """", ""year_established"": """", ""source_row_number"": ""15"", ""source_file"": ""(NBTE) STATE POLYTECHNICS.md""}",https://digitalnbte.nbte.gov.ng,2026-09-04,True
384,NBTE,Polytechnic,"{""raw_name"": ""Benue State Polytechnic, Ugbokolo"", ""vc_or_provost"": """", ""year_established"": """", ""source_row_number"": ""16"", ""source_file"": ""(NBTE) STATE POLYTECHNICS.md""}",https://digitalnbte.nbte.gov.ng,2026-09-04,True
385,NBTE,Polytechnic,"{""raw_name"": ""Edo State Polytechnic, Usen"", ""vc_or_provost"": """", ""year_established"": """", ""source_row_number"": ""17"", ""source_file"": ""(NBTE) STATE POLYTECHNICS.md""}",https://digitalnbte.nbte.gov.ng,2026-09-04,True
386,NBTE,Polytechnic,"{""raw_name"": ""Ekiti State Polytecnic, Isan-Ekiti"", ""vc_or_provost"": """", ""year_established"": """", ""source_row_number"": ""18"", ""source_file"": ""(NBTE) STATE POLYTECHNICS.md""}",https://digitalnbte.nbte.gov.ng,2026-09-04,True
387,NBTE,Polytechnic,"{""raw_name"": ""Enugu State Polytechnic, Iwollo"", ""vc_or_provost"": """", ""year_established"": """", ""source_row_number"": ""19"", ""source_file"": ""(NBTE) STATE POLYTECHNICS.md""}",https://digitalnbte.nbte.gov.ng,2026-09-04,True
388,NBTE,Polytechnic,"{""raw_name"": ""Institute of Management And Technology, Enugu"", ""vc_or_provost"": """", ""year_established"": """", ""source_row_number"": ""20"", ""source_file"": ""(NBTE) STATE POLYTECHNICS.md""}",https://digitalnbte.nbte.gov.ng,2026-09-04,True
389,NBTE,Polytechnic,"{""raw_name"": ""Gombe State Polytechnic, Bajoga"", ""vc_or_provost"": """", ""year_established"": """", ""source_row_number"": ""21"", ""source_file"": ""(NBTE) STATE POLYTECHNICS.md""}",https://digitalnbte.nbte.gov.ng,2026-09-04,True
390,NBTE,Polytechnic,"{""raw_name"": ""Imo State Polytechnic, Omuma"", ""vc_or_provost"": """", ""year_established"": """", ""source_row_number"": ""22"", ""source_file"": ""(NBTE) STATE POLYTECHNICS.md""}",https://digitalnbte.nbte.gov.ng,2026-09-04,True
391,NBTE,Polytechnic,"{""raw_name"": ""Binyamu Usman Polytechnic, Hadejia"", ""vc_or_provost"": """", ""year_established"": """", ""source_row_number"": ""23"", ""source_file"": ""(NBTE) STATE POLYTECHNICS.md""}",https://digitalnbte.nbte.gov.ng,2026-09-04,True
392,NBTE,Polytechnic,"{""raw_name"": ""Jigawa State Polytechnic, Dutse"", ""vc_or_provost"": """", ""year_established"": """", ""source_row_number"": ""24"", ""source_file"": ""(NBTE) STATE POLYTECHNICS.md""}",https://digitalnbte.nbte.gov.ng,2026-09-04,True
1289,NBTE,Polytechnic,"{""raw_name"": ""Nuhu Bamalli Polytechnic, Zaria"", ""vc_or_provost"": """", ""year_established"": """", ""source_row_number"": ""25"", ""source_file"": ""(NBTE) STATE POLYTECHNICS.md""}",https://digitalnbte.nbte.gov.ng,2026-09-04,True
394,NBTE,Polytechnic,"{""raw_name"": ""Kano State Polytechnic, Kano"", ""vc_or_provost"": """", ""year_established"": """", ""source_row_number"": ""26"", ""source_file"": ""(NBTE) STATE POLYTECHNICS.md""}",https://digitalnbte.nbte.gov.ng,2026-09-04,True
395,NBTE,Polytechnic,"{""raw_name"": ""Katsina Institute of Technology And Management, Katsina"", ""vc_or_provost"": """", ""year_established"": """", ""source_row_number"": ""27"", ""source_file"": ""(NBTE) STATE POLYTECHNICS.md""}",https://digitalnbte.nbte.gov.ng,2026-09-04,True
396,NBTE,Polytechnic,"{""raw_name"": ""Hassan Usman Katsina Polytechnic, Katshina"", ""vc_or_provost"": """", ""year_established"": """", ""source_row_number"": ""28"", ""source_file"": ""(NBTE) STATE POLYTECHNICS.md""}",https://digitalnbte.nbte.gov.ng,2026-09-04,True
1262,NBTE,Polytechnic,"{""raw_name"": ""Kebbi State Polytechnic Dakingari"", ""vc_or_provost"": """", ""year_established"": """", ""source_row_number"": ""29"", ""source_file"": ""(NBTE) STATE POLYTECHNICS.md""}",https://digitalnbte.nbte.gov.ng,2026-09-04,True
398,NBTE,Polytechnic,"{""raw_name"": ""Kogi State Polytechnic, Lokoja"", ""vc_or_provost"": """", ""year_established"": """", ""source_row_number"": ""30"", ""source_file"": ""(NBTE) STATE POLYTECHNICS.md""}",https://digitalnbte.nbte.gov.ng,2026-09-04,True
399,NBTE,Polytechnic,"{""raw_name"": ""Kwara State Polytechnic, Ilorin"", ""vc_or_provost"": """", ""year_established"": """", ""source_row_number"": ""31"", ""source_file"": ""(NBTE) STATE POLYTECHNICS.md""}",https://digitalnbte.nbte.gov.ng,2026-09-04,True
400,NBTE,Polytechnic,"{""raw_name"": ""Isa Mustapha Agwai Polytechnic, Lafia"", ""vc_or_provost"": """", ""year_established"": """", ""source_row_number"": ""33"", ""source_file"": ""(NBTE) STATE POLYTECHNICS.md""}",https://digitalnbte.nbte.gov.ng,2026-09-04,True
401,NBTE,Polytechnic,"{""raw_name"": ""Nasarawa State College of Agriculture, Science and Technology Lafia"", ""vc_or_provost"": """", ""year_established"": """", ""source_row_number"": ""34"", ""source_file"": ""(NBTE) STATE POLYTECHNICS.md""}",https://digitalnbte.nbte.gov.ng,2026-09-04,True
402,NBTE,Polytechnic,"{""raw_name"": ""College of Agriculture, Science and Technology, Lafia"", ""vc_or_provost"": """", ""year_established"": """", ""source_row_number"": ""35"", ""source_file"": ""(NBTE) STATE POLYTECHNICS.md""}",https://digitalnbte.nbte.gov.ng,2026-09-04,True
403,NBTE,Polytechnic,"{""raw_name"": ""Niger State Polytechnic, Zungeru"", ""vc_or_provost"": """", ""year_established"": """", ""source_row_number"": ""36"", ""source_file"": ""(NBTE) STATE POLYTECHNICS.md""}",https://digitalnbte.nbte.gov.ng,2026-09-04,True
404,NBTE,Polytechnic,"{""raw_name"": ""Gateway Polytechnic, Saapade"", ""vc_or_provost"": """", ""year_established"": """", ""source_row_number"": ""37"", ""source_file"": ""(NBTE) STATE POLYTECHNICS.md""}",https://digitalnbte.nbte.gov.ng,2026-09-04,True
405,NBTE,Polytechnic,"{""raw_name"": ""Moshood Abiola Polytechnic, Abeokuta"", ""vc_or_provost"": """", ""year_established"": """", ""source_row_number"": ""38"", ""source_file"": ""(NBTE) STATE POLYTECHNICS.md""}",https://digitalnbte.nbte.gov.ng,2026-09-04,True
406,NBTE,Polytechnic,"{""raw_name"": ""Ogun State Institute of Technology, Igbesa,"", ""vc_or_provost"": """", ""year_established"": """", ""source_row_number"": ""39"", ""source_file"": ""(NBTE) STATE POLYTECHNICS.md""}",https://digitalnbte.nbte.gov.ng,2026-09-04,True
407,NBTE,Polytechnic,"{""raw_name"": ""Abraham Adesanya Polytechnic, Ijebu-Igbo"", ""vc_or_provost"": """", ""year_established"": """", ""source_row_number"": ""40"", ""source_file"": ""(NBTE) STATE POLYTECHNICS.md""}",https://digitalnbte.nbte.gov.ng,2026-09-04,True
408,NBTE,Polytechnic,"{""raw_name"": ""D.S. Adegbenro Ict Polytechnic, Itori- Ewekoro"", ""vc_or_provost"": """", ""year_established"": """", ""source_row_number"": ""41"", ""source_file"": ""(NBTE) STATE POLYTECHNICS.md""}",https://digitalnbte.nbte.gov.ng,2026-09-04,True
409,NBTE,Polytechnic,"{""raw_name"": ""Kenule Beeson Saro-Wiwa Polytechnic, Bori"", ""vc_or_provost"": """", ""year_established"": """", ""source_row_number"": ""42"", ""source_file"": ""(NBTE) STATE POLYTECHNICS.md""}",https://digitalnbte.nbte.gov.ng,2026-09-04,True
410,NBTE,Polytechnic,"{""raw_name"": ""Rufus Giwa Polytechnic, Owo"", ""vc_or_provost"": """", ""year_established"": """", ""source_row_number"": ""43"", ""source_file"": ""(NBTE) STATE POLYTECHNICS.md""}",https://digitalnbte.nbte.gov.ng,2026-09-04,True
411,NBTE,Polytechnic,"{""raw_name"": ""Osun State College of Technology, Esa ? Oke,"", ""vc_or_provost"": """", ""year_established"": """", ""source_row_number"": ""44"", ""source_file"": ""(NBTE) STATE POLYTECHNICS.md""}",https://digitalnbte.nbte.gov.ng,2026-09-04,True
412,NBTE,Polytechnic,"{""raw_name"": ""Osun State Polytechnic, Iree"", ""vc_or_provost"": """", ""year_established"": """", ""source_row_number"": ""45"", ""source_file"": ""(NBTE) STATE POLYTECHNICS.md""}",https://digitalnbte.nbte.gov.ng,2026-09-04,True
413,NBTE,Polytechnic,"{""raw_name"": ""The Polytechnic, Iresi"", ""vc_or_provost"": """", ""year_established"": """", ""source_row_number"": ""46"", ""source_file"": ""(NBTE) STATE POLYTECHNICS.md""}",https://digitalnbte.nbte.gov.ng,2026-09-04,True
414,NBTE,Polytechnic,"{""raw_name"": ""Adeseun Ogundoyin Polytechnic, Eruwa"", ""vc_or_provost"": """", ""year_established"": """", ""source_row_number"": ""47"", ""source_file"": ""(NBTE) STATE POLYTECHNICS.md""}",https://digitalnbte.nbte.gov.ng,2026-09-04,True
415,NBTE,Polytechnic,"{""raw_name"": ""Ogun State Polytechnic, Ipokia (Yet To Commence Academic Activities)"", ""vc_or_provost"": """", ""year_established"": """", ""source_row_number"": ""48"", ""source_file"": ""(NBTE) STATE POLYTECHNICS.md""}",https://digitalnbte.nbte.gov.ng,2026-09-04,True
416,NBTE,Polytechnic,"{""raw_name"": ""Oyo State College of Agriculture And Technology, Igbo-Ora"", ""vc_or_provost"": """", ""year_established"": """", ""source_row_number"": ""49"", ""source_file"": ""(NBTE) STATE POLYTECHNICS.md""}",https://digitalnbte.nbte.gov.ng,2026-09-04,True
417,NBTE,Polytechnic,"{""raw_name"": ""The Polytechnic, Ibadan"", ""vc_or_provost"": """", ""year_established"": """", ""source_row_number"": ""50"", ""source_file"": ""(NBTE) STATE POLYTECHNICS.md""}",https://digitalnbte.nbte.gov.ng,2026-09-04,True
418,NBTE,Polytechnic,"{""raw_name"": ""The Oke-Ogun Polytechnic, Saki (Tops)"", ""vc_or_provost"": """", ""year_established"": """", ""source_row_number"": ""51"", ""source_file"": ""(NBTE) STATE POLYTECHNICS.md""}",https://digitalnbte.nbte.gov.ng,2026-09-04,True
419,NBTE,Polytechnic,"{""raw_name"": ""Plateau State Polytechnic, Barkin-Ladi"", ""vc_or_provost"": """", ""year_established"": """", ""source_row_number"": ""52"", ""source_file"": ""(NBTE) STATE POLYTECHNICS.md""}",https://digitalnbte.nbte.gov.ng,2026-09-04,True
420,NBTE,Polytechnic,"{""raw_name"": ""Port-Harcourt Polytechnic, Port-Harcourt"", ""vc_or_provost"": """", ""year_established"": """", ""source_row_number"": ""53"", ""source_file"": ""(NBTE) STATE POLYTECHNICS.md""}",https://digitalnbte.nbte.gov.ng,2026-09-04,True
421,NBTE,Polytechnic,"{""raw_name"": ""Umaru Ali Shinkafi Polytechnic, Sokoto"", ""vc_or_provost"": """", ""year_established"": """", ""source_row_number"": ""54"", ""source_file"": ""(NBTE) STATE POLYTECHNICS.md""}",https://digitalnbte.nbte.gov.ng,2026-09-04,True
422,NBTE,Polytechnic,"{""raw_name"": ""Taraba State Polytechnic, Suntai"", ""vc_or_provost"": """", ""year_established"": """", ""source_row_number"": ""55"", ""source_file"": ""(NBTE) STATE POLYTECHNICS.md""}",https://digitalnbte.nbte.gov.ng,2026-09-04,True
423,NBTE,Polytechnic,"{""raw_name"": ""College of Agriculture, Science And Technology, Gujba"", ""vc_or_provost"": """", ""year_established"": """", ""source_row_number"": ""56"", ""source_file"": ""(NBTE) STATE POLYTECHNICS.md""}",https://digitalnbte.nbte.gov.ng,2026-09-04,True
424,NBTE,Polytechnic,"{""raw_name"": ""Mai-Idris Alooma Polytechnic, Geidam."", ""vc_or_provost"": """", ""year_established"": """", ""source_row_number"": ""57"", ""source_file"": ""(NBTE) STATE POLYTECHNICS.md""}",https://digitalnbte.nbte.gov.ng,2026-09-04,True
425,NBTE,Polytechnic,"{""raw_name"": ""College of Administration, Management And Technology, Potiskum"", ""vc_or_provost"": """", ""year_established"": """", ""source_row_number"": ""58"", ""source_file"": ""(NBTE) STATE POLYTECHNICS.md""}",https://digitalnbte.nbte.gov.ng,2026-09-04,True
426,NBTE,Polytechnic,"{""raw_name"": ""Abdu Gusau Polytechnic, Talata Mafara"", ""vc_or_provost"": """", ""year_established"": """", ""source_row_number"": ""59"", ""source_file"": ""(NBTE) STATE POLYTECHNICS.md""}",https://digitalnbte.nbte.gov.ng,2026-09-04,True
427,NBTE,Polytechnic,"{""raw_name"": ""Eko College of Management and Technology"", ""vc_or_provost"": """", ""year_established"": """", ""source_row_number"": ""1"", ""source_file"": ""(NBTE) PRIVATE POLYTECHNICS.md""}",https://digitalnbte.nbte.gov.ng,2026-09-04,True
428,NBTE,Polytechnic,"{""raw_name"": ""Covenant Polytechnic, Aba"", ""vc_or_provost"": """", ""year_established"": """", ""source_row_number"": ""2"", ""source_file"": ""(NBTE) PRIVATE POLYTECHNICS.md""}",https://digitalnbte.nbte.gov.ng,2026-09-04,True
429,NBTE,Polytechnic,"{""raw_name"": ""Iheachukwu Madubuike Institute of Technology, Isouchi"", ""vc_or_provost"": """", ""year_established"": """", ""source_row_number"": ""3"", ""source_file"": ""(NBTE) PRIVATE POLYTECHNICS.md""}",https://digitalnbte.nbte.gov.ng,2026-09-04,True
430,NBTE,Polytechnic,"{""raw_name"": ""Temple Gate Polytechnic, Aba"", ""vc_or_provost"": """", ""year_established"": """", ""source_row_number"": ""4"", ""source_file"": ""(NBTE) PRIVATE POLYTECHNICS.md""}",https://digitalnbte.nbte.gov.ng,2026-09-04,True
431,NBTE,Polytechnic,"{""raw_name"": ""Uma Ukpai Polytechnic, Ohafia"", ""vc_or_provost"": """", ""year_established"": """", ""source_row_number"": ""5"", ""source_file"": ""(NBTE) PRIVATE POLYTECHNICS.md""}",https://digitalnbte.nbte.gov.ng,2026-09-04,True
432,NBTE,Polytechnic,"{""raw_name"": ""Valley View Polytechnic, Ohafia"", ""vc_or_provost"": """", ""year_established"": """", ""source_row_number"": ""6"", ""source_file"": ""(NBTE) PRIVATE POLYTECHNICS.md""}",https://digitalnbte.nbte.gov.ng,2026-09-04,True
433,NBTE,Polytechnic,"{""raw_name"": ""MADONNA COLLEGE OF HEALTH TECHNOLOGY, OLOKORO UMUAHIA"", ""vc_or_provost"": """", ""year_established"": """", ""source_row_number"": ""7"", ""source_file"": ""(NBTE) PRIVATE POLYTECHNICS.md""}",https://digitalnbte.nbte.gov.ng,2026-09-04,True
434,NBTE,Polytechnic,"{""raw_name"": ""Brainfill Polytechnic, Ikot-Ekpene"", ""vc_or_provost"": """", ""year_established"": """", ""source_row_number"": ""8"", ""source_file"": ""(NBTE) PRIVATE POLYTECHNICS.md""}",https://digitalnbte.nbte.gov.ng,2026-09-04,True
435,NBTE,Polytechnic,"{""raw_name"": ""Foundation Polytechnic, Ikot Ekpene"", ""vc_or_provost"": """", ""year_established"": """", ""source_row_number"": ""9"", ""source_file"": ""(NBTE) PRIVATE POLYTECHNICS.md""}",https://digitalnbte.nbte.gov.ng,2026-09-04,True
436,NBTE,Polytechnic,"{""raw_name"": ""Heritage Polytechnic, Eket"", ""vc_or_provost"": """", ""year_established"": """", ""source_row_number"": ""10"", ""source_file"": ""(NBTE) PRIVATE POLYTECHNICS.md""}",https://digitalnbte.nbte.gov.ng,2026-09-04,True
437,NBTE,Polytechnic,"{""raw_name"": ""Hope Polytechnic, Ikono"", ""vc_or_provost"": """", ""year_established"": """", ""source_row_number"": ""11"", ""source_file"": ""(NBTE) PRIVATE POLYTECHNICS.md""}",https://digitalnbte.nbte.gov.ng,2026-09-04,True
438,NBTE,Polytechnic,"{""raw_name"": ""Ibom Metropolitan Polytchnic, Uyo"", ""vc_or_provost"": """", ""year_established"": """", ""source_row_number"": ""12"", ""source_file"": ""(NBTE) PRIVATE POLYTECHNICS.md""}",https://digitalnbte.nbte.gov.ng,2026-09-04,True
439,NBTE,Polytechnic,"{""raw_name"": ""Loam Polytechnic, Ikono"", ""vc_or_provost"": """", ""year_established"": """", ""source_row_number"": ""13"", ""source_file"": ""(NBTE) PRIVATE POLYTECHNICS.md""}",https://digitalnbte.nbte.gov.ng,2026-09-04,True
440,NBTE,Polytechnic,"{""raw_name"": ""Southern Atlantic Polytechnic, Uyo"", ""vc_or_provost"": """", ""year_established"": """", ""source_row_number"": ""14"", ""source_file"": ""(NBTE) PRIVATE POLYTECHNICS.md""}",https://digitalnbte.nbte.gov.ng,2026-09-04,True
441,NBTE,Polytechnic,"{""raw_name"": ""Sure Foundation Polytechnic, Ikot-Akai"", ""vc_or_provost"": """", ""year_established"": """", ""source_row_number"": ""15"", ""source_file"": ""(NBTE) PRIVATE POLYTECHNICS.md""}",https://digitalnbte.nbte.gov.ng,2026-09-04,True
442,NBTE,Polytechnic,"{""raw_name"": ""Trinity Polytechnic, Uyo"", ""vc_or_provost"": """", ""year_established"": """", ""source_row_number"": ""16"", ""source_file"": ""(NBTE) PRIVATE POLYTECHNICS.md""}",https://digitalnbte.nbte.gov.ng,2026-09-04,True
443,NBTE,Polytechnic,"{""raw_name"": ""Ultra Excellence Polytechnic, Uyo"", ""vc_or_provost"": """", ""year_established"": """", ""source_row_number"": ""17"", ""source_file"": ""(NBTE) PRIVATE POLYTECHNICS.md""}",https://digitalnbte.nbte.gov.ng,2026-09-04,True
444,NBTE,Polytechnic,"{""raw_name"": ""Uyo City Polytechnic, Uyo"", ""vc_or_provost"": """", ""year_established"": """", ""source_row_number"": ""18"", ""source_file"": ""(NBTE) PRIVATE POLYTECHNICS.md""}",https://digitalnbte.nbte.gov.ng,2026-09-04,True
445,NBTE,Polytechnic,"{""raw_name"": ""El-Thomp Polytechnic, Abak. Akwa-Ibom State"", ""vc_or_provost"": """", ""year_established"": """", ""source_row_number"": ""19"", ""source_file"": ""(NBTE) PRIVATE POLYTECHNICS.md""}",https://digitalnbte.nbte.gov.ng,2026-09-04,True
446,NBTE,Polytechnic,"{""raw_name"": ""Gestric Polytechnic, Uyo, Akwa Ibom State"", ""vc_or_provost"": """", ""year_established"": """", ""source_row_number"": ""20"", ""source_file"": ""(NBTE) PRIVATE POLYTECHNICS.md""}",https://digitalnbte.nbte.gov.ng,2026-09-04,True
447,NBTE,Polytechnic,"{""raw_name"": ""Grundtvig Polytechnic, Oba"", ""vc_or_provost"": """", ""year_established"": """", ""source_row_number"": ""21"", ""source_file"": ""(NBTE) PRIVATE POLYTECHNICS.md""}",https://digitalnbte.nbte.gov.ng,2026-09-04,True
448,NBTE,Polytechnic,"{""raw_name"": ""GOZIE ANYACHEBELU ORAGRAM POLYTECHNIC ORAUKWU, ANAMBRA STATE"", ""vc_or_provost"": """", ""year_established"": """", ""source_row_number"": ""22"", ""source_file"": ""(NBTE) PRIVATE POLYTECHNICS.md""}",https://digitalnbte.nbte.gov.ng,2026-09-04,True
449,NBTE,Polytechnic,"{""raw_name"": ""Renaissance Modern Polytechnic, Mbaukwu, Anambra"", ""vc_or_provost"": """", ""year_established"": """", ""source_row_number"": ""23"", ""source_file"": ""(NBTE) PRIVATE POLYTECHNICS.md""}",https://digitalnbte.nbte.gov.ng,2026-09-04,True
450,NBTE,Polytechnic,"{""raw_name"": ""Ashi Polytechnic, Anyin,"", ""vc_or_provost"": """", ""year_established"": """", ""source_row_number"": ""24"", ""source_file"": ""(NBTE) PRIVATE POLYTECHNICS.md""}",https://digitalnbte.nbte.gov.ng,2026-09-04,True
451,NBTE,Polytechnic,"{""raw_name"": ""Fidei Polytechnic, Gboko"", ""vc_or_provost"": """", ""year_established"": """", ""source_row_number"": ""25"", ""source_file"": ""(NBTE) PRIVATE POLYTECHNICS.md""}",https://digitalnbte.nbte.gov.ng,2026-09-04,True
452,NBTE,Polytechnic,"{""raw_name"": ""Gboko Polytechnic, Gboko"", ""vc_or_provost"": """", ""year_established"": """", ""source_row_number"": ""26"", ""source_file"": ""(NBTE) PRIVATE POLYTECHNICS.md""}",https://digitalnbte.nbte.gov.ng,2026-09-04,True
453,NBTE,Polytechnic,"{""raw_name"": ""Harry Pass Polytechnic, Gboko"", ""vc_or_provost"": """", ""year_established"": """", ""source_row_number"": ""27"", ""source_file"": ""(NBTE) PRIVATE POLYTECHNICS.md""}",https://digitalnbte.nbte.gov.ng,2026-09-04,True
454,NBTE,Polytechnic,"{""raw_name"": ""The Polytechnic, Adoka"", ""vc_or_provost"": """", ""year_established"": """", ""source_row_number"": ""28"", ""source_file"": ""(NBTE) PRIVATE POLYTECHNICS.md""}",https://digitalnbte.nbte.gov.ng,2026-09-04,True
455,NBTE,Polytechnic,"{""raw_name"": ""Intercontinental College of Technology, Makurdi, Benue State"", ""vc_or_provost"": """", ""year_established"": """", ""source_row_number"": ""29"", ""source_file"": ""(NBTE) PRIVATE POLYTECHNICS.md""}",https://digitalnbte.nbte.gov.ng,2026-09-04,True
456,NBTE,Polytechnic,"{""raw_name"": ""NOGAK Polytechnic, Ikom"", ""vc_or_provost"": """", ""year_established"": """", ""source_row_number"": ""30"", ""source_file"": ""(NBTE) PRIVATE POLYTECHNICS.md""}",https://digitalnbte.nbte.gov.ng,2026-09-04,True
457,NBTE,Polytechnic,"{""raw_name"": ""Odaji Agbo Polytechnic, Ayeko Yala"", ""vc_or_provost"": """", ""year_established"": """", ""source_row_number"": ""31"", ""source_file"": ""(NBTE) PRIVATE POLYTECHNICS.md""}",https://digitalnbte.nbte.gov.ng,2026-09-04,True
458,NBTE,Polytechnic,"{""raw_name"": ""Bellarks Polytechnic, Kwale"", ""vc_or_provost"": """", ""year_established"": """", ""source_row_number"": ""32"", ""source_file"": ""(NBTE) PRIVATE POLYTECHNICS.md""}",https://digitalnbte.nbte.gov.ng,2026-09-04,True
459,NBTE,Polytechnic,"{""raw_name"": ""Calvary Polytechnic, Owo-Oyibu, Delta State"", ""vc_or_provost"": """", ""year_established"": """", ""source_row_number"": ""33"", ""source_file"": ""(NBTE) PRIVATE POLYTECHNICS.md""}",https://digitalnbte.nbte.gov.ng,2026-09-04,True
460,NBTE,Polytechnic,"{""raw_name"": ""Nation Builders Polytechnic. Asaba."", ""vc_or_provost"": """", ""year_established"": """", ""source_row_number"": ""34"", ""source_file"": ""(NBTE) PRIVATE POLYTECHNICS.md""}",https://digitalnbte.nbte.gov.ng,2026-09-04,True
461,NBTE,Polytechnic,"{""raw_name"": ""Global Polytechnic, Benin"", ""vc_or_provost"": """", ""year_established"": """", ""source_row_number"": ""35"", ""source_file"": ""(NBTE) PRIVATE POLYTECHNICS.md""}",https://digitalnbte.nbte.gov.ng,2026-09-04,True
462,NBTE,Polytechnic,"{""raw_name"": ""Kings Polytechnic, Ubiaja"", ""vc_or_provost"": """", ""year_established"": """", ""source_row_number"": ""36"", ""source_file"": ""(NBTE) PRIVATE POLYTECHNICS.md""}",https://digitalnbte.nbte.gov.ng,2026-09-04,True
463,NBTE,Polytechnic,"{""raw_name"": ""Lighthouse Polytechnic, Evbuobanosa"", ""vc_or_provost"": """", ""year_established"": """", ""source_row_number"": ""37"", ""source_file"": ""(NBTE) PRIVATE POLYTECHNICS.md""}",https://digitalnbte.nbte.gov.ng,2026-09-04,True
464,NBTE,Polytechnic,"{""raw_name"": ""Oduduwa Polytechnic, Idimu"", ""vc_or_provost"": """", ""year_established"": """", ""source_row_number"": ""38"", ""source_file"": ""(NBTE) PRIVATE POLYTECHNICS.md""}",https://digitalnbte.nbte.gov.ng,2026-09-04,True
465,NBTE,Polytechnic,"{""raw_name"": ""Shaka Polytechnic, Benin City"", ""vc_or_provost"": """", ""year_established"": """", ""source_row_number"": ""39"", ""source_file"": ""(NBTE) PRIVATE POLYTECHNICS.md""}",https://digitalnbte.nbte.gov.ng,2026-09-04,True
466,NBTE,Polytechnic,"{""raw_name"": ""Speedway Polytechnic, Osoba"", ""vc_or_provost"": """", ""year_established"": """", ""source_row_number"": ""40"", ""source_file"": ""(NBTE) PRIVATE POLYTECHNICS.md""}",https://digitalnbte.nbte.gov.ng,2026-09-04,True
467,NBTE,Polytechnic,"{""raw_name"": ""Ajayi Polytechnic, Ara-Ekiti"", ""vc_or_provost"": """", ""year_established"": """", ""source_row_number"": ""41"", ""source_file"": ""(NBTE) PRIVATE POLYTECHNICS.md""}",https://digitalnbte.nbte.gov.ng,2026-09-04,True
468,NBTE,Polytechnic,"{""raw_name"": ""Crown Polytechnic, Ado-Ekiti,"", ""vc_or_provost"": """", ""year_established"": """", ""source_row_number"": ""42"", ""source_file"": ""(NBTE) PRIVATE POLYTECHNICS.md""}",https://digitalnbte.nbte.gov.ng,2026-09-04,True
469,NBTE,Polytechnic,"{""raw_name"": ""Ekiti City Polytechnic Umuooke Ekiti"", ""vc_or_provost"": """", ""year_established"": """", ""source_row_number"": ""43"", ""source_file"": ""(NBTE) PRIVATE POLYTECHNICS.md""}",https://digitalnbte.nbte.gov.ng,2026-09-04,True
470,NBTE,Polytechnic,"{""raw_name"": ""Teedek Polytechnic, Ilogbo-Ekiti"", ""vc_or_provost"": """", ""year_established"": """", ""source_row_number"": ""44"", ""source_file"": ""(NBTE) PRIVATE POLYTECHNICS.md""}",https://digitalnbte.nbte.gov.ng,2026-09-04,True
471,NBTE,Polytechnic,"{""raw_name"": ""The Polytechnic, Omuo-Ekiti"", ""vc_or_provost"": """", ""year_established"": """", ""source_row_number"": ""45"", ""source_file"": ""(NBTE) PRIVATE POLYTECHNICS.md""}",https://digitalnbte.nbte.gov.ng,2026-09-04,True
472,NBTE,Polytechnic,"{""raw_name"": ""Montgomery Polytechnic"", ""vc_or_provost"": """", ""year_established"": """", ""source_row_number"": ""46"", ""source_file"": ""(NBTE) PRIVATE POLYTECHNICS.md""}",https://digitalnbte.nbte.gov.ng,2026-09-04,True
473,NBTE,Polytechnic,"{""raw_name"": ""Marist Polytechnic, Emene"", ""vc_or_provost"": """", ""year_established"": """", ""source_row_number"": ""47"", ""source_file"": ""(NBTE) PRIVATE POLYTECHNICS.md""}",https://digitalnbte.nbte.gov.ng,2026-09-04,True
474,NBTE,Polytechnic,"{""raw_name"": ""Mater Dei Polytechnic, Egwuoba"", ""vc_or_provost"": """", ""year_established"": """", ""source_row_number"": ""48"", ""source_file"": ""(NBTE) PRIVATE POLYTECHNICS.md""}",https://digitalnbte.nbte.gov.ng,2026-09-04,True
475,NBTE,Polytechnic,"{""raw_name"": ""Our Saviour Institute of Science, Agriculture & Technology, Enugu"", ""vc_or_provost"": """", ""year_established"": """", ""source_row_number"": ""49"", ""source_file"": ""(NBTE) PRIVATE POLYTECHNICS.md""}",https://digitalnbte.nbte.gov.ng,2026-09-04,True
476,NBTE,Polytechnic,"{""raw_name"": ""Citi Polytechnic, Abuja"", ""vc_or_provost"": """", ""year_established"": """", ""source_row_number"": ""50"", ""source_file"": ""(NBTE) PRIVATE POLYTECHNICS.md""}",https://digitalnbte.nbte.gov.ng,2026-09-04,True
477,NBTE,Polytechnic,"{""raw_name"": ""Dorben Polytechnic Bwari"", ""vc_or_provost"": """", ""year_established"": """", ""source_row_number"": ""51"", ""source_file"": ""(NBTE) PRIVATE POLYTECHNICS.md""}",https://digitalnbte.nbte.gov.ng,2026-09-04,True
478,NBTE,Polytechnic,"{""raw_name"": ""LeadTech School of Management and Technology, Abuja, FCT"", ""vc_or_provost"": """", ""year_established"": """", ""source_row_number"": ""52"", ""source_file"": ""(NBTE) PRIVATE POLYTECHNICS.md""}",https://digitalnbte.nbte.gov.ng,2026-09-04,True
479,NBTE,Polytechnic,"{""raw_name"": ""Raindrops Institute of Management and Technology, Amannachi, Orsu LGA, Imo State"", ""vc_or_provost"": """", ""year_established"": """", ""source_row_number"": ""53"", ""source_file"": ""(NBTE) PRIVATE POLYTECHNICS.md""}",https://digitalnbte.nbte.gov.ng,2026-09-04,True
480,NBTE,Polytechnic,"{""raw_name"": ""Raindrops Institute of Management and Technology, Amannachi, Orsu LGA, Imo State"", ""vc_or_provost"": """", ""year_established"": """", ""source_row_number"": ""54"", ""source_file"": ""(NBTE) PRIVATE POLYTECHNICS.md""}",https://digitalnbte.nbte.gov.ng,2026-09-04,True
481,NBTE,Polytechnic,"{""raw_name"": ""Raindrops Institute of Management and Technology Amannchi, Orsu LGA, Imo State"", ""vc_or_provost"": """", ""year_established"": """", ""source_row_number"": ""55"", ""source_file"": ""(NBTE) PRIVATE POLYTECHNICS.md""}",https://digitalnbte.nbte.gov.ng,2026-09-04,True
482,NBTE,Polytechnic,"{""raw_name"": ""Mustibrah College of Information Technology and Management Studies"", ""vc_or_provost"": """", ""year_established"": """", ""source_row_number"": ""56"", ""source_file"": ""(NBTE) PRIVATE POLYTECHNICS.md""}",https://digitalnbte.nbte.gov.ng,2026-09-04,True
483,NBTE,Polytechnic,"{""raw_name"": ""Gloryland Polytechnic, Ankpa"", ""vc_or_provost"": """", ""year_established"": """", ""source_row_number"": ""57"", ""source_file"": ""(NBTE) PRIVATE POLYTECHNICS.md""}",https://digitalnbte.nbte.gov.ng,2026-09-04,True
484,NBTE,Polytechnic,"{""raw_name"": ""Prime Polytechnic, Jida Bassa, Ajaokuta"", ""vc_or_provost"": """", ""year_established"": """", ""source_row_number"": ""58"", ""source_file"": ""(NBTE) PRIVATE POLYTECHNICS.md""}",https://digitalnbte.nbte.gov.ng,2026-09-04,True
485,NBTE,Polytechnic,"{""raw_name"": ""Graceland Polytechnic, offa"", ""vc_or_provost"": """", ""year_established"": """", ""source_row_number"": ""59"", ""source_file"": ""(NBTE) PRIVATE POLYTECHNICS.md""}",https://digitalnbte.nbte.gov.ng,2026-09-04,True
486,NBTE,Polytechnic,"{""raw_name"": ""Harvard Polytechnic, Ilorin"", ""vc_or_provost"": """", ""year_established"": """", ""source_row_number"": ""60"", ""source_file"": ""(NBTE) PRIVATE POLYTECHNICS.md""}",https://digitalnbte.nbte.gov.ng,2026-09-04,True
487,NBTE,Polytechnic,"{""raw_name"": ""Lens Polytechnic, offa"", ""vc_or_provost"": """", ""year_established"": """", ""source_row_number"": ""61"", ""source_file"": ""(NBTE) PRIVATE POLYTECHNICS.md""}",https://digitalnbte.nbte.gov.ng,2026-09-04,True
488,NBTE,Polytechnic,"{""raw_name"": ""Newland Polytechnic, Ilorin"", ""vc_or_provost"": """", ""year_established"": """", ""source_row_number"": ""62"", ""source_file"": ""(NBTE) PRIVATE POLYTECHNICS.md""}",https://digitalnbte.nbte.gov.ng,2026-09-04,True
489,NBTE,Polytechnic,"{""raw_name"": ""The Polytechnic Aran-Orin"", ""vc_or_provost"": """", ""year_established"": """", ""source_row_number"": ""63"", ""source_file"": ""(NBTE) PRIVATE POLYTECHNICS.md""}",https://digitalnbte.nbte.gov.ng,2026-09-04,True
490,NBTE,Polytechnic,"{""raw_name"": ""The Polytechnic, Igbo-Owu"", ""vc_or_provost"": """", ""year_established"": """", ""source_row_number"": ""64"", ""source_file"": ""(NBTE) PRIVATE POLYTECHNICS.md""}",https://digitalnbte.nbte.gov.ng,2026-09-04,True
491,NBTE,Polytechnic,"{""raw_name"": ""The Polytechnic, Ojoku-Offa"", ""vc_or_provost"": """", ""year_established"": """", ""source_row_number"": ""65"", ""source_file"": ""(NBTE) PRIVATE POLYTECHNICS.md""}",https://digitalnbte.nbte.gov.ng,2026-09-04,True
492,NBTE,Polytechnic,"{""raw_name"": ""Coastal Polytechnic, Badagry"", ""vc_or_provost"": """", ""year_established"": """", ""source_row_number"": ""66"", ""source_file"": ""(NBTE) PRIVATE POLYTECHNICS.md""}",https://digitalnbte.nbte.gov.ng,2026-09-04,True
493,NBTE,Polytechnic,"{""raw_name"": ""Enville Institute of Management and Technology, Ikeja"", ""vc_or_provost"": """", ""year_established"": """", ""source_row_number"": ""67"", ""source_file"": ""(NBTE) PRIVATE POLYTECHNICS.md""}",https://digitalnbte.nbte.gov.ng,2026-09-04,True
494,NBTE,Polytechnic,"{""raw_name"": ""Grace Polytechnic, Surulere"", ""vc_or_provost"": """", ""year_established"": """", ""source_row_number"": ""68"", ""source_file"": ""(NBTE) PRIVATE POLYTECHNICS.md""}",https://digitalnbte.nbte.gov.ng,2026-09-04,True
495,NBTE,Polytechnic,"{""raw_name"": ""Inspire Polytechnic, Lagos"", ""vc_or_provost"": """", ""year_established"": """", ""source_row_number"": ""69"", ""source_file"": ""(NBTE) PRIVATE POLYTECHNICS.md""}",https://digitalnbte.nbte.gov.ng,2026-09-04,True
496,NBTE,Polytechnic,"{""raw_name"": ""Kalac Crystal Polytechnic, Lekki"", ""vc_or_provost"": """", ""year_established"": """", ""source_row_number"": ""70"", ""source_file"": ""(NBTE) PRIVATE POLYTECHNICS.md""}",https://digitalnbte.nbte.gov.ng,2026-09-04,True
497,NBTE,Polytechnic,"{""raw_name"": ""Lagos City Polytechnic, Ikeja"", ""vc_or_provost"": """", ""year_established"": """", ""source_row_number"": ""71"", ""source_file"": ""(NBTE) PRIVATE POLYTECHNICS.md""}",https://digitalnbte.nbte.gov.ng,2026-09-04,True
498,NBTE,Polytechnic,"{""raw_name"": ""Paramount Polytechnic, Ejigbo"", ""vc_or_provost"": """", ""year_established"": """", ""source_row_number"": ""72"", ""source_file"": ""(NBTE) PRIVATE POLYTECHNICS.md""}",https://digitalnbte.nbte.gov.ng,2026-09-04,True
499,NBTE,Polytechnic,"{""raw_name"": ""Ronik Polytechnic, Ejigbo, Ikeja"", ""vc_or_provost"": """", ""year_established"": """", ""source_row_number"": ""73"", ""source_file"": ""(NBTE) PRIVATE POLYTECHNICS.md""}",https://digitalnbte.nbte.gov.ng,2026-09-04,True
500,NBTE,Polytechnic,"{""raw_name"": ""Timeon Kairos Polytechnic, Lagos"", ""vc_or_provost"": """", ""year_established"": """", ""source_row_number"": ""74"", ""source_file"": ""(NBTE) PRIVATE POLYTECHNICS.md""}",https://digitalnbte.nbte.gov.ng,2026-09-04,True
501,NBTE,Polytechnic,"{""raw_name"": ""Unique College of Management and Technology, Lagos"", ""vc_or_provost"": """", ""year_established"": """", ""source_row_number"": ""75"", ""source_file"": ""(NBTE) PRIVATE POLYTECHNICS.md""}",https://digitalnbte.nbte.gov.ng,2026-09-04,True
502,NBTE,Polytechnic,"{""raw_name"": ""Al-Hikma Polytechnic, Karu"", ""vc_or_provost"": """", ""year_established"": """", ""source_row_number"": ""76"", ""source_file"": ""(NBTE) PRIVATE POLYTECHNICS.md""}",https://digitalnbte.nbte.gov.ng,2026-09-04,True
503,NBTE,Polytechnic,"{""raw_name"": ""NACABS Polytechnic, Akwanga"", ""vc_or_provost"": """", ""year_established"": """", ""source_row_number"": ""77"", ""source_file"": ""(NBTE) PRIVATE POLYTECHNICS.md""}",https://digitalnbte.nbte.gov.ng,2026-09-04,True
504,NBTE,Polytechnic,"{""raw_name"": ""Vineyard Polytechnic"", ""vc_or_provost"": """", ""year_established"": """", ""source_row_number"": ""78"", ""source_file"": ""(NBTE) PRIVATE POLYTECHNICS.md""}",https://digitalnbte.nbte.gov.ng,2026-09-04,True
505,NBTE,Polytechnic,"{""raw_name"": ""St. Mary Polytechnic, Kwamba, Suleja"", ""vc_or_provost"": """", ""year_established"": """", ""source_row_number"": ""79"", ""source_file"": ""(NBTE) PRIVATE POLYTECHNICS.md""}",https://digitalnbte.nbte.gov.ng,2026-09-04,True
506,NBTE,Polytechnic,"{""raw_name"": ""Allover Central Polytechnic, Sango-Ota"", ""vc_or_provost"": """", ""year_established"": """", ""source_row_number"": ""80"", ""source_file"": ""(NBTE) PRIVATE POLYTECHNICS.md""}",https://digitalnbte.nbte.gov.ng,2026-09-04,True
507,NBTE,Polytechnic,"{""raw_name"": ""I-Con Universal Polytechnic, Osogbo"", ""vc_or_provost"": """", ""year_established"": """", ""source_row_number"": ""81"", ""source_file"": ""(NBTE) PRIVATE POLYTECHNICS.md""}",https://digitalnbte.nbte.gov.ng,2026-09-04,True
508,NBTE,Polytechnic,"{""raw_name"": ""Landmark Polytechnic, Ayetoro"", ""vc_or_provost"": """", ""year_established"": """", ""source_row_number"": ""82"", ""source_file"": ""(NBTE) PRIVATE POLYTECHNICS.md""}",https://digitalnbte.nbte.gov.ng,2026-09-04,True
509,NBTE,Polytechnic,"{""raw_name"": ""Redeemers College of Technology And Management, Mowe"", ""vc_or_provost"": """", ""year_established"": """", ""source_row_number"": ""83"", ""source_file"": ""(NBTE) PRIVATE POLYTECHNICS.md""}",https://digitalnbte.nbte.gov.ng,2026-09-04,True
510,NBTE,Polytechnic,"{""raw_name"": ""Stars Polytechnic, Ota"", ""vc_or_provost"": """", ""year_established"": """", ""source_row_number"": ""84"", ""source_file"": ""(NBTE) PRIVATE POLYTECHNICS.md""}",https://digitalnbte.nbte.gov.ng,2026-09-04,True
511,NBTE,Polytechnic,"{""raw_name"": ""First City Polytechnic, Abeokuta, Ogun State"", ""vc_or_provost"": """", ""year_established"": """", ""source_row_number"": ""85"", ""source_file"": ""(NBTE) PRIVATE POLYTECHNICS.md""}",https://digitalnbte.nbte.gov.ng,2026-09-04,True
512,NBTE,Polytechnic,"{""raw_name"": ""First City Polytechnic, Abeokuta, Ogun State"", ""vc_or_provost"": """", ""year_established"": """", ""source_row_number"": ""86"", ""source_file"": ""(NBTE) PRIVATE POLYTECHNICS.md""}",https://digitalnbte.nbte.gov.ng,2026-09-04,True
513,NBTE,Polytechnic,"{""raw_name"": ""Best Solution Polytechnic, Akure"", ""vc_or_provost"": """", ""year_established"": """", ""source_row_number"": ""87"", ""source_file"": ""(NBTE) PRIVATE POLYTECHNICS.md""}",https://digitalnbte.nbte.gov.ng,2026-09-04,True
514,NBTE,Polytechnic,"{""raw_name"": ""British Transatlantic Polytechnic, Akure"", ""vc_or_provost"": """", ""year_established"": """", ""source_row_number"": ""88"", ""source_file"": ""(NBTE) PRIVATE POLYTECHNICS.md""}",https://digitalnbte.nbte.gov.ng,2026-09-04,True
515,NBTE,Polytechnic,"{""raw_name"": ""Edward Olaseni Polytechnic, Ajowa- Akoko, Ondo State"", ""vc_or_provost"": """", ""year_established"": """", ""source_row_number"": ""89"", ""source_file"": ""(NBTE) PRIVATE POLYTECHNICS.md""}",https://digitalnbte.nbte.gov.ng,2026-09-04,True
516,NBTE,Polytechnic,"{""raw_name"": ""Distinct Polytechnic, Ekosin"", ""vc_or_provost"": """", ""year_established"": """", ""source_row_number"": ""90"", ""source_file"": ""(NBTE) PRIVATE POLYTECHNICS.md""}",https://digitalnbte.nbte.gov.ng,2026-09-04,True
517,NBTE,Polytechnic,"{""raw_name"": ""Igbajo Polytechnic, Igbajo"", ""vc_or_provost"": """", ""year_established"": """", ""source_row_number"": ""91"", ""source_file"": ""(NBTE) PRIVATE POLYTECHNICS.md""}",https://digitalnbte.nbte.gov.ng,2026-09-04,True
518,NBTE,Polytechnic,"{""raw_name"": ""Interlink Polytechnic, Ijebu-Jesa"", ""vc_or_provost"": """", ""year_established"": """", ""source_row_number"": ""92"", ""source_file"": ""(NBTE) PRIVATE POLYTECHNICS.md""}",https://digitalnbte.nbte.gov.ng,2026-09-04,True
519,NBTE,Polytechnic,"{""raw_name"": ""Iwo City Polytechnic, Iwo"", ""vc_or_provost"": """", ""year_established"": """", ""source_row_number"": ""93"", ""source_file"": ""(NBTE) PRIVATE POLYTECHNICS.md""}",https://digitalnbte.nbte.gov.ng,2026-09-04,True
520,NBTE,Polytechnic,"{""raw_name"": ""The Polytechnic, Ile-Ife"", ""vc_or_provost"": """", ""year_established"": """", ""source_row_number"": ""94"", ""source_file"": ""(NBTE) PRIVATE POLYTECHNICS.md""}",https://digitalnbte.nbte.gov.ng,2026-09-04,True
521,NBTE,Polytechnic,"{""raw_name"": ""Villanova Polytechnic, Imesi-Ile"", ""vc_or_provost"": """", ""year_established"": """", ""source_row_number"": ""95"", ""source_file"": ""(NBTE) PRIVATE POLYTECHNICS.md""}",https://digitalnbte.nbte.gov.ng,2026-09-04,True
522,NBTE,Polytechnic,"{""raw_name"": ""Westland Polytechnic, Ilobu, Osun"", ""vc_or_provost"": """", ""year_established"": """", ""source_row_number"": ""96"", ""source_file"": ""(NBTE) PRIVATE POLYTECHNICS.md""}",https://digitalnbte.nbte.gov.ng,2026-09-04,True
523,NBTE,Polytechnic,"{""raw_name"": ""Wolex Polytechnic, Iwo, Osun State"", ""vc_or_provost"": """", ""year_established"": """", ""source_row_number"": ""97"", ""source_file"": ""(NBTE) PRIVATE POLYTECHNICS.md""}",https://digitalnbte.nbte.gov.ng,2026-09-04,True
524,NBTE,Polytechnic,"{""raw_name"": ""Daboss Polytechnic"", ""vc_or_provost"": """", ""year_established"": """", ""source_row_number"": ""98"", ""source_file"": ""(NBTE) PRIVATE POLYTECHNICS.md""}",https://digitalnbte.nbte.gov.ng,2026-09-04,True
525,NBTE,Polytechnic,"{""raw_name"": ""Bolmor Polytechnic, Ibadan"", ""vc_or_provost"": """", ""year_established"": """", ""source_row_number"": ""99"", ""source_file"": ""(NBTE) PRIVATE POLYTECHNICS.md""}",https://digitalnbte.nbte.gov.ng,2026-09-04,True
526,NBTE,Polytechnic,"{""raw_name"": ""Ibadan City Polytechnic, Ibadan"", ""vc_or_provost"": """", ""year_established"": """", ""source_row_number"": ""100"", ""source_file"": ""(NBTE) PRIVATE POLYTECHNICS.md""}",https://digitalnbte.nbte.gov.ng,2026-09-04,True
527,NBTE,Polytechnic,"{""raw_name"": ""Novelty Polytechnic, Kishi"", ""vc_or_provost"": """", ""year_established"": """", ""source_row_number"": ""101"", ""source_file"": ""(NBTE) PRIVATE POLYTECHNICS.md""}",https://digitalnbte.nbte.gov.ng,2026-09-04,True
528,NBTE,Polytechnic,"{""raw_name"": ""Saf Polytechnic, Iseyin"", ""vc_or_provost"": """", ""year_established"": """", ""source_row_number"": ""102"", ""source_file"": ""(NBTE) PRIVATE POLYTECHNICS.md""}",https://digitalnbte.nbte.gov.ng,2026-09-04,True
529,NBTE,Polytechnic,"{""raw_name"": ""Tower Polytechnic, Ibadan"", ""vc_or_provost"": """", ""year_established"": """", ""source_row_number"": ""103"", ""source_file"": ""(NBTE) PRIVATE POLYTECHNICS.md""}",https://digitalnbte.nbte.gov.ng,2026-09-04,True
530,NBTE,Polytechnic,"{""raw_name"": ""The West African Polytechnic"", ""vc_or_provost"": """", ""year_established"": """", ""source_row_number"": ""104"", ""source_file"": ""(NBTE) PRIVATE POLYTECHNICS.md""}",https://digitalnbte.nbte.gov.ng,2026-09-04,True
531,NBTE,Polytechnic,"{""raw_name"": ""American Polytechnic, Wasimi"", ""vc_or_provost"": """", ""year_established"": """", ""source_row_number"": ""105"", ""source_file"": ""(NBTE) PRIVATE POLYTECHNICS.md""}",https://digitalnbte.nbte.gov.ng,2026-09-04,True
532,NBTE,Polytechnic,"{""raw_name"": ""United Polytechnic, Jos"", ""vc_or_provost"": """", ""year_established"": """", ""source_row_number"": ""106"", ""source_file"": ""(NBTE) PRIVATE POLYTECHNICS.md""}",https://digitalnbte.nbte.gov.ng,2026-09-04,True
533,NBTE,Polytechnic,"{""raw_name"": ""Eastern Polytechnic, Port Harcourt"", ""vc_or_provost"": """", ""year_established"": """", ""source_row_number"": ""107"", ""source_file"": ""(NBTE) PRIVATE POLYTECHNICS.md""}",https://digitalnbte.nbte.gov.ng,2026-09-04,True
534,NBTE,Unspecified,"{""raw_name"": ""Yenagoa Polytechnic"", ""vc_or_provost"": """", ""year_established"": """", ""source_row_number"": ""1"", ""source_file"": ""(NBTE) UNCATEGORIZED POLYTECHNICS.md""}",https://digitalnbte.nbte.gov.ng,2026-09-04,True
535,NBTE,Allied Institution,"{""raw_name"": ""Bauchi State College of Agriculture"", ""vc_or_provost"": """", ""year_established"": """", ""source_row_number"": ""1"", ""source_file"": ""(NBTE) ALLIED INSTITUTIONS.md""}",https://digitalnbte.nbte.gov.ng,2026-09-04,True
536,NBTE,Allied Institution,"{""raw_name"": ""College of Agriculture and Animal Health, Bakura"", ""vc_or_provost"": """", ""year_established"": """", ""source_row_number"": ""2"", ""source_file"": ""(NBTE) ALLIED INSTITUTIONS.md""}",https://digitalnbte.nbte.gov.ng,2026-09-04,True
537,NBTE,Allied Institution,"{""raw_name"": ""College of Agriculture, Zuru"", ""vc_or_provost"": """", ""year_established"": """", ""source_row_number"": ""3"", ""source_file"": ""(NBTE) ALLIED INSTITUTIONS.md""}",https://digitalnbte.nbte.gov.ng,2026-09-04,True
538,NBTE,Allied Institution,"{""raw_name"": ""Edo State College of Agriculture, Iguoriakhi"", ""vc_or_provost"": """", ""year_established"": """", ""source_row_number"": ""4"", ""source_file"": ""(NBTE) ALLIED INSTITUTIONS.md""}",https://digitalnbte.nbte.gov.ng,2026-09-04,True
539,NBTE,Allied Institution,"{""raw_name"": ""Federal College of Agricultural Produce, Kano"", ""vc_or_provost"": """", ""year_established"": """", ""source_row_number"": ""5"", ""source_file"": ""(NBTE) ALLIED INSTITUTIONS.md""}",https://digitalnbte.nbte.gov.ng,2026-09-04,True
540,NBTE,Allied Institution,"{""raw_name"": ""Federal College of Agriculture, Moor-Plantation, Ibadan"", ""vc_or_provost"": """", ""year_established"": """", ""source_row_number"": ""6"", ""source_file"": ""(NBTE) ALLIED INSTITUTIONS.md""}",https://digitalnbte.nbte.gov.ng,2026-09-04,True
541,NBTE,Allied Institution,"{""raw_name"": ""Federal College of Agriculture, Ishiagu"", ""vc_or_provost"": """", ""year_established"": """", ""source_row_number"": ""7"", ""source_file"": ""(NBTE) ALLIED INSTITUTIONS.md""}",https://digitalnbte.nbte.gov.ng,2026-09-04,True
542,NBTE,Allied Institution,"{""raw_name"": ""Federal College of Animal Health & Production Technology, Ibadan,"", ""vc_or_provost"": """", ""year_established"": """", ""source_row_number"": ""8"", ""source_file"": ""(NBTE) ALLIED INSTITUTIONS.md""}",https://digitalnbte.nbte.gov.ng,2026-09-04,True
543,NBTE,Allied Institution,"{""raw_name"": ""Federal College of Animal Health & Production Technology, Vom"", ""vc_or_provost"": """", ""year_established"": """", ""source_row_number"": ""9"", ""source_file"": ""(NBTE) ALLIED INSTITUTIONS.md""}",https://digitalnbte.nbte.gov.ng,2026-09-04,True
544,NBTE,Allied Institution,"{""raw_name"": ""Federal College of Fisheries & Marine Technology, Victoria Island"", ""vc_or_provost"": """", ""year_established"": """", ""source_row_number"": ""10"", ""source_file"": ""(NBTE) ALLIED INSTITUTIONS.md""}",https://digitalnbte.nbte.gov.ng,2026-09-04,True
545,NBTE,Allied Institution,"{""raw_name"": ""Federal College of Forestry, Ibadan"", ""vc_or_provost"": """", ""year_established"": """", ""source_row_number"": ""11"", ""source_file"": ""(NBTE) ALLIED INSTITUTIONS.md""}",https://digitalnbte.nbte.gov.ng,2026-09-04,True
546,NBTE,Allied Institution,"{""raw_name"": ""Federal College of Forestry, Jos"", ""vc_or_provost"": """", ""year_established"": """", ""source_row_number"": ""12"", ""source_file"": ""(NBTE) ALLIED INSTITUTIONS.md""}",https://digitalnbte.nbte.gov.ng,2026-09-04,True
547,NBTE,Allied Institution,"{""raw_name"": ""Federal College of Forestry Mechanization, Afaka"", ""vc_or_provost"": """", ""year_established"": """", ""source_row_number"": ""13"", ""source_file"": ""(NBTE) ALLIED INSTITUTIONS.md""}",https://digitalnbte.nbte.gov.ng,2026-09-04,True
548,NBTE,Allied Institution,"{""raw_name"": ""Federal College of Forestry Resources Management, Fugar"", ""vc_or_provost"": """", ""year_established"": """", ""source_row_number"": ""14"", ""source_file"": ""(NBTE) ALLIED INSTITUTIONS.md""}",https://digitalnbte.nbte.gov.ng,2026-09-04,True
549,NBTE,Allied Institution,"{""raw_name"": ""Federal College of Forestry Resources Management, Ishiagu"", ""vc_or_provost"": """", ""year_established"": """", ""source_row_number"": ""15"", ""source_file"": ""(NBTE) ALLIED INSTITUTIONS.md""}",https://digitalnbte.nbte.gov.ng,2026-09-04,True
550,NBTE,Allied Institution,"{""raw_name"": ""Federal College of Forestry Resources Management, Maiduguri"", ""vc_or_provost"": """", ""year_established"": """", ""source_row_number"": ""16"", ""source_file"": ""(NBTE) ALLIED INSTITUTIONS.md""}",https://digitalnbte.nbte.gov.ng,2026-09-04,True
551,NBTE,Allied Institution,"{""raw_name"": ""Federal College of Freshwater Fisheries Technology, New Bussa"", ""vc_or_provost"": """", ""year_established"": """", ""source_row_number"": ""17"", ""source_file"": ""(NBTE) ALLIED INSTITUTIONS.md""}",https://digitalnbte.nbte.gov.ng,2026-09-04,True
552,NBTE,Allied Institution,"{""raw_name"": ""Federal College of Horticultural Technology, Dadin Kowa"", ""vc_or_provost"": """", ""year_established"": """", ""source_row_number"": ""18"", ""source_file"": ""(NBTE) ALLIED INSTITUTIONS.md""}",https://digitalnbte.nbte.gov.ng,2026-09-04,True
553,NBTE,Allied Institution,"{""raw_name"": ""Federal College of Land Resources Technology, Kuru"", ""vc_or_provost"": """", ""year_established"": """", ""source_row_number"": ""19"", ""source_file"": ""(NBTE) ALLIED INSTITUTIONS.md""}",https://digitalnbte.nbte.gov.ng,2026-09-04,True
554,NBTE,Allied Institution,"{""raw_name"": ""Federal College of Land Resources Technology, Owerri"", ""vc_or_provost"": """", ""year_established"": """", ""source_row_number"": ""20"", ""source_file"": ""(NBTE) ALLIED INSTITUTIONS.md""}",https://digitalnbte.nbte.gov.ng,2026-09-04,True
555,NBTE,Allied Institution,"{""raw_name"": ""Federal College of Veterinary and Medical Laboratory Technology, Vom"", ""vc_or_provost"": """", ""year_established"": """", ""source_row_number"": ""21"", ""source_file"": ""(NBTE) ALLIED INSTITUTIONS.md""}",https://digitalnbte.nbte.gov.ng,2026-09-04,True
556,NBTE,Allied Institution,"{""raw_name"": ""Mohammet Lawan College of Agriculture, Maiduguri"", ""vc_or_provost"": """", ""year_established"": """", ""source_row_number"": ""22"", ""source_file"": ""(NBTE) ALLIED INSTITUTIONS.md""}",https://digitalnbte.nbte.gov.ng,2026-09-04,True
557,NBTE,Allied Institution,"{""raw_name"": ""Plateau State College of Agriculture, Garkawa"", ""vc_or_provost"": """", ""year_established"": """", ""source_row_number"": ""23"", ""source_file"": ""(NBTE) ALLIED INSTITUTIONS.md""}",https://digitalnbte.nbte.gov.ng,2026-09-04,True
558,NBTE,Allied Institution,"{""raw_name"": ""Samaru College of Agriculture, DAC ABU, Zaria"", ""vc_or_provost"": """", ""year_established"": """", ""source_row_number"": ""24"", ""source_file"": ""(NBTE) ALLIED INSTITUTIONS.md""}",https://digitalnbte.nbte.gov.ng,2026-09-04,True
559,NBTE,Allied Institution,"{""raw_name"": ""Usteem College of Agriculture, Osogbo"", ""vc_or_provost"": """", ""year_established"": """", ""source_row_number"": ""25"", ""source_file"": ""(NBTE) ALLIED INSTITUTIONS.md""}",https://digitalnbte.nbte.gov.ng,2026-09-04,True
560,NBTE,Allied Institution,"{""raw_name"": ""Yobe State College of Agriculture, Gujba"", ""vc_or_provost"": """", ""year_established"": """", ""source_row_number"": ""26"", ""source_file"": ""(NBTE) ALLIED INSTITUTIONS.md""}",https://digitalnbte.nbte.gov.ng,2026-09-04,True
561,NBTE,Allied Institution,"{""raw_name"": ""Federal School of Dental Technology & Therapy, Enugu"", ""vc_or_provost"": """", ""year_established"": """", ""source_row_number"": ""27"", ""source_file"": ""(NBTE) ALLIED INSTITUTIONS.md""}",https://digitalnbte.nbte.gov.ng,2026-09-04,True
562,NBTE,Allied Institution,"{""raw_name"": ""Nigerian Army School of Medical Sciences, Ojo"", ""vc_or_provost"": """", ""year_established"": """", ""source_row_number"": ""28"", ""source_file"": ""(NBTE) ALLIED INSTITUTIONS.md""}",https://digitalnbte.nbte.gov.ng,2026-09-04,True
563,NBTE,Allied Institution,"{""raw_name"": ""School of Biomedical Engineering Technology, ABUTH, Shika-Zaria"", ""vc_or_provost"": """", ""year_established"": """", ""source_row_number"": ""29"", ""source_file"": ""(NBTE) ALLIED INSTITUTIONS.md""}",https://digitalnbte.nbte.gov.ng,2026-09-04,True
564,NBTE,Allied Institution,"{""raw_name"": ""School of Biomedical Engineering Technology, Luth, Idi Araba"", ""vc_or_provost"": """", ""year_established"": """", ""source_row_number"": ""30"", ""source_file"": ""(NBTE) ALLIED INSTITUTIONS.md""}",https://digitalnbte.nbte.gov.ng,2026-09-04,True
565,NBTE,Allied Institution,"{""raw_name"": ""School of Biomedical Engineering, UBTH, Benin"", ""vc_or_provost"": """", ""year_established"": """", ""source_row_number"": ""31"", ""source_file"": ""(NBTE) ALLIED INSTITUTIONS.md""}",https://digitalnbte.nbte.gov.ng,2026-09-04,True
566,NBTE,Allied Institution,"{""raw_name"": ""School of Biomedical Engineering, UMTH, Maiduguri"", ""vc_or_provost"": """", ""year_established"": """", ""source_row_number"": ""32"", ""source_file"": ""(NBTE) ALLIED INSTITUTIONS.md""}",https://digitalnbte.nbte.gov.ng,2026-09-04,True
567,NBTE,Allied Institution,"{""raw_name"": ""School of Laundry and Dry Cleaning Technology, AKTH, Kano"", ""vc_or_provost"": """", ""year_established"": """", ""source_row_number"": ""33"", ""source_file"": ""(NBTE) ALLIED INSTITUTIONS.md""}",https://digitalnbte.nbte.gov.ng,2026-09-04,True
568,NBTE,Allied Institution,"{""raw_name"": ""School of Social Development, UPTH, Port-Harcourt"", ""vc_or_provost"": """", ""year_established"": """", ""source_row_number"": ""34"", ""source_file"": ""(NBTE) ALLIED INSTITUTIONS.md""}",https://digitalnbte.nbte.gov.ng,2026-09-04,True
569,NBTE,Allied Institution,"{""raw_name"": ""Bala Abdullahi College of Administration, Funtua"", ""vc_or_provost"": """", ""year_established"": """", ""source_row_number"": ""35"", ""source_file"": ""(NBTE) ALLIED INSTITUTIONS.md""}",https://digitalnbte.nbte.gov.ng,2026-09-04,True
570,NBTE,Allied Institution,"{""raw_name"": ""Centre for Advanced Library and Information Management, Enugu"", ""vc_or_provost"": """", ""year_established"": """", ""source_row_number"": ""36"", ""source_file"": ""(NBTE) ALLIED INSTITUTIONS.md""}",https://digitalnbte.nbte.gov.ng,2026-09-04,True
571,NBTE,Allied Institution,"{""raw_name"": ""College of Business and Management Studies, Konduga"", ""vc_or_provost"": """", ""year_established"": """", ""source_row_number"": ""37"", ""source_file"": ""(NBTE) ALLIED INSTITUTIONS.md""}",https://digitalnbte.nbte.gov.ng,2026-09-04,True
572,NBTE,Allied Institution,"{""raw_name"": ""College of Administration, Management & Technology, Potiskum"", ""vc_or_provost"": """", ""year_established"": """", ""source_row_number"": ""38"", ""source_file"": ""(NBTE) ALLIED INSTITUTIONS.md""}",https://digitalnbte.nbte.gov.ng,2026-09-04,True
573,NBTE,Allied Institution,"{""raw_name"": ""College of Arabic and Islamic Legal Studies, Ilorin, Kwara State"", ""vc_or_provost"": """", ""year_established"": """", ""source_row_number"": ""39"", ""source_file"": ""(NBTE) ALLIED INSTITUTIONS.md""}",https://digitalnbte.nbte.gov.ng,2026-09-04,True
574,NBTE,Allied Institution,"{""raw_name"": ""Commonwealth College of Technology, Gboko, Benue State"", ""vc_or_provost"": """", ""year_established"": """", ""source_row_number"": ""40"", ""source_file"": ""(NBTE) ALLIED INSTITUTIONS.md""}",https://digitalnbte.nbte.gov.ng,2026-09-04,True
575,NBTE,Allied Institution,"{""raw_name"": ""ED-John Institute of Management and Technology Ikorodu, Lagos State"", ""vc_or_provost"": """", ""year_established"": """", ""source_row_number"": ""41"", ""source_file"": ""(NBTE) ALLIED INSTITUTIONS.md""}",https://digitalnbte.nbte.gov.ng,2026-09-04,True
576,NBTE,Allied Institution,"{""raw_name"": ""Federal Cooperative College, Kaduna"", ""vc_or_provost"": """", ""year_established"": """", ""source_row_number"": ""42"", ""source_file"": ""(NBTE) ALLIED INSTITUTIONS.md""}",https://digitalnbte.nbte.gov.ng,2026-09-04,True
577,NBTE,Allied Institution,"{""raw_name"": ""Federal School of Social Works, Emene, Enugu"", ""vc_or_provost"": """", ""year_established"": """", ""source_row_number"": ""43"", ""source_file"": ""(NBTE) ALLIED INSTITUTIONS.md""}",https://digitalnbte.nbte.gov.ng,2026-09-04,True
578,NBTE,Allied Institution,"{""raw_name"": ""Federal Training Centre, Kaduna"", ""vc_or_provost"": """", ""year_established"": """", ""source_row_number"": ""44"", ""source_file"": ""(NBTE) ALLIED INSTITUTIONS.md""}",https://digitalnbte.nbte.gov.ng,2026-09-04,True
579,NBTE,Allied Institution,"{""raw_name"": ""Federal Training Centre, Maiduguri"", ""vc_or_provost"": """", ""year_established"": """", ""source_row_number"": ""45"", ""source_file"": ""(NBTE) ALLIED INSTITUTIONS.md""}",https://digitalnbte.nbte.gov.ng,2026-09-04,True
580,NBTE,Allied Institution,"{""raw_name"": ""Harvarde College of Business and Management Studies, Abeokuta"", ""vc_or_provost"": """", ""year_established"": """", ""source_row_number"": ""46"", ""source_file"": ""(NBTE) ALLIED INSTITUTIONS.md""}",https://digitalnbte.nbte.gov.ng,2026-09-04,True
581,NBTE,Allied Institution,"{""raw_name"": ""Institute of Administration, ABU, Zaria"", ""vc_or_provost"": """", ""year_established"": """", ""source_row_number"": ""47"", ""source_file"": ""(NBTE) ALLIED INSTITUTIONS.md""}",https://digitalnbte.nbte.gov.ng,2026-09-04,True
582,NBTE,Allied Institution,"{""raw_name"": ""Jigawa State College of Remedial and and Advance Studies, Babura"", ""vc_or_provost"": """", ""year_established"": """", ""source_row_number"": ""48"", ""source_file"": ""(NBTE) ALLIED INSTITUTIONS.md""}",https://digitalnbte.nbte.gov.ng,2026-09-04,True
583,NBTE,Allied Institution,"{""raw_name"": ""Jigawa State Institute of Information Technology, Kazaure"", ""vc_or_provost"": """", ""year_established"": """", ""source_row_number"": ""49"", ""source_file"": ""(NBTE) ALLIED INSTITUTIONS.md""}",https://digitalnbte.nbte.gov.ng,2026-09-04,True
584,NBTE,Allied Institution,"{""raw_name"": ""Joemarine Institute of Nautical Studies and Research Effurun, Delta State"", ""vc_or_provost"": """", ""year_established"": """", ""source_row_number"": ""50"", ""source_file"": ""(NBTE) ALLIED INSTITUTIONS.md""}",https://digitalnbte.nbte.gov.ng,2026-09-04,True
585,NBTE,Allied Institution,"{""raw_name"": ""Lagos State Co-operative College, Agege, Lagos State"", ""vc_or_provost"": """", ""year_established"": """", ""source_row_number"": ""51"", ""source_file"": ""(NBTE) ALLIED INSTITUTIONS.md""}",https://digitalnbte.nbte.gov.ng,2026-09-04,True
586,NBTE,Allied Institution,"{""raw_name"": ""Lapo Institute for Microfinance and Management Studies Benin"", ""vc_or_provost"": """", ""year_established"": """", ""source_row_number"": ""52"", ""source_file"": ""(NBTE) ALLIED INSTITUTIONS.md""}",https://digitalnbte.nbte.gov.ng,2026-09-04,True
587,NBTE,Allied Institution,"{""raw_name"": ""Metallurgical Training Institute, Onitsha"", ""vc_or_provost"": """", ""year_established"": """", ""source_row_number"": ""53"", ""source_file"": ""(NBTE) ALLIED INSTITUTIONS.md""}",https://digitalnbte.nbte.gov.ng,2026-09-04,True
588,NBTE,Allied Institution,"{""raw_name"": ""Michael Imodu National Institute for Labour Studies, Ilorin"", ""vc_or_provost"": """", ""year_established"": """", ""source_row_number"": ""54"", ""source_file"": ""(NBTE) ALLIED INSTITUTIONS.md""}",https://digitalnbte.nbte.gov.ng,2026-09-04,True
589,NBTE,Allied Institution,"{""raw_name"": ""Muhammadu Buhari Meteorological Institute of Science and Technology Katsina"", ""vc_or_provost"": """", ""year_established"": """", ""source_row_number"": ""55"", ""source_file"": ""(NBTE) ALLIED INSTITUTIONS.md""}",https://digitalnbte.nbte.gov.ng,2026-09-04,True
590,NBTE,Allied Institution,"{""raw_name"": ""Muson School of Music, Marina Onikan, Lagos State"", ""vc_or_provost"": """", ""year_established"": """", ""source_row_number"": ""56"", ""source_file"": ""(NBTE) ALLIED INSTITUTIONS.md""}",https://digitalnbte.nbte.gov.ng,2026-09-04,True
591,NBTE,Allied Institution,"{""raw_name"": ""National Institute for Cultural Orientation, Lagos Training School, Lagos State"", ""vc_or_provost"": """", ""year_established"": """", ""source_row_number"": ""57"", ""source_file"": ""(NBTE) ALLIED INSTITUTIONS.md""}",https://digitalnbte.nbte.gov.ng,2026-09-04,True
592,NBTE,Allied Institution,"{""raw_name"": ""National Institute for Hospitality and Tourism Bagauda, Kano"", ""vc_or_provost"": """", ""year_established"": """", ""source_row_number"": ""58"", ""source_file"": ""(NBTE) ALLIED INSTITUTIONS.md""}",https://digitalnbte.nbte.gov.ng,2026-09-04,True
593,NBTE,Allied Institution,"{""raw_name"": ""National Institute for Legislative and Democratic Studies, Abuja"", ""vc_or_provost"": """", ""year_established"": """", ""source_row_number"": ""59"", ""source_file"": ""(NBTE) ALLIED INSTITUTIONS.md""}",https://digitalnbte.nbte.gov.ng,2026-09-04,True
594,NBTE,Allied Institution,"{""raw_name"": ""National Water Resources Institute, Mando, Kaduna"", ""vc_or_provost"": """", ""year_established"": """", ""source_row_number"": ""60"", ""source_file"": ""(NBTE) ALLIED INSTITUTIONS.md""}",https://digitalnbte.nbte.gov.ng,2026-09-04,True
595,NBTE,Allied Institution,"{""raw_name"": ""Nigerian Army School of Finance and Administration, Apapa, Lagos"", ""vc_or_provost"": """", ""year_established"": """", ""source_row_number"": ""61"", ""source_file"": ""(NBTE) ALLIED INSTITUTIONS.md""}",https://digitalnbte.nbte.gov.ng,2026-09-04,True
596,NBTE,Allied Institution,"{""raw_name"": ""Nigerian Navy College of Accounts & Finance Owerrinta, Abia State"", ""vc_or_provost"": """", ""year_established"": """", ""source_row_number"": ""62"", ""source_file"": ""(NBTE) ALLIED INSTITUTIONS.md""}",https://digitalnbte.nbte.gov.ng,2026-09-04,True
597,NBTE,Allied Institution,"{""raw_name"": ""Nigerian Navy Engineering College, Sapele"", ""vc_or_provost"": """", ""year_established"": """", ""source_row_number"": ""63"", ""source_file"": ""(NBTE) ALLIED INSTITUTIONS.md""}",https://digitalnbte.nbte.gov.ng,2026-09-04,True
598,NBTE,Allied Institution,"{""raw_name"": ""Savannah Institute of Technology Abakaliki, Ebonyi State"", ""vc_or_provost"": """", ""year_established"": """", ""source_row_number"": ""64"", ""source_file"": ""(NBTE) ALLIED INSTITUTIONS.md""}",https://digitalnbte.nbte.gov.ng,2026-09-04,True
599,NBTE,Allied Institution,"{""raw_name"": ""Wavecrest College of Catering and Hospitality Management, Lagos."", ""vc_or_provost"": """", ""year_established"": """", ""source_row_number"": ""65"", ""source_file"": ""(NBTE) ALLIED INSTITUTIONS.md""}",https://digitalnbte.nbte.gov.ng,2026-09-04,True
600,NBTE,Allied Institution,"{""raw_name"": ""Asteven Energy Institute"", ""vc_or_provost"": """", ""year_established"": """", ""source_row_number"": ""66"", ""source_file"": ""(NBTE) ALLIED INSTITUTIONS.md""}",https://digitalnbte.nbte.gov.ng,2026-09-04,True
601,NBTE,Allied Institution,"{""raw_name"": ""Lagos Aviation and Maritime Business (LAMB) Academy"", ""vc_or_provost"": """", ""year_established"": """", ""source_row_number"": ""67"", ""source_file"": ""(NBTE) ALLIED INSTITUTIONS.md""}",https://digitalnbte.nbte.gov.ng,2026-09-04,True
602,NBTE,Allied Institution,"{""raw_name"": ""Mario Institute of Hospitality Management and Entreprenuership Education Uhunowerre"", ""vc_or_provost"": """", ""year_established"": """", ""source_row_number"": ""68"", ""source_file"": ""(NBTE) ALLIED INSTITUTIONS.md""}",https://digitalnbte.nbte.gov.ng,2026-09-04,True
603,NBTE,Allied Institution,"{""raw_name"": ""Nigeria-Korea Friendship Institute of Vocational and Advanced Technology"", ""vc_or_provost"": """", ""year_established"": """", ""source_row_number"": ""69"", ""source_file"": ""(NBTE) ALLIED INSTITUTIONS.md""}",https://digitalnbte.nbte.gov.ng,2026-09-04,True
604,NBTE,Allied Institution,"{""raw_name"": ""Nigerian Institute of Transport & Technology"", ""vc_or_provost"": """", ""year_established"": """", ""source_row_number"": ""70"", ""source_file"": ""(NBTE) ALLIED INSTITUTIONS.md""}",https://digitalnbte.nbte.gov.ng,2026-09-04,True
605,NBTE,Allied Institution,"{""raw_name"": ""Nigerian Television Authority (NTA), Television College"", ""vc_or_provost"": """", ""year_established"": """", ""source_row_number"": ""71"", ""source_file"": ""(NBTE) ALLIED INSTITUTIONS.md""}",https://digitalnbte.nbte.gov.ng,2026-09-04,True
606,NBTE,Allied Institution,"{""raw_name"": ""International College of Technology, Makurdi, Benue State"", ""vc_or_provost"": """", ""year_established"": """", ""source_row_number"": ""72"", ""source_file"": ""(NBTE) ALLIED INSTITUTIONS.md""}",https://digitalnbte.nbte.gov.ng,2026-09-04,True
607,NBTE,Allied Institution,"{""raw_name"": ""Osun College of Management Science Ipetu Ijesha, Osun State"", ""vc_or_provost"": """", ""year_established"": """", ""source_row_number"": ""73"", ""source_file"": ""(NBTE) ALLIED INSTITUTIONS.md""}",https://digitalnbte.nbte.gov.ng,2026-09-04,True
608,NBTE,Allied Institution,"{""raw_name"": ""Fati Lami Abubakar Institute for Legal and Administrative Studies Minna, Niger State"", ""vc_or_provost"": """", ""year_established"": """", ""source_row_number"": ""74"", ""source_file"": ""(NBTE) ALLIED INSTITUTIONS.md""}",https://digitalnbte.nbte.gov.ng,2026-09-04,True
609,NBTE,Allied Institution,"{""raw_name"": ""Nigerian Navy College of Accounts and Finance Owerrinta, Abia State"", ""vc_or_provost"": """", ""year_established"": """", ""source_row_number"": ""75"", ""source_file"": ""(NBTE) ALLIED INSTITUTIONS.md""}",https://digitalnbte.nbte.gov.ng,2026-09-04,True
610,NBTE,Allied Institution,"{""raw_name"": ""COLLEGE FOR LEGAL STUDIES, YOLA ADAMAWA STATE"", ""vc_or_provost"": """", ""year_established"": """", ""source_row_number"": ""76"", ""source_file"": ""(NBTE) ALLIED INSTITUTIONS.md""}",https://digitalnbte.nbte.gov.ng,2026-09-04,True
611,NBTE,Allied Institution,"{""raw_name"": ""Adamawa State College of Agriculture, Science and Technology, Ganye"", ""vc_or_provost"": """", ""year_established"": """", ""source_row_number"": ""77"", ""source_file"": ""(NBTE) ALLIED INSTITUTIONS.md""}",https://digitalnbte.nbte.gov.ng,2026-09-04,True
612,NBTE,Allied Institution,"{""raw_name"": ""Mekaria institute of Technology and Administration, Obosi, Anambra state."", ""vc_or_provost"": """", ""year_established"": """", ""source_row_number"": ""78"", ""source_file"": ""(NBTE) ALLIED INSTITUTIONS.md""}",https://digitalnbte.nbte.gov.ng,2026-09-04,True
613,NBTE,Allied Institution,"{""raw_name"": ""A.D Rufai College of Education, Legal & General Studies, Misau, Bauchi State"", ""vc_or_provost"": """", ""year_established"": """", ""source_row_number"": ""79"", ""source_file"": ""(NBTE) ALLIED INSTITUTIONS.md""}",https://digitalnbte.nbte.gov.ng,2026-09-04,True
614,NBTE,Allied Institution,"{""raw_name"": ""Bauchi Oil and Gas Academy"", ""vc_or_provost"": """", ""year_established"": """", ""source_row_number"": ""80"", ""source_file"": ""(NBTE) ALLIED INSTITUTIONS.md""}",https://digitalnbte.nbte.gov.ng,2026-09-04,True
615,NBTE,Allied Institution,"{""raw_name"": ""International Institute of Tourism, Yenagoa, Bayelsa State"", ""vc_or_provost"": """", ""year_established"": """", ""source_row_number"": ""81"", ""source_file"": ""(NBTE) ALLIED INSTITUTIONS.md""}",https://digitalnbte.nbte.gov.ng,2026-09-04,True
616,NBTE,Allied Institution,"{""raw_name"": ""International Institute of Tourism and Hospitality Yenagoa, Bayelsa State"", ""vc_or_provost"": """", ""year_established"": """", ""source_row_number"": ""82"", ""source_file"": ""(NBTE) ALLIED INSTITUTIONS.md""}",https://digitalnbte.nbte.gov.ng,2026-09-04,True
617,NBTE,Allied Institution,"{""raw_name"": ""Federal College of Freshwater Fisheries Technology, Baga"", ""vc_or_provost"": """", ""year_established"": """", ""source_row_number"": ""83"", ""source_file"": ""(NBTE) ALLIED INSTITUTIONS.md""}",https://digitalnbte.nbte.gov.ng,2026-09-04,True
618,NBTE,Allied Institution,"{""raw_name"": ""Federal College of Wildlife Management, New Bussa"", ""vc_or_provost"": """", ""year_established"": """", ""source_row_number"": ""84"", ""source_file"": ""(NBTE) ALLIED INSTITUTIONS.md""}",https://digitalnbte.nbte.gov.ng,2026-09-04,True
619,NBTE,Allied Institution,"{""raw_name"": ""Federal Training Centre, Calabar"", ""vc_or_provost"": """", ""year_established"": """", ""source_row_number"": ""85"", ""source_file"": ""(NBTE) ALLIED INSTITUTIONS.md""}",https://digitalnbte.nbte.gov.ng,2026-09-04,True
620,NBTE,Allied Institution,"{""raw_name"": ""Thomas Mcgettrick Institute of Technology, Ogoja, Cross River State"", ""vc_or_provost"": """", ""year_established"": """", ""source_row_number"": ""86"", ""source_file"": ""(NBTE) ALLIED INSTITUTIONS.md""}",https://digitalnbte.nbte.gov.ng,2026-09-04,True
621,NBTE,Allied Institution,"{""raw_name"": ""College of Agriculture, Obubura, Cross River state"", ""vc_or_provost"": """", ""year_established"": """", ""source_row_number"": ""87"", ""source_file"": ""(NBTE) ALLIED INSTITUTIONS.md""}",https://digitalnbte.nbte.gov.ng,2026-09-04,True
622,NBTE,Allied Institution,"{""raw_name"": ""All Nations Institute of Marine and Technology, Oghara-Otefe, Delta State"", ""vc_or_provost"": """", ""year_established"": """", ""source_row_number"": ""88"", ""source_file"": ""(NBTE) ALLIED INSTITUTIONS.md""}",https://digitalnbte.nbte.gov.ng,2026-09-04,True
623,NBTE,Allied Institution,"{""raw_name"": ""Global Maritime Academy, Ughelli South Local Government Area, Delta State"", ""vc_or_provost"": """", ""year_established"": """", ""source_row_number"": ""89"", ""source_file"": ""(NBTE) ALLIED INSTITUTIONS.md""}",https://digitalnbte.nbte.gov.ng,2026-09-04,True
624,NBTE,Allied Institution,"{""raw_name"": ""Naval Institute of Technology, Naval Base, New Port - Ogorode, Sapele, Delta State"", ""vc_or_provost"": """", ""year_established"": """", ""source_row_number"": ""90"", ""source_file"": ""(NBTE) ALLIED INSTITUTIONS.md""}",https://digitalnbte.nbte.gov.ng,2026-09-04,True
625,NBTE,Allied Institution,"{""raw_name"": ""Delta Central College of Business and Management Studies, Ughelli, Delta State"", ""vc_or_provost"": """", ""year_established"": """", ""source_row_number"": ""91"", ""source_file"": ""(NBTE) ALLIED INSTITUTIONS.md""}",https://digitalnbte.nbte.gov.ng,2026-09-04,True
626,NBTE,Allied Institution,"{""raw_name"": ""Izisco Obos Institute of Marine Studies and Technology, Warri, Delta"", ""vc_or_provost"": """", ""year_established"": """", ""source_row_number"": ""92"", ""source_file"": ""(NBTE) ALLIED INSTITUTIONS.md""}",https://digitalnbte.nbte.gov.ng,2026-09-04,True
627,NBTE,Allied Institution,"{""raw_name"": ""Federal College of Forest Resources Management, Ishiagu, Ebonyi State"", ""vc_or_provost"": """", ""year_established"": """", ""source_row_number"": ""93"", ""source_file"": ""(NBTE) ALLIED INSTITUTIONS.md""}",https://digitalnbte.nbte.gov.ng,2026-09-04,True
628,NBTE,Allied Institution,"{""raw_name"": ""EFON ALAAYE COLLEGE OF MANAGEMENT AND TECHNOLOGY"", ""vc_or_provost"": """", ""year_established"": """", ""source_row_number"": ""94"", ""source_file"": ""(NBTE) ALLIED INSTITUTIONS.md""}",https://digitalnbte.nbte.gov.ng,2026-09-04,True
629,NBTE,Allied Institution,"{""raw_name"": ""Federal Cooperative College, Oji ? River"", ""vc_or_provost"": """", ""year_established"": """", ""source_row_number"": ""95"", ""source_file"": ""(NBTE) ALLIED INSTITUTIONS.md""}",https://digitalnbte.nbte.gov.ng,2026-09-04,True
630,NBTE,Allied Institution,"{""raw_name"": ""Federal Training Centre, Enugu"", ""vc_or_provost"": """", ""year_established"": """", ""source_row_number"": ""96"", ""source_file"": ""(NBTE) ALLIED INSTITUTIONS.md""}",https://digitalnbte.nbte.gov.ng,2026-09-04,True
631,NBTE,Allied Institution,"{""raw_name"": ""Eastwing Aviation Institute, Emene, Enugu State"", ""vc_or_provost"": """", ""year_established"": """", ""source_row_number"": ""97"", ""source_file"": ""(NBTE) ALLIED INSTITUTIONS.md""}",https://digitalnbte.nbte.gov.ng,2026-09-04,True
632,NBTE,Allied Institution,"{""raw_name"": ""LeadTech School of Management and Technology, Abuja"", ""vc_or_provost"": """", ""year_established"": """", ""source_row_number"": ""98"", ""source_file"": ""(NBTE) ALLIED INSTITUTIONS.md""}",https://digitalnbte.nbte.gov.ng,2026-09-04,True
633,NBTE,Allied Institution,"{""raw_name"": ""SMEDAN Inspire, Create, Start and Scale Institute"", ""vc_or_provost"": """", ""year_established"": """", ""source_row_number"": ""99"", ""source_file"": ""(NBTE) ALLIED INSTITUTIONS.md""}",https://digitalnbte.nbte.gov.ng,2026-09-04,True
634,NBTE,Allied Institution,"{""raw_name"": ""Masterminds Academy for Tourism, Culinary Arts and Hospitality"", ""vc_or_provost"": """", ""year_established"": """", ""source_row_number"": ""100"", ""source_file"": ""(NBTE) ALLIED INSTITUTIONS.md""}",https://digitalnbte.nbte.gov.ng,2026-09-04,True
635,NBTE,Allied Institution,"{""raw_name"": ""NBTE Test School"", ""vc_or_provost"": """", ""year_established"": """", ""source_row_number"": ""101"", ""source_file"": ""(NBTE) ALLIED INSTITUTIONS.md""}",https://digitalnbte.nbte.gov.ng,2026-09-04,True
636,NBTE,Allied Institution,"{""raw_name"": ""Gombe state College of Education and legal Studies, Nafada, Gombe State"", ""vc_or_provost"": """", ""year_established"": """", ""source_row_number"": ""102"", ""source_file"": ""(NBTE) ALLIED INSTITUTIONS.md""}",https://digitalnbte.nbte.gov.ng,2026-09-04,True
637,NBTE,Allied Institution,"{""raw_name"": ""Federal College of Horticulture, Dadin-Kowa, Gombe State"", ""vc_or_provost"": """", ""year_established"": """", ""source_row_number"": ""103"", ""source_file"": ""(NBTE) ALLIED INSTITUTIONS.md""}",https://digitalnbte.nbte.gov.ng,2026-09-04,True
638,NBTE,Allied Institution,"{""raw_name"": ""MBARA OZIOMA COLLEGE OF TECHNOLOGY"", ""vc_or_provost"": """", ""year_established"": """", ""source_row_number"": ""104"", ""source_file"": ""(NBTE) ALLIED INSTITUTIONS.md""}",https://digitalnbte.nbte.gov.ng,2026-09-04,True
639,NBTE,Allied Institution,"{""raw_name"": ""College of Agriculture and Animal Science, DAC-ABU, Mando"", ""vc_or_provost"": """", ""year_established"": """", ""source_row_number"": ""105"", ""source_file"": ""(NBTE) ALLIED INSTITUTIONS.md""}",https://digitalnbte.nbte.gov.ng,2026-09-04,True
640,NBTE,Allied Institution,"{""raw_name"": ""Federal School of Statistics, Manchok"", ""vc_or_provost"": """", ""year_established"": """", ""source_row_number"": ""106"", ""source_file"": ""(NBTE) ALLIED INSTITUTIONS.md""}",https://digitalnbte.nbte.gov.ng,2026-09-04,True
641,NBTE,Allied Institution,"{""raw_name"": ""Khemsafe College of Management, Science and Technology"", ""vc_or_provost"": """", ""year_established"": """", ""source_row_number"": ""107"", ""source_file"": ""(NBTE) ALLIED INSTITUTIONS.md""}",https://digitalnbte.nbte.gov.ng,2026-09-04,True
642,NBTE,Allied Institution,"{""raw_name"": ""Khemsafe College of Management, Science, and Technology, Kaduna, Kaduna State"", ""vc_or_provost"": """", ""year_established"": """", ""source_row_number"": ""108"", ""source_file"": ""(NBTE) ALLIED INSTITUTIONS.md""}",https://digitalnbte.nbte.gov.ng,2026-09-04,True
643,NBTE,Allied Institution,"{""raw_name"": ""Nigerian Airforce School of Medical Sciences and Aviation Medicine, Kaduna."", ""vc_or_provost"": """", ""year_established"": """", ""source_row_number"": ""109"", ""source_file"": ""(NBTE) ALLIED INSTITUTIONS.md""}",https://digitalnbte.nbte.gov.ng,2026-09-04,True
644,NBTE,Allied Institution,"{""raw_name"": ""Audu Bako College of Agriculture, Danbatta"", ""vc_or_provost"": """", ""year_established"": """", ""source_row_number"": ""110"", ""source_file"": ""(NBTE) ALLIED INSTITUTIONS.md""}",https://digitalnbte.nbte.gov.ng,2026-09-04,True
645,NBTE,Allied Institution,"{""raw_name"": ""Mustibrah College of Information Technology and Management Studies"", ""vc_or_provost"": """", ""year_established"": """", ""source_row_number"": ""111"", ""source_file"": ""(NBTE) ALLIED INSTITUTIONS.md""}",https://digitalnbte.nbte.gov.ng,2026-09-04,True
646,NBTE,Allied Institution,"{""raw_name"": ""Kano State Institute of Horticulture, Bagauda"", ""vc_or_provost"": """", ""year_established"": """", ""source_row_number"": ""112"", ""source_file"": ""(NBTE) ALLIED INSTITUTIONS.md""}",https://digitalnbte.nbte.gov.ng,2026-09-04,True
647,NBTE,Allied Institution,"{""raw_name"": ""Federal College of Agriculture & Technology, Nabanje"", ""vc_or_provost"": """", ""year_established"": """", ""source_row_number"": ""113"", ""source_file"": ""(NBTE) ALLIED INSTITUTIONS.md""}",https://digitalnbte.nbte.gov.ng,2026-09-04,True
648,NBTE,Allied Institution,"{""raw_name"": ""Federal Teaching Hospital, Birnin Kebbi, Kebbi State - (School of Dispensing Opticianry)"", ""vc_or_provost"": """", ""year_established"": """", ""source_row_number"": ""114"", ""source_file"": ""(NBTE) ALLIED INSTITUTIONS.md""}",https://digitalnbte.nbte.gov.ng,2026-09-04,True
649,NBTE,Allied Institution,"{""raw_name"": ""College of Agriculture, DAC ABU, Kabba"", ""vc_or_provost"": """", ""year_established"": """", ""source_row_number"": ""115"", ""source_file"": ""(NBTE) ALLIED INSTITUTIONS.md""}",https://digitalnbte.nbte.gov.ng,2026-09-04,True
650,NBTE,Allied Institution,"{""raw_name"": ""Federal Training Centre, Ilorin"", ""vc_or_provost"": """", ""year_established"": """", ""source_row_number"": ""116"", ""source_file"": ""(NBTE) ALLIED INSTITUTIONS.md""}",https://digitalnbte.nbte.gov.ng,2026-09-04,True
651,NBTE,Allied Institution,"{""raw_name"": ""SHARIFAT INSTITUTE OF PROFESSIONAL AND ISLAMIC LEGAL STUDIES, ILORIN"", ""vc_or_provost"": """", ""year_established"": """", ""source_row_number"": ""117"", ""source_file"": ""(NBTE) ALLIED INSTITUTIONS.md""}",https://digitalnbte.nbte.gov.ng,2026-09-04,True
652,NBTE,Allied Institution,"{""raw_name"": ""Federal Training Centre, Ikoyi"", ""vc_or_provost"": """", ""year_established"": """", ""source_row_number"": ""118"", ""source_file"": ""(NBTE) ALLIED INSTITUTIONS.md""}",https://digitalnbte.nbte.gov.ng,2026-09-04,True
653,NBTE,Allied Institution,"{""raw_name"": ""National Institute for Sports, Surulere, Lagos"", ""vc_or_provost"": """", ""year_established"": """", ""source_row_number"": ""119"", ""source_file"": ""(NBTE) ALLIED INSTITUTIONS.md""}",https://digitalnbte.nbte.gov.ng,2026-09-04,True
654,NBTE,Allied Institution,"{""raw_name"": ""Nigerian Army School of Signals, Apapa, Lagos"", ""vc_or_provost"": """", ""year_established"": """", ""source_row_number"": ""120"", ""source_file"": ""(NBTE) ALLIED INSTITUTIONS.md""}",https://digitalnbte.nbte.gov.ng,2026-09-04,True
655,NBTE,Allied Institution,"{""raw_name"": ""Nigerian Institute of Journalism, Ikeja, Lagos"", ""vc_or_provost"": """", ""year_established"": """", ""source_row_number"": ""121"", ""source_file"": ""(NBTE) ALLIED INSTITUTIONS.md""}",https://digitalnbte.nbte.gov.ng,2026-09-04,True
656,NBTE,Allied Institution,"{""raw_name"": ""OAK Business School, OPIC, River View Estate, Ogun State"", ""vc_or_provost"": """", ""year_established"": """", ""source_row_number"": ""122"", ""source_file"": ""(NBTE) ALLIED INSTITUTIONS.md""}",https://digitalnbte.nbte.gov.ng,2026-09-04,True
657,NBTE,Allied Institution,"{""raw_name"": ""DALEWARES INSTITUTE OF TECHNOLOGY LTD"", ""vc_or_provost"": """", ""year_established"": """", ""source_row_number"": ""123"", ""source_file"": ""(NBTE) ALLIED INSTITUTIONS.md""}",https://digitalnbte.nbte.gov.ng,2026-09-04,True
658,NBTE,Allied Institution,"{""raw_name"": ""Nubian American Advanced College, Off Chevron Drive, Lekki, Lagos State"", ""vc_or_provost"": """", ""year_established"": """", ""source_row_number"": ""124"", ""source_file"": ""(NBTE) ALLIED INSTITUTIONS.md""}",https://digitalnbte.nbte.gov.ng,2026-09-04,True
659,NBTE,Allied Institution,"{""raw_name"": ""Arabic and Islamic Training Centre (Markaz), Agege, Lagos"", ""vc_or_provost"": """", ""year_established"": """", ""source_row_number"": ""125"", ""source_file"": ""(NBTE) ALLIED INSTITUTIONS.md""}",https://digitalnbte.nbte.gov.ng,2026-09-04,True
660,NBTE,Allied Institution,"{""raw_name"": ""Western Coast Maritime Academy, Lagos"", ""vc_or_provost"": """", ""year_established"": """", ""source_row_number"": ""126"", ""source_file"": ""(NBTE) ALLIED INSTITUTIONS.md""}",https://digitalnbte.nbte.gov.ng,2026-09-04,True
661,NBTE,Allied Institution,"{""raw_name"": ""Certified Institute of Shsipping, Badagry, Lagos"", ""vc_or_provost"": """", ""year_established"": """", ""source_row_number"": ""127"", ""source_file"": ""(NBTE) ALLIED INSTITUTIONS.md""}",https://digitalnbte.nbte.gov.ng,2026-09-04,True
662,NBTE,Allied Institution,"{""raw_name"": ""Abuja School of Pensions and Retirement Planning, Abuja"", ""vc_or_provost"": """", ""year_established"": """", ""source_row_number"": ""128"", ""source_file"": ""(NBTE) ALLIED INSTITUTIONS.md""}",https://digitalnbte.nbte.gov.ng,2026-09-04,True
663,NBTE,Allied Institution,"{""raw_name"": ""Pemgo College of Business and Management Studies Karu, Nasarawa State"", ""vc_or_provost"": """", ""year_established"": """", ""source_row_number"": ""129"", ""source_file"": ""(NBTE) ALLIED INSTITUTIONS.md""}",https://digitalnbte.nbte.gov.ng,2026-09-04,True
664,NBTE,Allied Institution,"{""raw_name"": ""Niger State College of Agriculture, Mokwa"", ""vc_or_provost"": """", ""year_established"": """", ""source_row_number"": ""130"", ""source_file"": ""(NBTE) ALLIED INSTITUTIONS.md""}",https://digitalnbte.nbte.gov.ng,2026-09-04,True
665,NBTE,Allied Institution,"{""raw_name"": ""STARS MARITIME ACADEMY"", ""vc_or_provost"": """", ""year_established"": """", ""source_row_number"": ""131"", ""source_file"": ""(NBTE) ALLIED INSTITUTIONS.md""}",https://digitalnbte.nbte.gov.ng,2026-09-04,True
666,NBTE,Allied Institution,"{""raw_name"": ""Federal College of Agriculture, Akure"", ""vc_or_provost"": """", ""year_established"": """", ""source_row_number"": ""132"", ""source_file"": ""(NBTE) ALLIED INSTITUTIONS.md""}",https://digitalnbte.nbte.gov.ng,2026-09-04,True
667,NBTE,Allied Institution,"{""raw_name"": ""Arosurge College of Survey and Geo-informatics, Oshogbo, Osun State"", ""vc_or_provost"": """", ""year_established"": """", ""source_row_number"": ""133"", ""source_file"": ""(NBTE) ALLIED INSTITUTIONS.md""}",https://digitalnbte.nbte.gov.ng,2026-09-04,True
668,NBTE,Allied Institution,"{""raw_name"": ""Adecom College of Business and Management Studies, Ibadan"", ""vc_or_provost"": """", ""year_established"": """", ""source_row_number"": ""134"", ""source_file"": ""(NBTE) ALLIED INSTITUTIONS.md""}",https://digitalnbte.nbte.gov.ng,2026-09-04,True
669,NBTE,Allied Institution,"{""raw_name"": ""Federal Cooperative College, Ibadan"", ""vc_or_provost"": """", ""year_established"": """", ""source_row_number"": ""135"", ""source_file"": ""(NBTE) ALLIED INSTITUTIONS.md""}",https://digitalnbte.nbte.gov.ng,2026-09-04,True
670,NBTE,Allied Institution,"{""raw_name"": ""Federal School of Statistics, Ibadan"", ""vc_or_provost"": """", ""year_established"": """", ""source_row_number"": ""136"", ""source_file"": ""(NBTE) ALLIED INSTITUTIONS.md""}",https://digitalnbte.nbte.gov.ng,2026-09-04,True
671,NBTE,Allied Institution,"{""raw_name"": ""Federal School of Surveying, Oyo"", ""vc_or_provost"": """", ""year_established"": """", ""source_row_number"": ""137"", ""source_file"": ""(NBTE) ALLIED INSTITUTIONS.md""}",https://digitalnbte.nbte.gov.ng,2026-09-04,True
672,NBTE,Allied Institution,"{""raw_name"": ""HIGHLAND COLLEGE OF TECHNOLOGY"", ""vc_or_provost"": """", ""year_established"": """", ""source_row_number"": ""138"", ""source_file"": ""(NBTE) ALLIED INSTITUTIONS.md""}",https://digitalnbte.nbte.gov.ng,2026-09-04,True
673,NBTE,Allied Institution,"{""raw_name"": ""TNM Media Academy, Dugbe, Ibadan"", ""vc_or_provost"": """", ""year_established"": """", ""source_row_number"": ""139"", ""source_file"": ""(NBTE) ALLIED INSTITUTIONS.md""}",https://digitalnbte.nbte.gov.ng,2026-09-04,True
674,NBTE,Allied Institution,"{""raw_name"": ""Soteria Business School"", ""vc_or_provost"": """", ""year_established"": """", ""source_row_number"": ""140"", ""source_file"": ""(NBTE) ALLIED INSTITUTIONS.md""}",https://digitalnbte.nbte.gov.ng,2026-09-04,True
675,NBTE,Allied Institution,"{""raw_name"": ""Impact School of Broadcasting and Communication, Ibadan"", ""vc_or_provost"": """", ""year_established"": """", ""source_row_number"": ""141"", ""source_file"": ""(NBTE) ALLIED INSTITUTIONS.md""}",https://digitalnbte.nbte.gov.ng,2026-09-04,True
676,NBTE,Allied Institution,"{""raw_name"": ""Soteria Business School, Oke-Ado Ibadan, Oyo"", ""vc_or_provost"": """", ""year_established"": """", ""source_row_number"": ""142"", ""source_file"": ""(NBTE) ALLIED INSTITUTIONS.md""}",https://digitalnbte.nbte.gov.ng,2026-09-04,True
677,NBTE,Allied Institution,"{""raw_name"": ""Nigerian Institute of Leather Sciences and Technology, Samaru, Zaria"", ""vc_or_provost"": """", ""year_established"": """", ""source_row_number"": ""143"", ""source_file"": ""(NBTE) ALLIED INSTITUTIONS.md""}",https://digitalnbte.nbte.gov.ng,2026-09-04,True
678,NBTE,Allied Institution,"{""raw_name"": ""Nigerian Institute of Mining and Geoscience, Jos, Plateau State"", ""vc_or_provost"": """", ""year_established"": """", ""source_row_number"": ""144"", ""source_file"": ""(NBTE) ALLIED INSTITUTIONS.md""}",https://digitalnbte.nbte.gov.ng,2026-09-04,True
679,NBTE,Allied Institution,"{""raw_name"": ""Charkin Maritime Academy, Port Harcourt, Rivers State"", ""vc_or_provost"": """", ""year_established"": """", ""source_row_number"": ""145"", ""source_file"": ""(NBTE) ALLIED INSTITUTIONS.md""}",https://digitalnbte.nbte.gov.ng,2026-09-04,True
680,NBTE,Allied Institution,"{""raw_name"": ""Rivers state University Teaching Hospital, Port Harcourt."", ""vc_or_provost"": """", ""year_established"": """", ""source_row_number"": ""146"", ""source_file"": ""(NBTE) ALLIED INSTITUTIONS.md""}",https://digitalnbte.nbte.gov.ng,2026-09-04,True
681,NBTE,Allied Institution,"{""raw_name"": ""College of Agriculture, Science and Technology, Jalingo"", ""vc_or_provost"": """", ""year_established"": """", ""source_row_number"": ""147"", ""source_file"": ""(NBTE) ALLIED INSTITUTIONS.md""}",https://digitalnbte.nbte.gov.ng,2026-09-04,True
682,NBTE,Allied Institution,"{""raw_name"": ""College of Education & Legal Studies, Nguru"", ""vc_or_provost"": """", ""year_established"": """", ""source_row_number"": ""148"", ""source_file"": ""(NBTE) ALLIED INSTITUTIONS.md""}",https://digitalnbte.nbte.gov.ng,2026-09-04,True
683,NBTE,Allied Institution,"{""raw_name"": ""Zamfara College of Arts and Science, Gusau"", ""vc_or_provost"": """", ""year_established"": """", ""source_row_number"": ""149"", ""source_file"": ""(NBTE) ALLIED INSTITUTIONS.md""}",https://digitalnbte.nbte.gov.ng,2026-09-04,True
684,NBTE,Allied Institution,"{""raw_name"": ""Zamfara Institute of Information Technology, ZIIT, Gusau"", ""vc_or_provost"": """", ""year_established"": """", ""source_row_number"": ""150"", ""source_file"": ""(NBTE) ALLIED INSTITUTIONS.md""}",https://digitalnbte.nbte.gov.ng,2026-09-04,True
685,NBTE,College of Health Technology,"{""raw_name"": ""Abia State College of Health Technology, Aba"", ""vc_or_provost"": """", ""year_established"": """", ""source_row_number"": ""1"", ""source_file"": ""(NBTE) COLLEGES OF HEALTH TECH.md""}",https://digitalnbte.nbte.gov.ng,2026-09-04,True
686,NBTE,College of Health Technology,"{""raw_name"": ""ABUTH School of Health Information Mgt."", ""vc_or_provost"": """", ""year_established"": """", ""source_row_number"": ""2"", ""source_file"": ""(NBTE) COLLEGES OF HEALTH TECH.md""}",https://digitalnbte.nbte.gov.ng,2026-09-04,True
687,NBTE,College of Health Technology,"{""raw_name"": ""Al-Maarif College of Health Sciences & Technology, Potiskum"", ""vc_or_provost"": """", ""year_established"": """", ""source_row_number"": ""3"", ""source_file"": ""(NBTE) COLLEGES OF HEALTH TECH.md""}",https://digitalnbte.nbte.gov.ng,2026-09-04,True
688,NBTE,College of Health Technology,"{""raw_name"": ""Aminu Dabo College of Health Sciences and Technology, Kano"", ""vc_or_provost"": """", ""year_established"": """", ""source_row_number"": ""4"", ""source_file"": ""(NBTE) COLLEGES OF HEALTH TECH.md""}",https://digitalnbte.nbte.gov.ng,2026-09-04,True
689,NBTE,College of Health Technology,"{""raw_name"": ""Anambra State College of Health Technology, Obosi"", ""vc_or_provost"": """", ""year_established"": """", ""source_row_number"": ""5"", ""source_file"": ""(NBTE) COLLEGES OF HEALTH TECH.md""}",https://digitalnbte.nbte.gov.ng,2026-09-04,True
690,NBTE,College of Health Technology,"{""raw_name"": ""Babalola Academy College of Health Technology Oloru, Ilorin"", ""vc_or_provost"": """", ""year_established"": """", ""source_row_number"": ""6"", ""source_file"": ""(NBTE) COLLEGES OF HEALTH TECH.md""}",https://digitalnbte.nbte.gov.ng,2026-09-04,True
691,NBTE,College of Health Technology,"{""raw_name"": ""Bartholomew College of Health Technology, Shao"", ""vc_or_provost"": """", ""year_established"": """", ""source_row_number"": ""7"", ""source_file"": ""(NBTE) COLLEGES OF HEALTH TECH.md""}",https://digitalnbte.nbte.gov.ng,2026-09-04,True
692,NBTE,College of Health Technology,"{""raw_name"": ""Bayelsa State College of Health Technology, Otuogidi"", ""vc_or_provost"": """", ""year_established"": """", ""source_row_number"": ""8"", ""source_file"": ""(NBTE) COLLEGES OF HEALTH TECH.md""}",https://digitalnbte.nbte.gov.ng,2026-09-04,True
693,NBTE,College of Health Technology,"{""raw_name"": ""Bill and Melinda Gates College of Health Technology, Ninigi"", ""vc_or_provost"": """", ""year_established"": """", ""source_row_number"": ""9"", ""source_file"": ""(NBTE) COLLEGES OF HEALTH TECH.md""}",https://digitalnbte.nbte.gov.ng,2026-09-04,True
694,NBTE,College of Health Technology,"{""raw_name"": ""Centenary College of Health Science and Technology Emohua"", ""vc_or_provost"": """", ""year_established"": """", ""source_row_number"": ""10"", ""source_file"": ""(NBTE) COLLEGES OF HEALTH TECH.md""}",https://digitalnbte.nbte.gov.ng,2026-09-04,True
695,NBTE,College of Health Technology,"{""raw_name"": ""College of Health Science and Technology, Idah"", ""vc_or_provost"": """", ""year_established"": """", ""source_row_number"": ""11"", ""source_file"": ""(NBTE) COLLEGES OF HEALTH TECH.md""}",https://digitalnbte.nbte.gov.ng,2026-09-04,True
696,NBTE,College of Health Technology,"{""raw_name"": ""College of Health Science and Technology, Ile-Ife"", ""vc_or_provost"": """", ""year_established"": """", ""source_row_number"": ""12"", ""source_file"": ""(NBTE) COLLEGES OF HEALTH TECH.md""}",https://digitalnbte.nbte.gov.ng,2026-09-04,True
697,NBTE,College of Health Technology,"{""raw_name"": ""College of Health Technology , Ezzangbo"", ""vc_or_provost"": """", ""year_established"": """", ""source_row_number"": ""13"", ""source_file"": ""(NBTE) COLLEGES OF HEALTH TECH.md""}",https://digitalnbte.nbte.gov.ng,2026-09-04,True
698,NBTE,College of Health Technology,"{""raw_name"": ""College of Health Technology, Zawan"", ""vc_or_provost"": """", ""year_established"": """", ""source_row_number"": ""14"", ""source_file"": ""(NBTE) COLLEGES OF HEALTH TECH.md""}",https://digitalnbte.nbte.gov.ng,2026-09-04,True
699,NBTE,College of Health Technology,"{""raw_name"": ""Cross Rivers State College of Health Technology, Calabar"", ""vc_or_provost"": """", ""year_established"": """", ""source_row_number"": ""15"", ""source_file"": ""(NBTE) COLLEGES OF HEALTH TECH.md""}",https://digitalnbte.nbte.gov.ng,2026-09-04,True
700,NBTE,College of Health Technology,"{""raw_name"": ""De-Potter College of Health Technology, Ogun State"", ""vc_or_provost"": """", ""year_established"": """", ""source_row_number"": ""16"", ""source_file"": ""(NBTE) COLLEGES OF HEALTH TECH.md""}",https://digitalnbte.nbte.gov.ng,2026-09-04,True
701,NBTE,College of Health Technology,"{""raw_name"": ""Ekiti State College of Health Sciences andTechnology, Ijero Ekiti"", ""vc_or_provost"": """", ""year_established"": """", ""source_row_number"": ""17"", ""source_file"": ""(NBTE) COLLEGES OF HEALTH TECH.md""}",https://digitalnbte.nbte.gov.ng,2026-09-04,True
702,NBTE,College of Health Technology,"{""raw_name"": ""Emirates College of Health Sciences and Technology, Kabuga"", ""vc_or_provost"": """", ""year_established"": """", ""source_row_number"": ""18"", ""source_file"": ""(NBTE) COLLEGES OF HEALTH TECH.md""}",https://digitalnbte.nbte.gov.ng,2026-09-04,True
703,NBTE,College of Health Technology,"{""raw_name"": ""Eucharistic Heart College of Health Technology Orba, Nsukka"", ""vc_or_provost"": """", ""year_established"": """", ""source_row_number"": ""19"", ""source_file"": ""(NBTE) COLLEGES OF HEALTH TECH.md""}",https://digitalnbte.nbte.gov.ng,2026-09-04,True
704,NBTE,College of Health Technology,"{""raw_name"": ""Fabotas College of Health Science and Technology, Ado Ekiti"", ""vc_or_provost"": """", ""year_established"": """", ""source_row_number"": ""20"", ""source_file"": ""(NBTE) COLLEGES OF HEALTH TECH.md""}",https://digitalnbte.nbte.gov.ng,2026-09-04,True
705,NBTE,College of Health Technology,"{""raw_name"": ""Federal College of Orthorpaedic Technology, NOH, Igbobi, Lagos"", ""vc_or_provost"": """", ""year_established"": """", ""source_row_number"": ""21"", ""source_file"": ""(NBTE) COLLEGES OF HEALTH TECH.md""}",https://digitalnbte.nbte.gov.ng,2026-09-04,True
706,NBTE,College of Health Technology,"{""raw_name"": ""Kano State College of Health Sciences and Technology, B.U.K Road"", ""vc_or_provost"": """", ""year_established"": """", ""source_row_number"": ""22"", ""source_file"": ""(NBTE) COLLEGES OF HEALTH TECH.md""}",https://digitalnbte.nbte.gov.ng,2026-09-04,True
707,NBTE,College of Health Technology,"{""raw_name"": ""Kano State College of Health Sciences and Technology, Sani Marshall Rd."", ""vc_or_provost"": """", ""year_established"": """", ""source_row_number"": ""23"", ""source_file"": ""(NBTE) COLLEGES OF HEALTH TECH.md""}",https://digitalnbte.nbte.gov.ng,2026-09-04,True
708,NBTE,College of Health Technology,"{""raw_name"": ""Kwara State College of Health Technology, Offa"", ""vc_or_provost"": """", ""year_established"": """", ""source_row_number"": ""24"", ""source_file"": ""(NBTE) COLLEGES OF HEALTH TECH.md""}",https://digitalnbte.nbte.gov.ng,2026-09-04,True
709,NBTE,College of Health Technology,"{""raw_name"": ""Lagos State College of Health Technology, Yaba"", ""vc_or_provost"": """", ""year_established"": """", ""source_row_number"": ""25"", ""source_file"": ""(NBTE) COLLEGES OF HEALTH TECH.md""}",https://digitalnbte.nbte.gov.ng,2026-09-04,True
710,NBTE,College of Health Technology,"{""raw_name"": ""Malikiya College of Health and Social Sciences, Bauchi"", ""vc_or_provost"": """", ""year_established"": """", ""source_row_number"": ""26"", ""source_file"": ""(NBTE) COLLEGES OF HEALTH TECH.md""}",https://digitalnbte.nbte.gov.ng,2026-09-04,True
711,NBTE,College of Health Technology,"{""raw_name"": ""Millenneium College of Health Technology, Akure"", ""vc_or_provost"": """", ""year_established"": """", ""source_row_number"": ""27"", ""source_file"": ""(NBTE) COLLEGES OF HEALTH TECH.md""}",https://digitalnbte.nbte.gov.ng,2026-09-04,True
712,NBTE,College of Health Technology,"{""raw_name"": ""Nasarawa State College of Health Science and Technology, Keffi"", ""vc_or_provost"": """", ""year_established"": """", ""source_row_number"": ""28"", ""source_file"": ""(NBTE) COLLEGES OF HEALTH TECH.md""}",https://digitalnbte.nbte.gov.ng,2026-09-04,True
713,NBTE,College of Health Technology,"{""raw_name"": ""Nazareth College of Health Science and Technology, Makurdi"", ""vc_or_provost"": """", ""year_established"": """", ""source_row_number"": ""29"", ""source_file"": ""(NBTE) COLLEGES OF HEALTH TECH.md""}",https://digitalnbte.nbte.gov.ng,2026-09-04,True
714,NBTE,College of Health Technology,"{""raw_name"": ""NKST College of Health Technology, Mkar, Gboko"", ""vc_or_provost"": """", ""year_established"": """", ""source_row_number"": ""30"", ""source_file"": ""(NBTE) COLLEGES OF HEALTH TECH.md""}",https://digitalnbte.nbte.gov.ng,2026-09-04,True
715,NBTE,College of Health Technology,"{""raw_name"": ""Ogun State Polytechnic of Health and Allied Sciences, Ilese-Ijebu"", ""vc_or_provost"": """", ""year_established"": """", ""source_row_number"": ""31"", ""source_file"": ""(NBTE) COLLEGES OF HEALTH TECH.md""}",https://digitalnbte.nbte.gov.ng,2026-09-04,True
716,NBTE,College of Health Technology,"{""raw_name"": ""Ondo College of Health Sciences and Technology, Ondo"", ""vc_or_provost"": """", ""year_established"": """", ""source_row_number"": ""32"", ""source_file"": ""(NBTE) COLLEGES OF HEALTH TECH.md""}",https://digitalnbte.nbte.gov.ng,2026-09-04,True
717,NBTE,College of Health Technology,"{""raw_name"": ""Oyo State College of Health Sciences and Technology, Eleyele, Ibadan"", ""vc_or_provost"": """", ""year_established"": """", ""source_row_number"": ""33"", ""source_file"": ""(NBTE) COLLEGES OF HEALTH TECH.md""}",https://digitalnbte.nbte.gov.ng,2026-09-04,True
718,NBTE,College of Health Technology,"{""raw_name"": ""Osun State College of Health Technology, Ilesa"", ""vc_or_provost"": """", ""year_established"": """", ""source_row_number"": ""34"", ""source_file"": ""(NBTE) COLLEGES OF HEALTH TECH.md""}",https://digitalnbte.nbte.gov.ng,2026-09-04,True
719,NBTE,College of Health Technology,"{""raw_name"": ""Pogil College of Health Technology, Ijebu-Ode"", ""vc_or_provost"": """", ""year_established"": """", ""source_row_number"": ""35"", ""source_file"": ""(NBTE) COLLEGES OF HEALTH TECH.md""}",https://digitalnbte.nbte.gov.ng,2026-09-04,True
720,NBTE,College of Health Technology,"{""raw_name"": ""Rivers State College of Health Technology, Port Harcourt"", ""vc_or_provost"": """", ""year_established"": """", ""source_row_number"": ""36"", ""source_file"": ""(NBTE) COLLEGES OF HEALTH TECH.md""}",https://digitalnbte.nbte.gov.ng,2026-09-04,True
721,NBTE,College of Health Technology,"{""raw_name"": ""School of Health Information Management, AKTH, Kano"", ""vc_or_provost"": """", ""year_established"": """", ""source_row_number"": ""37"", ""source_file"": ""(NBTE) COLLEGES OF HEALTH TECH.md""}",https://digitalnbte.nbte.gov.ng,2026-09-04,True
722,NBTE,College of Health Technology,"{""raw_name"": ""School of Health Information Management, ATBUTH, Bauchi"", ""vc_or_provost"": """", ""year_established"": """", ""source_row_number"": ""38"", ""source_file"": ""(NBTE) COLLEGES OF HEALTH TECH.md""}",https://digitalnbte.nbte.gov.ng,2026-09-04,True
723,NBTE,College of Health Technology,"{""raw_name"": ""School of Health Information Management, NAUTH, Nnewi"", ""vc_or_provost"": """", ""year_established"": """", ""source_row_number"": ""39"", ""source_file"": ""(NBTE) COLLEGES OF HEALTH TECH.md""}",https://digitalnbte.nbte.gov.ng,2026-09-04,True
724,NBTE,College of Health Technology,"{""raw_name"": ""School of Health Information Management, OAUTH, Ile-Ife"", ""vc_or_provost"": """", ""year_established"": """", ""source_row_number"": ""40"", ""source_file"": ""(NBTE) COLLEGES OF HEALTH TECH.md""}",https://digitalnbte.nbte.gov.ng,2026-09-04,True
725,NBTE,College of Health Technology,"{""raw_name"": ""School of Health Information Management, UBTH, Benin"", ""vc_or_provost"": """", ""year_established"": """", ""source_row_number"": ""41"", ""source_file"": ""(NBTE) COLLEGES OF HEALTH TECH.md""}",https://digitalnbte.nbte.gov.ng,2026-09-04,True
726,NBTE,College of Health Technology,"{""raw_name"": ""School of Health Information Management, UCTH, Calabar"", ""vc_or_provost"": """", ""year_established"": """", ""source_row_number"": ""42"", ""source_file"": ""(NBTE) COLLEGES OF HEALTH TECH.md""}",https://digitalnbte.nbte.gov.ng,2026-09-04,True
727,NBTE,College of Health Technology,"{""raw_name"": ""School of Health Information Management, UCH, Ibadan"", ""vc_or_provost"": """", ""year_established"": """", ""source_row_number"": ""43"", ""source_file"": ""(NBTE) COLLEGES OF HEALTH TECH.md""}",https://digitalnbte.nbte.gov.ng,2026-09-04,True
728,NBTE,College of Health Technology,"{""raw_name"": ""School of Health Information Management, UDUTH, Sokoto"", ""vc_or_provost"": """", ""year_established"": """", ""source_row_number"": ""44"", ""source_file"": ""(NBTE) COLLEGES OF HEALTH TECH.md""}",https://digitalnbte.nbte.gov.ng,2026-09-04,True
729,NBTE,College of Health Technology,"{""raw_name"": ""School of Health Information Management, UITH, Ilorin"", ""vc_or_provost"": """", ""year_established"": """", ""source_row_number"": ""45"", ""source_file"": ""(NBTE) COLLEGES OF HEALTH TECH.md""}",https://digitalnbte.nbte.gov.ng,2026-09-04,True
730,NBTE,College of Health Technology,"{""raw_name"": ""School of Health Information Management, UMTH, Maiduguri"", ""vc_or_provost"": """", ""year_established"": """", ""source_row_number"": ""46"", ""source_file"": ""(NBTE) COLLEGES OF HEALTH TECH.md""}",https://digitalnbte.nbte.gov.ng,2026-09-04,True
731,NBTE,College of Health Technology,"{""raw_name"": ""School of Health Information Management, UPTH, Port-Harcourt"", ""vc_or_provost"": """", ""year_established"": """", ""source_row_number"": ""47"", ""source_file"": ""(NBTE) COLLEGES OF HEALTH TECH.md""}",https://digitalnbte.nbte.gov.ng,2026-09-04,True
732,NBTE,College of Health Technology,"{""raw_name"": ""School of Health Information Management, LUTH, Idi Araba, Lagos"", ""vc_or_provost"": """", ""year_established"": """", ""source_row_number"": ""48"", ""source_file"": ""(NBTE) COLLEGES OF HEALTH TECH.md""}",https://digitalnbte.nbte.gov.ng,2026-09-04,True
733,NBTE,College of Health Technology,"{""raw_name"": ""School of Health Information Management, University of Uyo"", ""vc_or_provost"": """", ""year_established"": """", ""source_row_number"": ""49"", ""source_file"": ""(NBTE) COLLEGES OF HEALTH TECH.md""}",https://digitalnbte.nbte.gov.ng,2026-09-04,True
734,NBTE,College of Health Technology,"{""raw_name"": ""School of Health Technology, Akure"", ""vc_or_provost"": """", ""year_established"": """", ""source_row_number"": ""50"", ""source_file"": ""(NBTE) COLLEGES OF HEALTH TECH.md""}",https://digitalnbte.nbte.gov.ng,2026-09-04,True
735,NBTE,College of Health Technology,"{""raw_name"": ""School of Orthopaedic Cast Technology, LASUTH Ikeja, Lagos State"", ""vc_or_provost"": """", ""year_established"": """", ""source_row_number"": ""51"", ""source_file"": ""(NBTE) COLLEGES OF HEALTH TECH.md""}",https://digitalnbte.nbte.gov.ng,2026-09-04,True
736,NBTE,College of Health Technology,"{""raw_name"": ""School of Orthopaedic Cast Technology, NOH, Dala, Kano"", ""vc_or_provost"": """", ""year_established"": """", ""source_row_number"": ""52"", ""source_file"": ""(NBTE) COLLEGES OF HEALTH TECH.md""}",https://digitalnbte.nbte.gov.ng,2026-09-04,True
737,NBTE,College of Health Technology,"{""raw_name"": ""School of Orthopedic Cast Technology, UITH, Ilorin"", ""vc_or_provost"": """", ""year_established"": """", ""source_row_number"": ""53"", ""source_file"": ""(NBTE) COLLEGES OF HEALTH TECH.md""}",https://digitalnbte.nbte.gov.ng,2026-09-04,True
738,NBTE,College of Health Technology,"{""raw_name"": ""Shehu Idris College of Health Sciences and Technology, Makarfi"", ""vc_or_provost"": """", ""year_established"": """", ""source_row_number"": ""54"", ""source_file"": ""(NBTE) COLLEGES OF HEALTH TECH.md""}",https://digitalnbte.nbte.gov.ng,2026-09-04,True
739,NBTE,College of Health Technology,"{""raw_name"": ""Zamfara State College of Health Sciences and Tchnology, Tsafe"", ""vc_or_provost"": """", ""year_established"": """", ""source_row_number"": ""55"", ""source_file"": ""(NBTE) COLLEGES OF HEALTH TECH.md""}",https://digitalnbte.nbte.gov.ng,2026-09-04,True
740,NBTE,College of Health Technology,"{""raw_name"": ""National Orthopaedic Hospital Igbobi Lagos"", ""vc_or_provost"": """", ""year_established"": """", ""source_row_number"": ""56"", ""source_file"": ""(NBTE) COLLEGES OF HEALTH TECH.md""}",https://digitalnbte.nbte.gov.ng,2026-09-04,True
741,NBTE,College of Health Technology,"{""raw_name"": ""Taraba State College of Health Technology Takum"", ""vc_or_provost"": """", ""year_established"": """", ""source_row_number"": ""57"", ""source_file"": ""(NBTE) COLLEGES OF HEALTH TECH.md""}",https://digitalnbte.nbte.gov.ng,2026-09-04,True
742,NBTE,College of Health Technology,"{""raw_name"": ""School of Health Information Management, Federal Teaching Hospital Gombe"", ""vc_or_provost"": """", ""year_established"": """", ""source_row_number"": ""58"", ""source_file"": ""(NBTE) COLLEGES OF HEALTH TECH.md""}",https://digitalnbte.nbte.gov.ng,2026-09-04,True
743,NBTE,College of Health Technology,"{""raw_name"": ""Penfield College of Health Sciences and Technology, Kaduna, Kaduna State"", ""vc_or_provost"": """", ""year_established"": """", ""source_row_number"": ""59"", ""source_file"": ""(NBTE) COLLEGES OF HEALTH TECH.md""}",https://digitalnbte.nbte.gov.ng,2026-09-04,True
744,NBTE,College of Health Technology,"{""raw_name"": ""School of Health Information Management, Delta State University Teaching Hospital, Oghara, Delta State"", ""vc_or_provost"": """", ""year_established"": """", ""source_row_number"": ""60"", ""source_file"": ""(NBTE) COLLEGES OF HEALTH TECH.md""}",https://digitalnbte.nbte.gov.ng,2026-09-04,True
745,NBTE,College of Health Technology,"{""raw_name"": ""Sultan Abdulrahman College of Health Technology Gwadabawa, Sokot State"", ""vc_or_provost"": """", ""year_established"": """", ""source_row_number"": ""61"", ""source_file"": ""(NBTE) COLLEGES OF HEALTH TECH.md""}",https://digitalnbte.nbte.gov.ng,2026-09-04,True
746,NBTE,College of Health Technology,"{""raw_name"": ""School of Health Information Management, Aminu Kano Teaching Hospital, Kano"", ""vc_or_provost"": """", ""year_established"": """", ""source_row_number"": ""62"", ""source_file"": ""(NBTE) COLLEGES OF HEALTH TECH.md""}",https://digitalnbte.nbte.gov.ng,2026-09-04,True
747,NBTE,College of Health Technology,"{""raw_name"": ""Adamawa State College of Health Technology Michika, Adamawa State"", ""vc_or_provost"": """", ""year_established"": """", ""source_row_number"": ""63"", ""source_file"": ""(NBTE) COLLEGES OF HEALTH TECH.md""}",https://digitalnbte.nbte.gov.ng,2026-09-04,True
748,NBTE,College of Health Technology,"{""raw_name"": ""Nigerian Navy College of Health Technology, Offa, Kwara State"", ""vc_or_provost"": """", ""year_established"": """", ""source_row_number"": ""64"", ""source_file"": ""(NBTE) COLLEGES OF HEALTH TECH.md""}",https://digitalnbte.nbte.gov.ng,2026-09-04,True
749,NBTE,College of Health Technology,"{""raw_name"": ""College of Health Science and technology, Nguru, Yobe state."", ""vc_or_provost"": """", ""year_established"": """", ""source_row_number"": ""65"", ""source_file"": ""(NBTE) COLLEGES OF HEALTH TECH.md""}",https://digitalnbte.nbte.gov.ng,2026-09-04,True
750,NBTE,College of Health Technology,"{""raw_name"": ""Delta state College of Health Science and technology"", ""vc_or_provost"": """", ""year_established"": """", ""source_row_number"": ""66"", ""source_file"": ""(NBTE) COLLEGES OF HEALTH TECH.md""}",https://digitalnbte.nbte.gov.ng,2026-09-04,True
751,NBTE,College of Health Technology,"{""raw_name"": ""Enica College of Health Technology, Bekwarra, Cross-river."", ""vc_or_provost"": """", ""year_established"": """", ""source_row_number"": ""67"", ""source_file"": ""(NBTE) COLLEGES OF HEALTH TECH.md""}",https://digitalnbte.nbte.gov.ng,2026-09-04,True
752,NBTE,College of Health Technology,"{""raw_name"": ""School of Orthopedic Cast Technology, University of Ilorin Teaching Hospital, Ilorin"", ""vc_or_provost"": """", ""year_established"": """", ""source_row_number"": ""68"", ""source_file"": ""(NBTE) COLLEGES OF HEALTH TECH.md""}",https://digitalnbte.nbte.gov.ng,2026-09-04,True
753,NBTE,College of Health Technology,"{""raw_name"": ""Abia State College of Health Science and Management Technology, Aba"", ""vc_or_provost"": """", ""year_established"": """", ""source_row_number"": ""69"", ""source_file"": ""(NBTE) COLLEGES OF HEALTH TECH.md""}",https://digitalnbte.nbte.gov.ng,2026-09-04,True
754,NBTE,College of Health Technology,"{""raw_name"": ""Woclif College of Health Technology Akwa Ibom State"", ""vc_or_provost"": """", ""year_established"": """", ""source_row_number"": ""70"", ""source_file"": ""(NBTE) COLLEGES OF HEALTH TECH.md""}",https://digitalnbte.nbte.gov.ng,2026-09-04,True
755,NBTE,College of Health Technology,"{""raw_name"": ""LASBERY COLLEGE OF HEALTH TECHNOLOGY OGIDI, ANAMBRA STATE"", ""vc_or_provost"": """", ""year_established"": """", ""source_row_number"": ""71"", ""source_file"": ""(NBTE) COLLEGES OF HEALTH TECH.md""}",https://digitalnbte.nbte.gov.ng,2026-09-04,True
756,NBTE,College of Health Technology,"{""raw_name"": ""Our Lady of Lourdes Hospital Health Colleges, Ihiala, Anambra State"", ""vc_or_provost"": """", ""year_established"": """", ""source_row_number"": ""72"", ""source_file"": ""(NBTE) COLLEGES OF HEALTH TECH.md""}",https://digitalnbte.nbte.gov.ng,2026-09-04,True
757,NBTE,College of Health Technology,"{""raw_name"": ""GARU ISLAMIC COLLEGE OF HEALTH TECHNOLOGY BAUCHI"", ""vc_or_provost"": """", ""year_established"": """", ""source_row_number"": ""73"", ""source_file"": ""(NBTE) COLLEGES OF HEALTH TECH.md""}",https://digitalnbte.nbte.gov.ng,2026-09-04,True
758,NBTE,College of Health Technology,"{""raw_name"": ""Bayelsa state college of Health Technology, Otuogidi-Ogbia, Bayelsa state"", ""vc_or_provost"": """", ""year_established"": """", ""source_row_number"": ""74"", ""source_file"": ""(NBTE) COLLEGES OF HEALTH TECH.md""}",https://digitalnbte.nbte.gov.ng,2026-09-04,True
759,NBTE,College of Health Technology,"{""raw_name"": ""Asoka College of Health Science and Technology, Otukpo, Benue state"", ""vc_or_provost"": """", ""year_established"": """", ""source_row_number"": ""75"", ""source_file"": ""(NBTE) COLLEGES OF HEALTH TECH.md""}",https://digitalnbte.nbte.gov.ng,2026-09-04,True
760,NBTE,College of Health Technology,"{""raw_name"": ""Adoka College of Health Science and Technology, Otukpo, Benue State"", ""vc_or_provost"": """", ""year_established"": """", ""source_row_number"": ""76"", ""source_file"": ""(NBTE) COLLEGES OF HEALTH TECH.md""}",https://digitalnbte.nbte.gov.ng,2026-09-04,True
761,NBTE,College of Health Technology,"{""raw_name"": ""Prestige School of Health Technology, Tarka"", ""vc_or_provost"": """", ""year_established"": """", ""source_row_number"": ""77"", ""source_file"": ""(NBTE) COLLEGES OF HEALTH TECH.md""}",https://digitalnbte.nbte.gov.ng,2026-09-04,True
762,NBTE,College of Health Technology,"{""raw_name"": ""Makurdi College of Health and Medical Laboratory Science, Makurdi, Benue State"", ""vc_or_provost"": """", ""year_established"": """", ""source_row_number"": ""78"", ""source_file"": ""(NBTE) COLLEGES OF HEALTH TECH.md""}",https://digitalnbte.nbte.gov.ng,2026-09-04,True
763,NBTE,College of Health Technology,"{""raw_name"": ""Mbagen College of Health Technology, Benue State"", ""vc_or_provost"": """", ""year_established"": """", ""source_row_number"": ""79"", ""source_file"": ""(NBTE) COLLEGES OF HEALTH TECH.md""}",https://digitalnbte.nbte.gov.ng,2026-09-04,True
764,NBTE,College of Health Technology,"{""raw_name"": ""College of Health Technology Aliade, Benue State"", ""vc_or_provost"": """", ""year_established"": """", ""source_row_number"": ""80"", ""source_file"": ""(NBTE) COLLEGES OF HEALTH TECH.md""}",https://digitalnbte.nbte.gov.ng,2026-09-04,True
765,NBTE,College of Health Technology,"{""raw_name"": ""Borno State College of Health Technology, Maiduguri"", ""vc_or_provost"": """", ""year_established"": """", ""source_row_number"": ""81"", ""source_file"": ""(NBTE) COLLEGES OF HEALTH TECH.md""}",https://digitalnbte.nbte.gov.ng,2026-09-04,True
766,NBTE,College of Health Technology,"{""raw_name"": ""OBUDU COLLEGE OF HEALTH TECHNOLOGY"", ""vc_or_provost"": """", ""year_established"": """", ""source_row_number"": ""82"", ""source_file"": ""(NBTE) COLLEGES OF HEALTH TECH.md""}",https://digitalnbte.nbte.gov.ng,2026-09-04,True
767,NBTE,College of Health Technology,"{""raw_name"": ""Favour College of Health Science and Technology"", ""vc_or_provost"": """", ""year_established"": """", ""source_row_number"": ""83"", ""source_file"": ""(NBTE) COLLEGES OF HEALTH TECH.md""}",https://digitalnbte.nbte.gov.ng,2026-09-04,True
768,NBTE,College of Health Technology,"{""raw_name"": ""Delta State School of Health Technology, Ugheli"", ""vc_or_provost"": """", ""year_established"": """", ""source_row_number"": ""84"", ""source_file"": ""(NBTE) COLLEGES OF HEALTH TECH.md""}",https://digitalnbte.nbte.gov.ng,2026-09-04,True
769,NBTE,College of Health Technology,"{""raw_name"": ""Blessed Martins' International Institute of Science and Technology"", ""vc_or_provost"": """", ""year_established"": """", ""source_row_number"": ""85"", ""source_file"": ""(NBTE) COLLEGES OF HEALTH TECH.md""}",https://digitalnbte.nbte.gov.ng,2026-09-04,True
770,NBTE,College of Health Technology,"{""raw_name"": ""Institute of Health Technology, University Teaching Hospital, Benin"", ""vc_or_provost"": """", ""year_established"": """", ""source_row_number"": ""86"", ""source_file"": ""(NBTE) COLLEGES OF HEALTH TECH.md""}",https://digitalnbte.nbte.gov.ng,2026-09-04,True
771,NBTE,College of Health Technology,"{""raw_name"": ""University of Benin Teaching Hospital, Institute of Health Science and Technology, Benin, Edo state"", ""vc_or_provost"": """", ""year_established"": """", ""source_row_number"": ""87"", ""source_file"": ""(NBTE) COLLEGES OF HEALTH TECH.md""}",https://digitalnbte.nbte.gov.ng,2026-09-04,True
772,NBTE,College of Health Technology,"{""raw_name"": ""Havilah College of Health Sciences and Technology Ise-Ekiti, Ekiti State"", ""vc_or_provost"": """", ""year_established"": """", ""source_row_number"": ""88"", ""source_file"": ""(NBTE) COLLEGES OF HEALTH TECH.md""}",https://digitalnbte.nbte.gov.ng,2026-09-04,True
773,NBTE,College of Health Technology,"{""raw_name"": ""Peaceland College of Health Sciences & Technology Enugu"", ""vc_or_provost"": """", ""year_established"": """", ""source_row_number"": ""89"", ""source_file"": ""(NBTE) COLLEGES OF HEALTH TECH.md""}",https://digitalnbte.nbte.gov.ng,2026-09-04,True
774,NBTE,College of Health Technology,"{""raw_name"": ""School of Orthopaedic Cast Technology, NOH, Enugu"", ""vc_or_provost"": """", ""year_established"": """", ""source_row_number"": ""90"", ""source_file"": ""(NBTE) COLLEGES OF HEALTH TECH.md""}",https://digitalnbte.nbte.gov.ng,2026-09-04,True
775,NBTE,College of Health Technology,"{""raw_name"": ""School of Medical Laboratory Technicians, Bishop Shanahan Specialist Hospital, Nsukka, Enugu State."", ""vc_or_provost"": """", ""year_established"": """", ""source_row_number"": ""91"", ""source_file"": ""(NBTE) COLLEGES OF HEALTH TECH.md""}",https://digitalnbte.nbte.gov.ng,2026-09-04,True
776,NBTE,College of Health Technology,"{""raw_name"": ""Horizon College of Nursing Sciences, Anagada, Gwagwalada, FCT Abuja"", ""vc_or_provost"": """", ""year_established"": """", ""source_row_number"": ""92"", ""source_file"": ""(NBTE) COLLEGES OF HEALTH TECH.md""}",https://digitalnbte.nbte.gov.ng,2026-09-04,True
777,NBTE,College of Health Technology,"{""raw_name"": ""Gombe State College of Health Science & Technology, Kaltungo"", ""vc_or_provost"": """", ""year_established"": """", ""source_row_number"": ""93"", ""source_file"": ""(NBTE) COLLEGES OF HEALTH TECH.md""}",https://digitalnbte.nbte.gov.ng,2026-09-04,True
778,NBTE,College of Health Technology,"{""raw_name"": ""Maryam Khuddam College of Health Sciences and Technology, Kazaure, Jigawa State"", ""vc_or_provost"": """", ""year_established"": """", ""source_row_number"": ""94"", ""source_file"": ""(NBTE) COLLEGES OF HEALTH TECH.md""}",https://digitalnbte.nbte.gov.ng,2026-09-04,True
779,NBTE,College of Health Technology,"{""raw_name"": ""College of Health Sciences and Technology, Hadejia"", ""vc_or_provost"": """", ""year_established"": """", ""source_row_number"": ""95"", ""source_file"": ""(NBTE) COLLEGES OF HEALTH TECH.md""}",https://digitalnbte.nbte.gov.ng,2026-09-04,True
780,NBTE,College of Health Technology,"{""raw_name"": ""Dagamas College of Health Sciences and Technology, Zaria"", ""vc_or_provost"": """", ""year_established"": """", ""source_row_number"": ""96"", ""source_file"": ""(NBTE) COLLEGES OF HEALTH TECH.md""}",https://digitalnbte.nbte.gov.ng,2026-09-04,True
781,NBTE,College of Health Technology,"{""raw_name"": ""IDRIS MIKA'IL COLLAGE OF HEALTH SCIENCES AND TECHNOLOGY, RIKOCHI"", ""vc_or_provost"": """", ""year_established"": """", ""source_row_number"": ""97"", ""source_file"": ""(NBTE) COLLEGES OF HEALTH TECH.md""}",https://digitalnbte.nbte.gov.ng,2026-09-04,True
782,NBTE,College of Health Technology,"{""raw_name"": ""AL-HAROON COLLEGE OF HEALTH SCIENCES AND TECHNOLOGY, ZARIA."", ""vc_or_provost"": """", ""year_established"": """", ""source_row_number"": ""98"", ""source_file"": ""(NBTE) COLLEGES OF HEALTH TECH.md""}",https://digitalnbte.nbte.gov.ng,2026-09-04,True
783,NBTE,College of Health Technology,"{""raw_name"": ""Islamic Medical Foundation College of Health Science and Technology, Tudun Wada, Kaduna, Kaduna State"", ""vc_or_provost"": """", ""year_established"": """", ""source_row_number"": ""99"", ""source_file"": ""(NBTE) COLLEGES OF HEALTH TECH.md""}",https://digitalnbte.nbte.gov.ng,2026-09-04,True
784,NBTE,College of Health Technology,"{""raw_name"": ""Beijing College of Health Sciences & Technology, Kaduna"", ""vc_or_provost"": """", ""year_established"": """", ""source_row_number"": ""100"", ""source_file"": ""(NBTE) COLLEGES OF HEALTH TECH.md""}",https://digitalnbte.nbte.gov.ng,2026-09-04,True
785,NBTE,College of Health Technology,"{""raw_name"": ""ASSAM COLLEGE OF HEALTH SCIENCES AND TECHNOLOGY, KADUNA"", ""vc_or_provost"": """", ""year_established"": """", ""source_row_number"": ""101"", ""source_file"": ""(NBTE) COLLEGES OF HEALTH TECH.md""}",https://digitalnbte.nbte.gov.ng,2026-09-04,True
786,NBTE,College of Health Technology,"{""raw_name"": ""AREWA AMBASSADOR INTERNATIONAL COLLEGE OF HEALTH SCIENCE AND TECHNOLOGY ZARIA"", ""vc_or_provost"": """", ""year_established"": """", ""source_row_number"": ""102"", ""source_file"": ""(NBTE) COLLEGES OF HEALTH TECH.md""}",https://digitalnbte.nbte.gov.ng,2026-09-04,True
787,NBTE,College of Health Technology,"{""raw_name"": ""UMARU DANGALADIMA SCHOOL OF HEALTH TECHNOLOGY EDUCATIONAL FOUNDATION"", ""vc_or_provost"": """", ""year_established"": """", ""source_row_number"": ""103"", ""source_file"": ""(NBTE) COLLEGES OF HEALTH TECH.md""}",https://digitalnbte.nbte.gov.ng,2026-09-04,True
788,NBTE,College of Health Technology,"{""raw_name"": ""Al-kausar College of Health Technology Foundation, Kaduna"", ""vc_or_provost"": """", ""year_established"": """", ""source_row_number"": ""104"", ""source_file"": ""(NBTE) COLLEGES OF HEALTH TECH.md""}",https://digitalnbte.nbte.gov.ng,2026-09-04,True
789,NBTE,College of Health Technology,"{""raw_name"": ""School of Health Information Management, National Ear Care Centre Kaduna"", ""vc_or_provost"": """", ""year_established"": """", ""source_row_number"": ""105"", ""source_file"": ""(NBTE) COLLEGES OF HEALTH TECH.md""}",https://digitalnbte.nbte.gov.ng,2026-09-04,True
790,NBTE,College of Health Technology,"{""raw_name"": ""Charity College of Health Science and Technology, Mando, Kaduna State"", ""vc_or_provost"": """", ""year_established"": """", ""source_row_number"": ""106"", ""source_file"": ""(NBTE) COLLEGES OF HEALTH TECH.md""}",https://digitalnbte.nbte.gov.ng,2026-09-04,True
786,NBTE,College of Health Technology,"{""raw_name"": ""Arewa Ambassador International College of Health Science and Technology, Zaria"", ""vc_or_provost"": """", ""year_established"": """", ""source_row_number"": ""107"", ""source_file"": ""(NBTE) COLLEGES OF HEALTH TECH.md""}",https://digitalnbte.nbte.gov.ng,2026-09-04,True
792,NBTE,College of Health Technology,"{""raw_name"": ""Bichi Academy College of Science and Health Technology, Bichi Kano State"", ""vc_or_provost"": """", ""year_established"": """", ""source_row_number"": ""108"", ""source_file"": ""(NBTE) COLLEGES OF HEALTH TECH.md""}",https://digitalnbte.nbte.gov.ng,2026-09-04,True
793,NBTE,College of Health Technology,"{""raw_name"": ""Flagship College of Nursing Science, Bichi Kano."", ""vc_or_provost"": """", ""year_established"": """", ""source_row_number"": ""109"", ""source_file"": ""(NBTE) COLLEGES OF HEALTH TECH.md""}",https://digitalnbte.nbte.gov.ng,2026-09-04,True
794,NBTE,College of Health Technology,"{""raw_name"": ""SCHOOL OF PARAMEDICS AMINU KANO TEACHING HOSPITAL KANO"", ""vc_or_provost"": """", ""year_established"": """", ""source_row_number"": ""110"", ""source_file"": ""(NBTE) COLLEGES OF HEALTH TECH.md""}",https://digitalnbte.nbte.gov.ng,2026-09-04,True
795,NBTE,College of Health Technology,"{""raw_name"": ""Katsina State College of Health Science & Technology, Kankia"", ""vc_or_provost"": """", ""year_established"": """", ""source_row_number"": ""111"", ""source_file"": ""(NBTE) COLLEGES OF HEALTH TECH.md""}",https://digitalnbte.nbte.gov.ng,2026-09-04,True
796,NBTE,College of Health Technology,"{""raw_name"": ""Muslim Community College of Health Technology, Funtua, Katsina State"", ""vc_or_provost"": """", ""year_established"": """", ""source_row_number"": ""112"", ""source_file"": ""(NBTE) COLLEGES OF HEALTH TECH.md""}",https://digitalnbte.nbte.gov.ng,2026-09-04,True
797,NBTE,College of Health Technology,"{""raw_name"": ""Cherish College of Health Sciences and Technology, Katsina"", ""vc_or_provost"": """", ""year_established"": """", ""source_row_number"": ""113"", ""source_file"": ""(NBTE) COLLEGES OF HEALTH TECH.md""}",https://digitalnbte.nbte.gov.ng,2026-09-04,True
798,NBTE,College of Health Technology,"{""raw_name"": ""Kebram College of Health Science and Technology, Katsina, Katsina State"", ""vc_or_provost"": """", ""year_established"": """", ""source_row_number"": ""114"", ""source_file"": ""(NBTE) COLLEGES OF HEALTH TECH.md""}",https://digitalnbte.nbte.gov.ng,2026-09-04,True
799,NBTE,College of Health Technology,"{""raw_name"": ""KATSINA STATE COLLEGE HEALTH SCIENCES and TECHNOLOGY, DAURA"", ""vc_or_provost"": """", ""year_established"": """", ""source_row_number"": ""115"", ""source_file"": ""(NBTE) COLLEGES OF HEALTH TECH.md""}",https://digitalnbte.nbte.gov.ng,2026-09-04,True
800,NBTE,College of Health Technology,"{""raw_name"": ""KUDAMS COLLEGE OF HEALTH SCIENCES AND TECHNOLOGY KATSINA"", ""vc_or_provost"": """", ""year_established"": """", ""source_row_number"": ""116"", ""source_file"": ""(NBTE) COLLEGES OF HEALTH TECH.md""}",https://digitalnbte.nbte.gov.ng,2026-09-04,True
801,NBTE,College of Health Technology,"{""raw_name"": ""Cognate Community College of Health Science and Technology, Katsina"", ""vc_or_provost"": """", ""year_established"": """", ""source_row_number"": ""117"", ""source_file"": ""(NBTE) COLLEGES OF HEALTH TECH.md""}",https://digitalnbte.nbte.gov.ng,2026-09-04,True
802,NBTE,College of Health Technology,"{""raw_name"": ""College of Health Sciences and Environmental, Funtua, Katsina State"", ""vc_or_provost"": """", ""year_established"": """", ""source_row_number"": ""118"", ""source_file"": ""(NBTE) COLLEGES OF HEALTH TECH.md""}",https://digitalnbte.nbte.gov.ng,2026-09-04,True
803,NBTE,College of Health Technology,"{""raw_name"": ""College of Health Sciences and Technology, Jega, Kebbi State"", ""vc_or_provost"": """", ""year_established"": """", ""source_row_number"": ""119"", ""source_file"": ""(NBTE) COLLEGES OF HEALTH TECH.md""}",https://digitalnbte.nbte.gov.ng,2026-09-04,True
804,NBTE,College of Health Technology,"{""raw_name"": ""Al-Ihsan College of Health Science and Technology"", ""vc_or_provost"": """", ""year_established"": """", ""source_row_number"": ""120"", ""source_file"": ""(NBTE) COLLEGES OF HEALTH TECH.md""}",https://digitalnbte.nbte.gov.ng,2026-09-04,True
805,NBTE,College of Health Technology,"{""raw_name"": ""Mahdi Adamu College of SCience and Health Technology, Wara"", ""vc_or_provost"": """", ""year_established"": """", ""source_row_number"": ""121"", ""source_file"": ""(NBTE) COLLEGES OF HEALTH TECH.md""}",https://digitalnbte.nbte.gov.ng,2026-09-04,True
806,NBTE,College of Health Technology,"{""raw_name"": ""Nigerian Navy College of Health Sciences ,Offa"", ""vc_or_provost"": """", ""year_established"": """", ""source_row_number"": ""122"", ""source_file"": ""(NBTE) COLLEGES OF HEALTH TECH.md""}",https://digitalnbte.nbte.gov.ng,2026-09-04,True
807,NBTE,College of Health Technology,"{""raw_name"": ""Yusjib College of Health Sciences and Technology, Ilorin, Kwara"", ""vc_or_provost"": """", ""year_established"": """", ""source_row_number"": ""123"", ""source_file"": ""(NBTE) COLLEGES OF HEALTH TECH.md""}",https://digitalnbte.nbte.gov.ng,2026-09-04,True
808,NBTE,College of Health Technology,"{""raw_name"": ""Osi College of Health and Technology Osi, Kwara State."", ""vc_or_provost"": """", ""year_established"": """", ""source_row_number"": ""124"", ""source_file"": ""(NBTE) COLLEGES OF HEALTH TECH.md""}",https://digitalnbte.nbte.gov.ng,2026-09-04,True
809,NBTE,College of Health Technology,"{""raw_name"": ""Eco Africa College of Health Science and Technology, Lagos State"", ""vc_or_provost"": """", ""year_established"": """", ""source_row_number"": ""125"", ""source_file"": ""(NBTE) COLLEGES OF HEALTH TECH.md""}",https://digitalnbte.nbte.gov.ng,2026-09-04,True
810,NBTE,College of Health Technology,"{""raw_name"": ""LASUTH Institute for Allied Health Sciences and Management ( LIASHM) Lagos State"", ""vc_or_provost"": """", ""year_established"": """", ""source_row_number"": ""126"", ""source_file"": ""(NBTE) COLLEGES OF HEALTH TECH.md""}",https://digitalnbte.nbte.gov.ng,2026-09-04,True
811,NBTE,College of Health Technology,"{""raw_name"": ""O'MARK SCHOOL OF HEALTH TECHNOLOGY, IGANDO"", ""vc_or_provost"": """", ""year_established"": """", ""source_row_number"": ""127"", ""source_file"": ""(NBTE) COLLEGES OF HEALTH TECH.md""}",https://digitalnbte.nbte.gov.ng,2026-09-04,True
812,NBTE,College of Health Technology,"{""raw_name"": ""Jubilation College of Health Sciences and Technology LTD"", ""vc_or_provost"": """", ""year_established"": """", ""source_row_number"": ""128"", ""source_file"": ""(NBTE) COLLEGES OF HEALTH TECH.md""}",https://digitalnbte.nbte.gov.ng,2026-09-04,True
813,NBTE,College of Health Technology,"{""raw_name"": ""Newgate College of Health Technology, Minna, Niger State"", ""vc_or_provost"": """", ""year_established"": """", ""source_row_number"": ""129"", ""source_file"": ""(NBTE) COLLEGES OF HEALTH TECH.md""}",https://digitalnbte.nbte.gov.ng,2026-09-04,True
814,NBTE,College of Health Technology,"{""raw_name"": ""School of Health Technology, Eastern Bye Pass Behind F-Layout, P.O Box 137 Minna, Niger State."", ""vc_or_provost"": """", ""year_established"": """", ""source_row_number"": ""130"", ""source_file"": ""(NBTE) COLLEGES OF HEALTH TECH.md""}",https://digitalnbte.nbte.gov.ng,2026-09-04,True
815,NBTE,College of Health Technology,"{""raw_name"": ""Ar-Rahmaniyya College of Health Technology, Minna"", ""vc_or_provost"": """", ""year_established"": """", ""source_row_number"": ""131"", ""source_file"": ""(NBTE) COLLEGES OF HEALTH TECH.md""}",https://digitalnbte.nbte.gov.ng,2026-09-04,True
816,NBTE,College of Health Technology,"{""raw_name"": ""Rahma College of Technology, Sciences and Management Studies, Suleja, Niger State"", ""vc_or_provost"": """", ""year_established"": """", ""source_row_number"": ""132"", ""source_file"": ""(NBTE) COLLEGES OF HEALTH TECH.md""}",https://digitalnbte.nbte.gov.ng,2026-09-04,True
817,NBTE,College of Health Technology,"{""raw_name"": ""Alheri College of Health Science and Technology, Salka, Niger"", ""vc_or_provost"": """", ""year_established"": """", ""source_row_number"": ""133"", ""source_file"": ""(NBTE) COLLEGES OF HEALTH TECH.md""}",https://digitalnbte.nbte.gov.ng,2026-09-04,True
818,NBTE,College of Health Technology,"{""raw_name"": ""School of Health Technology Suleja, Niger State"", ""vc_or_provost"": """", ""year_established"": """", ""source_row_number"": ""134"", ""source_file"": ""(NBTE) COLLEGES OF HEALTH TECH.md""}",https://digitalnbte.nbte.gov.ng,2026-09-04,True
819,NBTE,College of Health Technology,"{""raw_name"": ""Rhema College of Health Science and Technology"", ""vc_or_provost"": """", ""year_established"": """", ""source_row_number"": ""135"", ""source_file"": ""(NBTE) COLLEGES OF HEALTH TECH.md""}",https://digitalnbte.nbte.gov.ng,2026-09-04,True
820,NBTE,College of Health Technology,"{""raw_name"": ""Royal Institute of Health Technology"", ""vc_or_provost"": """", ""year_established"": """", ""source_row_number"": ""136"", ""source_file"": ""(NBTE) COLLEGES OF HEALTH TECH.md""}",https://digitalnbte.nbte.gov.ng,2026-09-04,True
821,NBTE,College of Health Technology,"{""raw_name"": ""Ogun Polytechnic of Health and Allied Sciences, Ilese Ijebu"", ""vc_or_provost"": """", ""year_established"": """", ""source_row_number"": ""137"", ""source_file"": ""(NBTE) COLLEGES OF HEALTH TECH.md""}",https://digitalnbte.nbte.gov.ng,2026-09-04,True
822,NBTE,College of Health Technology,"{""raw_name"": ""South Western Nigerian College of Health Technology, Sotubo, Sagamu, Ogun State"", ""vc_or_provost"": """", ""year_established"": """", ""source_row_number"": ""138"", ""source_file"": ""(NBTE) COLLEGES OF HEALTH TECH.md""}",https://digitalnbte.nbte.gov.ng,2026-09-04,True
823,NBTE,College of Health Technology,"{""raw_name"": ""Caribbean College of Health Science and Technology, Shagamu, Ogun State"", ""vc_or_provost"": """", ""year_established"": """", ""source_row_number"": ""139"", ""source_file"": ""(NBTE) COLLEGES OF HEALTH TECH.md""}",https://digitalnbte.nbte.gov.ng,2026-09-04,True
824,NBTE,College of Health Technology,"{""raw_name"": ""COLLEGE OF HEALTH TECHNOLOGY EJIGBO,OSUN STATE"", ""vc_or_provost"": """", ""year_established"": """", ""source_row_number"": ""140"", ""source_file"": ""(NBTE) COLLEGES OF HEALTH TECH.md""}",https://digitalnbte.nbte.gov.ng,2026-09-04,True
825,NBTE,College of Health Technology,"{""raw_name"": ""Foreign Links College of Health and Management Sciences, Moro, Ife-North, Osun State."", ""vc_or_provost"": """", ""year_established"": """", ""source_row_number"": ""141"", ""source_file"": ""(NBTE) COLLEGES OF HEALTH TECH.md""}",https://digitalnbte.nbte.gov.ng,2026-09-04,True
826,NBTE,College of Health Technology,"{""raw_name"": ""Crest field College of Health & Management Technology, Erin-Osun, Osun State"", ""vc_or_provost"": """", ""year_established"": """", ""source_row_number"": ""142"", ""source_file"": ""(NBTE) COLLEGES OF HEALTH TECH.md""}",https://digitalnbte.nbte.gov.ng,2026-09-04,True
827,NBTE,College of Health Technology,"{""raw_name"": ""PATHFINDER COLLEGE OF HEALTH TECHNOLOGY IRAGBIJI, OSUN STATE"", ""vc_or_provost"": """", ""year_established"": """", ""source_row_number"": ""143"", ""source_file"": ""(NBTE) COLLEGES OF HEALTH TECH.md""}",https://digitalnbte.nbte.gov.ng,2026-09-04,True
828,NBTE,College of Health Technology,"{""raw_name"": ""Hamzainab College of Health Technology Osogbo, Osun State"", ""vc_or_provost"": """", ""year_established"": """", ""source_row_number"": ""144"", ""source_file"": ""(NBTE) COLLEGES OF HEALTH TECH.md""}",https://digitalnbte.nbte.gov.ng,2026-09-04,True
829,NBTE,College of Health Technology,"{""raw_name"": ""Iseyin Collage of Science and Health Technology, iseyin, Oyo State"", ""vc_or_provost"": """", ""year_established"": """", ""source_row_number"": ""145"", ""source_file"": ""(NBTE) COLLEGES OF HEALTH TECH.md""}",https://digitalnbte.nbte.gov.ng,2026-09-04,True
830,NBTE,College of Health Technology,"{""raw_name"": ""Iseyin College of Science & Health Technology Iseyin, Oyo State"", ""vc_or_provost"": """", ""year_established"": """", ""source_row_number"": ""146"", ""source_file"": ""(NBTE) COLLEGES OF HEALTH TECH.md""}",https://digitalnbte.nbte.gov.ng,2026-09-04,True
831,NBTE,College of Health Technology,"{""raw_name"": ""Mwaghavul College of Health Technology Pushit"", ""vc_or_provost"": """", ""year_established"": """", ""source_row_number"": ""147"", ""source_file"": ""(NBTE) COLLEGES OF HEALTH TECH.md""}",https://digitalnbte.nbte.gov.ng,2026-09-04,True
832,NBTE,College of Health Technology,"{""raw_name"": ""Community School of Health Technology Gusau, Zamfara State"", ""vc_or_provost"": """", ""year_established"": """", ""source_row_number"": ""148"", ""source_file"": ""(NBTE) COLLEGES OF HEALTH TECH.md""}",https://digitalnbte.nbte.gov.ng,2026-09-04,True
833,NBTE,College of Nursing,"{""raw_name"": ""Aliko Dangote College of Nursing & Midwifery, Bauchi, Bauchi State"", ""vc_or_provost"": """", ""year_established"": """", ""source_row_number"": ""1"", ""source_file"": ""(NBTE) COLLEGES OF NURSING.md""}",https://digitalnbte.nbte.gov.ng,2026-09-04,True
834,NBTE,College of Nursing,"{""raw_name"": ""College of Nursing and Midwifery, Gombe"", ""vc_or_provost"": """", ""year_established"": """", ""source_row_number"": ""2"", ""source_file"": ""(NBTE) COLLEGES OF NURSING.md""}",https://digitalnbte.nbte.gov.ng,2026-09-04,True
835,NBTE,College of Nursing,"{""raw_name"": ""College of Nursing Obangede"", ""vc_or_provost"": """", ""year_established"": """", ""source_row_number"": ""3"", ""source_file"": ""(NBTE) COLLEGES OF NURSING.md""}",https://digitalnbte.nbte.gov.ng,2026-09-04,True
836,NBTE,College of Nursing,"{""raw_name"": ""College of Nursing Sciences, ABUTH, Zaria"", ""vc_or_provost"": """", ""year_established"": """", ""source_row_number"": ""4"", ""source_file"": ""(NBTE) COLLEGES OF NURSING.md""}",https://digitalnbte.nbte.gov.ng,2026-09-04,True
837,NBTE,College of Nursing,"{""raw_name"": ""College of Nursing Sciences Tambuwal"", ""vc_or_provost"": """", ""year_established"": """", ""source_row_number"": ""5"", ""source_file"": ""(NBTE) COLLEGES OF NURSING.md""}",https://digitalnbte.nbte.gov.ng,2026-09-04,True
838,NBTE,College of Nursing,"{""raw_name"": ""Cross Rivers State College of Nursing & Midwifery Sciences, Itigidi"", ""vc_or_provost"": """", ""year_established"": """", ""source_row_number"": ""6"", ""source_file"": ""(NBTE) COLLEGES OF NURSING.md""}",https://digitalnbte.nbte.gov.ng,2026-09-04,True
839,NBTE,College of Nursing,"{""raw_name"": ""Ezeala College of Nursing Science, Umuseke-Okwudor"", ""vc_or_provost"": """", ""year_established"": """", ""source_row_number"": ""7"", ""source_file"": ""(NBTE) COLLEGES OF NURSING.md""}",https://digitalnbte.nbte.gov.ng,2026-09-04,True
840,NBTE,College of Nursing,"{""raw_name"": ""Imo State College of Health Sciences & Management Technology, Amaigbo"", ""vc_or_provost"": """", ""year_established"": """", ""source_row_number"": ""8"", ""source_file"": ""(NBTE) COLLEGES OF NURSING.md""}",https://digitalnbte.nbte.gov.ng,2026-09-04,True
841,NBTE,College of Nursing,"{""raw_name"": ""Kebbi State College of Nursing Sciences, Birnin Kebbi"", ""vc_or_provost"": """", ""year_established"": """", ""source_row_number"": ""9"", ""source_file"": ""(NBTE) COLLEGES OF NURSING.md""}",https://digitalnbte.nbte.gov.ng,2026-09-04,True
842,NBTE,College of Nursing,"{""raw_name"": ""Lagos State College of Nursing Sciences, Igando"", ""vc_or_provost"": """", ""year_established"": """", ""source_row_number"": ""10"", ""source_file"": ""(NBTE) COLLEGES OF NURSING.md""}",https://digitalnbte.nbte.gov.ng,2026-09-04,True
843,NBTE,College of Nursing,"{""raw_name"": ""Nigerian Army College of Nursing, Yaba"", ""vc_or_provost"": """", ""year_established"": """", ""source_row_number"": ""11"", ""source_file"": ""(NBTE) COLLEGES OF NURSING.md""}",https://digitalnbte.nbte.gov.ng,2026-09-04,True
844,NBTE,College of Nursing,"{""raw_name"": ""Oyo State College of Nursing and Midwifery, Eleyele, Ibadan"", ""vc_or_provost"": """", ""year_established"": """", ""source_row_number"": ""12"", ""source_file"": ""(NBTE) COLLEGES OF NURSING.md""}",https://digitalnbte.nbte.gov.ng,2026-09-04,True
845,NBTE,College of Nursing,"{""raw_name"": ""School of Nursing, Ekiti State University Teaching Hospital, Ado-Ekiti"", ""vc_or_provost"": """", ""year_established"": """", ""source_row_number"": ""13"", ""source_file"": ""(NBTE) COLLEGES OF NURSING.md""}",https://digitalnbte.nbte.gov.ng,2026-09-04,True
846,NBTE,College of Nursing,"{""raw_name"": ""School of Nursing, Lagos State University Teaching Hospital (LUTH)"", ""vc_or_provost"": """", ""year_established"": """", ""source_row_number"": ""14"", ""source_file"": ""(NBTE) COLLEGES OF NURSING.md""}",https://digitalnbte.nbte.gov.ng,2026-09-04,True
847,NBTE,College of Nursing,"{""raw_name"": ""School of Nursing and Midwifery, A.T.B.U.T.H. Bauchi"", ""vc_or_provost"": """", ""year_established"": """", ""source_row_number"": ""15"", ""source_file"": ""(NBTE) COLLEGES OF NURSING.md""}",https://digitalnbte.nbte.gov.ng,2026-09-04,True
848,NBTE,College of Nursing,"{""raw_name"": ""School of Nursing Obafemi Owolowo University OAU Teachinh Hospital complx, Ile=Ife"", ""vc_or_provost"": """", ""year_established"": """", ""source_row_number"": ""16"", ""source_file"": ""(NBTE) COLLEGES OF NURSING.md""}",https://digitalnbte.nbte.gov.ng,2026-09-04,True
849,NBTE,College of Nursing,"{""raw_name"": ""School of Nursing University of Benin Teaching Hospital, Benin City"", ""vc_or_provost"": """", ""year_established"": """", ""source_row_number"": ""17"", ""source_file"": ""(NBTE) COLLEGES OF NURSING.md""}",https://digitalnbte.nbte.gov.ng,2026-09-04,True
850,NBTE,College of Nursing,"{""raw_name"": ""School of Nursing Wesley Guild`s Hospital, OAU, Ilesa"", ""vc_or_provost"": """", ""year_established"": """", ""source_row_number"": ""18"", ""source_file"": ""(NBTE) COLLEGES OF NURSING.md""}",https://digitalnbte.nbte.gov.ng,2026-09-04,True
851,NBTE,College of Nursing,"{""raw_name"": ""Shehu Sule College of Nursing & Midwifery, Damaturu, Yobe State"", ""vc_or_provost"": """", ""year_established"": """", ""source_row_number"": ""19"", ""source_file"": ""(NBTE) COLLEGES OF NURSING.md""}",https://digitalnbte.nbte.gov.ng,2026-09-04,True
852,NBTE,College of Nursing,"{""raw_name"": ""College of Nursing Sciences, Our Lady of Lourdes Hospital Complex Ihiala"", ""vc_or_provost"": """", ""year_established"": """", ""source_row_number"": ""20"", ""source_file"": ""(NBTE) COLLEGES OF NURSING.md""}",https://digitalnbte.nbte.gov.ng,2026-09-04,True
853,NBTE,College of Nursing,"{""raw_name"": ""Anambra State College of Nursing Sciences"", ""vc_or_provost"": """", ""year_established"": """", ""source_row_number"": ""21"", ""source_file"": ""(NBTE) COLLEGES OF NURSING.md""}",https://digitalnbte.nbte.gov.ng,2026-09-04,True
854,NBTE,College of Nursing,"{""raw_name"": ""Kwara State College of Nursing Sciences Ilorin"", ""vc_or_provost"": """", ""year_established"": """", ""source_row_number"": ""22"", ""source_file"": ""(NBTE) COLLEGES OF NURSING.md""}",https://digitalnbte.nbte.gov.ng,2026-09-04,True
855,NBTE,College of Nursing,"{""raw_name"": ""College of Nursing Science, Ahmadu Bello University Teaching Hospital Zaria"", ""vc_or_provost"": """", ""year_established"": """", ""source_row_number"": ""23"", ""source_file"": ""(NBTE) COLLEGES OF NURSING.md""}",https://digitalnbte.nbte.gov.ng,2026-09-04,True
856,NBTE,College of Nursing,"{""raw_name"": ""College of Nursing Sciences, Federal Teaching Hospital Gombe"", ""vc_or_provost"": """", ""year_established"": """", ""source_row_number"": ""24"", ""source_file"": ""(NBTE) COLLEGES OF NURSING.md""}",https://digitalnbte.nbte.gov.ng,2026-09-04,True
857,NBTE,College of Nursing,"{""raw_name"": ""College of Nursing Sciences, Adazi Nnukwu"", ""vc_or_provost"": """", ""year_established"": """", ""source_row_number"": ""25"", ""source_file"": ""(NBTE) COLLEGES OF NURSING.md""}",https://digitalnbte.nbte.gov.ng,2026-09-04,True
858,NBTE,College of Nursing,"{""raw_name"": ""Al-Maarif College of Nursing Sciences"", ""vc_or_provost"": """", ""year_established"": """", ""source_row_number"": ""26"", ""source_file"": ""(NBTE) COLLEGES OF NURSING.md""}",https://digitalnbte.nbte.gov.ng,2026-09-04,True
859,NBTE,College of Nursing,"{""raw_name"": ""College of Nursing Sciences Mbano Imo State"", ""vc_or_provost"": """", ""year_established"": """", ""source_row_number"": ""27"", ""source_file"": ""(NBTE) COLLEGES OF NURSING.md""}",https://digitalnbte.nbte.gov.ng,2026-09-04,True
860,NBTE,College of Nursing,"{""raw_name"": ""College of Nursing Sciences, St. Gerald Catholic Hospital Kakuri Kaduna State"", ""vc_or_provost"": """", ""year_established"": """", ""source_row_number"": ""28"", ""source_file"": ""(NBTE) COLLEGES OF NURSING.md""}",https://digitalnbte.nbte.gov.ng,2026-09-04,True
861,NBTE,College of Nursing,"{""raw_name"": ""College of Nursing Sciences, Alor Anambra State"", ""vc_or_provost"": """", ""year_established"": """", ""source_row_number"": ""29"", ""source_file"": ""(NBTE) COLLEGES OF NURSING.md""}",https://digitalnbte.nbte.gov.ng,2026-09-04,True
862,NBTE,College of Nursing,"{""raw_name"": ""International Christian College of Nursing Sciences, Owerri, Imo State"", ""vc_or_provost"": """", ""year_established"": """", ""source_row_number"": ""30"", ""source_file"": ""(NBTE) COLLEGES OF NURSING.md""}",https://digitalnbte.nbte.gov.ng,2026-09-04,True
863,NBTE,College of Nursing,"{""raw_name"": ""Iqra College of Nursing Sciences Dutse, Jigawa State"", ""vc_or_provost"": """", ""year_established"": """", ""source_row_number"": ""31"", ""source_file"": ""(NBTE) COLLEGES OF NURSING.md""}",https://digitalnbte.nbte.gov.ng,2026-09-04,True
864,NBTE,College of Nursing,"{""raw_name"": ""Nana College of Nursing Sciences, Otakuhi Okpo, Anyigba, Kogi State"", ""vc_or_provost"": """", ""year_established"": """", ""source_row_number"": ""32"", ""source_file"": ""(NBTE) COLLEGES OF NURSING.md""}",https://digitalnbte.nbte.gov.ng,2026-09-04,True
865,NBTE,College of Nursing,"{""raw_name"": ""College of Nursing Sciencea, University of Calabar Teaching Hospital, Cross River State"", ""vc_or_provost"": """", ""year_established"": """", ""source_row_number"": ""33"", ""source_file"": ""(NBTE) COLLEGES OF NURSING.md""}",https://digitalnbte.nbte.gov.ng,2026-09-04,True
866,NBTE,College of Nursing,"{""raw_name"": ""College of Nursing Sciences, Tambuwal, Sokoto State"", ""vc_or_provost"": """", ""year_established"": """", ""source_row_number"": ""34"", ""source_file"": ""(NBTE) COLLEGES OF NURSING.md""}",https://digitalnbte.nbte.gov.ng,2026-09-04,True
867,NBTE,College of Nursing,"{""raw_name"": ""Kano State College of Nursing Sciences Madobi"", ""vc_or_provost"": """", ""year_established"": """", ""source_row_number"": ""35"", ""source_file"": ""(NBTE) COLLEGES OF NURSING.md""}",https://digitalnbte.nbte.gov.ng,2026-09-04,True
868,NBTE,College of Nursing,"{""raw_name"": ""Kano State College of Nursing Sciences Dambatta"", ""vc_or_provost"": """", ""year_established"": """", ""source_row_number"": ""36"", ""source_file"": ""(NBTE) COLLEGES OF NURSING.md""}",https://digitalnbte.nbte.gov.ng,2026-09-04,True
869,NBTE,College of Nursing,"{""raw_name"": ""Kano State College of Nursing Scinnces Gwarzo"", ""vc_or_provost"": """", ""year_established"": """", ""source_row_number"": ""37"", ""source_file"": ""(NBTE) COLLEGES OF NURSING.md""}",https://digitalnbte.nbte.gov.ng,2026-09-04,True
870,NBTE,College of Nursing,"{""raw_name"": ""Bayelsa State College of Nursing"", ""vc_or_provost"": """", ""year_established"": """", ""source_row_number"": ""38"", ""source_file"": ""(NBTE) COLLEGES OF NURSING.md""}",https://digitalnbte.nbte.gov.ng,2026-09-04,True
871,NBTE,College of Nursing,"{""raw_name"": ""Adamawa State College of Nursing Science"", ""vc_or_provost"": """", ""year_established"": """", ""source_row_number"": ""39"", ""source_file"": ""(NBTE) COLLEGES OF NURSING.md""}",https://digitalnbte.nbte.gov.ng,2026-09-04,True
872,NBTE,College of Nursing,"{""raw_name"": ""College of Nursing Sciences St. Camillus, Catholic Hospital, Uromi, Edo State"", ""vc_or_provost"": """", ""year_established"": """", ""source_row_number"": ""40"", ""source_file"": ""(NBTE) COLLEGES OF NURSING.md""}",https://digitalnbte.nbte.gov.ng,2026-09-04,True
873,NBTE,College of Nursing,"{""raw_name"": ""Rivers State College of Nursing Sciences, Port-Harcourt"", ""vc_or_provost"": """", ""year_established"": """", ""source_row_number"": ""41"", ""source_file"": ""(NBTE) COLLEGES OF NURSING.md""}",https://digitalnbte.nbte.gov.ng,2026-09-04,True
874,NBTE,College of Nursing,"{""raw_name"": ""Benue State College of Nursing Science, Makurdi"", ""vc_or_provost"": """", ""year_established"": """", ""source_row_number"": ""42"", ""source_file"": ""(NBTE) COLLEGES OF NURSING.md""}",https://digitalnbte.nbte.gov.ng,2026-09-04,True
875,NBTE,College of Nursing,"{""raw_name"": ""ARCHBISHOP CHARLES HEEREY MEMORIAL COLLEGE OF NURSING SCIENCES"", ""vc_or_provost"": """", ""year_established"": """", ""source_row_number"": ""43"", ""source_file"": ""(NBTE) COLLEGES OF NURSING.md""}",https://digitalnbte.nbte.gov.ng,2026-09-04,True
876,NBTE,College of Nursing,"{""raw_name"": ""Janet Frank College of Nursing Sciences, Aba, Abia State"", ""vc_or_provost"": """", ""year_established"": """", ""source_row_number"": ""44"", ""source_file"": ""(NBTE) COLLEGES OF NURSING.md""}",https://digitalnbte.nbte.gov.ng,2026-09-04,True
877,NBTE,College of Nursing,"{""raw_name"": ""College of Nursing Sciences, Obohia- Ndoki, Ukwa East LGA, Abia State."", ""vc_or_provost"": """", ""year_established"": """", ""source_row_number"": ""45"", ""source_file"": ""(NBTE) COLLEGES OF NURSING.md""}",https://digitalnbte.nbte.gov.ng,2026-09-04,True
878,NBTE,College of Nursing,"{""raw_name"": ""Madonna College of Health Technology, Olokoro Umuahia, Abia State"", ""vc_or_provost"": """", ""year_established"": """", ""source_row_number"": ""46"", ""source_file"": ""(NBTE) COLLEGES OF NURSING.md""}",https://digitalnbte.nbte.gov.ng,2026-09-04,True
879,NBTE,College of Nursing,"{""raw_name"": ""Marjorie Bash College of Nursing Sciences"", ""vc_or_provost"": """", ""year_established"": """", ""source_row_number"": ""47"", ""source_file"": ""(NBTE) COLLEGES OF NURSING.md""}",https://digitalnbte.nbte.gov.ng,2026-09-04,True
880,NBTE,College of Nursing,"{""raw_name"": ""ST. ANTONY COLLEGE OF NURSING SCIENCE, ABA"", ""vc_or_provost"": """", ""year_established"": """", ""source_row_number"": ""48"", ""source_file"": ""(NBTE) COLLEGES OF NURSING.md""}",https://digitalnbte.nbte.gov.ng,2026-09-04,True
881,NBTE,College of Nursing,"{""raw_name"": ""Abia State College of Nursing Sciences, Aba Campus, Abia State"", ""vc_or_provost"": """", ""year_established"": """", ""source_row_number"": ""49"", ""source_file"": ""(NBTE) COLLEGES OF NURSING.md""}",https://digitalnbte.nbte.gov.ng,2026-09-04,True
882,NBTE,College of Nursing,"{""raw_name"": ""Zamaki College of Health Sciences and Technology, Yola, Adamawa State"", ""vc_or_provost"": """", ""year_established"": """", ""source_row_number"": ""50"", ""source_file"": ""(NBTE) COLLEGES OF NURSING.md""}",https://digitalnbte.nbte.gov.ng,2026-09-04,True
883,NBTE,College of Nursing,"{""raw_name"": ""JASACOMPTON CHRISTIAN COLLEGE OF HEALTH TECHNOLOGY LTD"", ""vc_or_provost"": """", ""year_established"": """", ""source_row_number"": ""51"", ""source_file"": ""(NBTE) COLLEGES OF NURSING.md""}",https://digitalnbte.nbte.gov.ng,2026-09-04,True
884,NBTE,College of Nursing,"{""raw_name"": ""Maurid College of Nursing Sciences, Mbiaso"", ""vc_or_provost"": """", ""year_established"": """", ""source_row_number"": ""52"", ""source_file"": ""(NBTE) COLLEGES OF NURSING.md""}",https://digitalnbte.nbte.gov.ng,2026-09-04,True
885,NBTE,College of Nursing,"{""raw_name"": ""Akwa Ibom State College of Health Technology, Etinan"", ""vc_or_provost"": """", ""year_established"": """", ""source_row_number"": ""53"", ""source_file"": ""(NBTE) COLLEGES OF NURSING.md""}",https://digitalnbte.nbte.gov.ng,2026-09-04,True
886,NBTE,College of Nursing,"{""raw_name"": ""College of Nursing Sciences, University of Uyo Teaching Hospital (UUTH)"", ""vc_or_provost"": """", ""year_established"": """", ""source_row_number"": ""54"", ""source_file"": ""(NBTE) COLLEGES OF NURSING.md""}",https://digitalnbte.nbte.gov.ng,2026-09-04,True
887,NBTE,College of Nursing,"{""raw_name"": ""Fortune International College of Nursing Sciences"", ""vc_or_provost"": """", ""year_established"": """", ""source_row_number"": ""55"", ""source_file"": ""(NBTE) COLLEGES OF NURSING.md""}",https://digitalnbte.nbte.gov.ng,2026-09-04,True
888,NBTE,College of Nursing,"{""raw_name"": ""College of Nursing Sciences, University of Uyo Teaching Hospital"", ""vc_or_provost"": """", ""year_established"": """", ""source_row_number"": ""56"", ""source_file"": ""(NBTE) COLLEGES OF NURSING.md""}",https://digitalnbte.nbte.gov.ng,2026-09-04,True
889,NBTE,College of Nursing,"{""raw_name"": ""College of Nursing Sciences, ST. Charles Borromeo Specialist Hospital, Onitsha, Anambra State."", ""vc_or_provost"": """", ""year_established"": """", ""source_row_number"": ""57"", ""source_file"": ""(NBTE) COLLEGES OF NURSING.md""}",https://digitalnbte.nbte.gov.ng,2026-09-04,True
890,NBTE,College of Nursing,"{""raw_name"": ""College of Nursing Sciences, Diocesan Hospital, Amichi, Anambra state."", ""vc_or_provost"": """", ""year_established"": """", ""source_row_number"": ""58"", ""source_file"": ""(NBTE) COLLEGES OF NURSING.md""}",https://digitalnbte.nbte.gov.ng,2026-09-04,True
891,NBTE,College of Nursing,"{""raw_name"": ""Apex College of Nursing Sciences, Ugbo-Ukwu Agunta Anambra State"", ""vc_or_provost"": """", ""year_established"": """", ""source_row_number"": ""59"", ""source_file"": ""(NBTE) COLLEGES OF NURSING.md""}",https://digitalnbte.nbte.gov.ng,2026-09-04,True
892,NBTE,College of Nursing,"{""raw_name"": ""Millennium College of Nursing Sciences, Awka Anambra State"", ""vc_or_provost"": """", ""year_established"": """", ""source_row_number"": ""60"", ""source_file"": ""(NBTE) COLLEGES OF NURSING.md""}",https://digitalnbte.nbte.gov.ng,2026-09-04,True
893,NBTE,College of Nursing,"{""raw_name"": ""Regina Caeli College of Nursing Science, Akwa"", ""vc_or_provost"": """", ""year_established"": """", ""source_row_number"": ""61"", ""source_file"": ""(NBTE) COLLEGES OF NURSING.md""}",https://digitalnbte.nbte.gov.ng,2026-09-04,True
894,NBTE,College of Nursing,"{""raw_name"": ""College of Nursing Sciences Iyienu Hospital"", ""vc_or_provost"": """", ""year_established"": """", ""source_row_number"": ""62"", ""source_file"": ""(NBTE) COLLEGES OF NURSING.md""}",https://digitalnbte.nbte.gov.ng,2026-09-04,True
895,NBTE,College of Nursing,"{""raw_name"": ""Margaret College of Nursing Sciences, Amichi"", ""vc_or_provost"": """", ""year_established"": """", ""source_row_number"": ""63"", ""source_file"": ""(NBTE) COLLEGES OF NURSING.md""}",https://digitalnbte.nbte.gov.ng,2026-09-04,True
896,NBTE,College of Nursing,"{""raw_name"": ""Testing Process"", ""vc_or_provost"": """", ""year_established"": """", ""source_row_number"": ""64"", ""source_file"": ""(NBTE) COLLEGES OF NURSING.md""}",https://digitalnbte.nbte.gov.ng,2026-09-04,True
897,NBTE,College of Nursing,"{""raw_name"": ""Alive College of Nursing Sciences, Nnewi"", ""vc_or_provost"": """", ""year_established"": """", ""source_row_number"": ""65"", ""source_file"": ""(NBTE) COLLEGES OF NURSING.md""}",https://digitalnbte.nbte.gov.ng,2026-09-04,True
898,NBTE,College of Nursing,"{""raw_name"": ""Malikiya College of Nursing Sciences, Bauchi, Bauchi State."", ""vc_or_provost"": """", ""year_established"": """", ""source_row_number"": ""66"", ""source_file"": ""(NBTE) COLLEGES OF NURSING.md""}",https://digitalnbte.nbte.gov.ng,2026-09-04,True
899,NBTE,College of Nursing,"{""raw_name"": ""Adamu Adamu College Of Nursing Sciences"", ""vc_or_provost"": """", ""year_established"": """", ""source_row_number"": ""67"", ""source_file"": ""(NBTE) COLLEGES OF NURSING.md""}",https://digitalnbte.nbte.gov.ng,2026-09-04,True
900,NBTE,College of Nursing,"{""raw_name"": ""Al-Huda College of Nursing Sciences, Bauchi"", ""vc_or_provost"": """", ""year_established"": """", ""source_row_number"": ""68"", ""source_file"": ""(NBTE) COLLEGES OF NURSING.md""}",https://digitalnbte.nbte.gov.ng,2026-09-04,True
901,NBTE,College of Nursing,"{""raw_name"": ""Mama Yalwa College of Nursing Sciences, Federal Medical Centre Misau"", ""vc_or_provost"": """", ""year_established"": """", ""source_row_number"": ""69"", ""source_file"": ""(NBTE) COLLEGES OF NURSING.md""}",https://digitalnbte.nbte.gov.ng,2026-09-04,True
902,NBTE,College of Nursing,"{""raw_name"": ""SA'ADU ZUNGUR COLLEGE OF NURSING SCIENCES"", ""vc_or_provost"": """", ""year_established"": """", ""source_row_number"": ""70"", ""source_file"": ""(NBTE) COLLEGES OF NURSING.md""}",https://digitalnbte.nbte.gov.ng,2026-09-04,True
903,NBTE,College of Nursing,"{""raw_name"": ""NKST COLLEGE OF NURSING SCIENCES, MKAR"", ""vc_or_provost"": """", ""year_established"": """", ""source_row_number"": ""71"", ""source_file"": ""(NBTE) COLLEGES OF NURSING.md""}",https://digitalnbte.nbte.gov.ng,2026-09-04,True
904,NBTE,College of Nursing,"{""raw_name"": ""Dr. John Adah College of Health Technology, Otukpo"", ""vc_or_provost"": """", ""year_established"": """", ""source_row_number"": ""72"", ""source_file"": ""(NBTE) COLLEGES OF NURSING.md""}",https://digitalnbte.nbte.gov.ng,2026-09-04,True
905,NBTE,College of Nursing,"{""raw_name"": ""Makurdi College of Nursing Sciences"", ""vc_or_provost"": """", ""year_established"": """", ""source_row_number"": ""73"", ""source_file"": ""(NBTE) COLLEGES OF NURSING.md""}",https://digitalnbte.nbte.gov.ng,2026-09-04,True
906,NBTE,College of Nursing,"{""raw_name"": ""Labe College of Nursing Sciences, Gboko"", ""vc_or_provost"": """", ""year_established"": """", ""source_row_number"": ""74"", ""source_file"": ""(NBTE) COLLEGES OF NURSING.md""}",https://digitalnbte.nbte.gov.ng,2026-09-04,True
907,NBTE,College of Nursing,"{""raw_name"": ""College of Nursing Sciences, Maiduguri, Borno state"", ""vc_or_provost"": """", ""year_established"": """", ""source_row_number"": ""75"", ""source_file"": ""(NBTE) COLLEGES OF NURSING.md""}",https://digitalnbte.nbte.gov.ng,2026-09-04,True
908,NBTE,College of Nursing,"{""raw_name"": ""College of Nursing Sciences, University of Maiduguri Teaching Hospital ,Maiduguri"", ""vc_or_provost"": """", ""year_established"": """", ""source_row_number"": ""76"", ""source_file"": ""(NBTE) COLLEGES OF NURSING.md""}",https://digitalnbte.nbte.gov.ng,2026-09-04,True
909,NBTE,College of Nursing,"{""raw_name"": ""College of Nursing Sciences Federal Neuropsychiatric Hospital Maiduguri"", ""vc_or_provost"": """", ""year_established"": """", ""source_row_number"": ""77"", ""source_file"": ""(NBTE) COLLEGES OF NURSING.md""}",https://digitalnbte.nbte.gov.ng,2026-09-04,True
910,NBTE,College of Nursing,"{""raw_name"": ""College of Nursing Sciences, Gwoza"", ""vc_or_provost"": """", ""year_established"": """", ""source_row_number"": ""78"", ""source_file"": ""(NBTE) COLLEGES OF NURSING.md""}",https://digitalnbte.nbte.gov.ng,2026-09-04,True
911,NBTE,College of Nursing,"{""raw_name"": ""College of Nursing Sciences Monguno"", ""vc_or_provost"": """", ""year_established"": """", ""source_row_number"": ""79"", ""source_file"": ""(NBTE) COLLEGES OF NURSING.md""}",https://digitalnbte.nbte.gov.ng,2026-09-04,True
912,NBTE,College of Nursing,"{""raw_name"": ""University of Calabar Teaching Hospital, Calabar. College of Nursing Sciences."", ""vc_or_provost"": """", ""year_established"": """", ""source_row_number"": ""80"", ""source_file"": ""(NBTE) COLLEGES OF NURSING.md""}",https://digitalnbte.nbte.gov.ng,2026-09-04,True
913,NBTE,College of Nursing,"{""raw_name"": ""Cross River State College of Nursing Sciences, Calabar"", ""vc_or_provost"": """", ""year_established"": """", ""source_row_number"": ""81"", ""source_file"": ""(NBTE) COLLEGES OF NURSING.md""}",https://digitalnbte.nbte.gov.ng,2026-09-04,True
914,NBTE,College of Nursing,"{""raw_name"": ""Anchor College of Nursing Sciences, Asaba, Delta State"", ""vc_or_provost"": """", ""year_established"": """", ""source_row_number"": ""82"", ""source_file"": ""(NBTE) COLLEGES OF NURSING.md""}",https://digitalnbte.nbte.gov.ng,2026-09-04,True
915,NBTE,College of Nursing,"{""raw_name"": ""Delta State College of Nursing Sciences, Agbor Campus"", ""vc_or_provost"": """", ""year_established"": """", ""source_row_number"": ""83"", ""source_file"": ""(NBTE) COLLEGES OF NURSING.md""}",https://digitalnbte.nbte.gov.ng,2026-09-04,True
916,NBTE,College of Nursing,"{""raw_name"": ""Delta College of Nursing Sciences Agbor Campus Delta State."", ""vc_or_provost"": """", ""year_established"": """", ""source_row_number"": ""84"", ""source_file"": ""(NBTE) COLLEGES OF NURSING.md""}",https://digitalnbte.nbte.gov.ng,2026-09-04,True
915,NBTE,College of Nursing,"{""raw_name"": ""Delta State College of Nursing Sciences Asaba Campus Delta State."", ""vc_or_provost"": """", ""year_established"": """", ""source_row_number"": ""85"", ""source_file"": ""(NBTE) COLLEGES OF NURSING.md""}",https://digitalnbte.nbte.gov.ng,2026-09-04,True
915,NBTE,College of Nursing,"{""raw_name"": ""Delta State College of Nursing Sciences Warri Campus Delta State."", ""vc_or_provost"": """", ""year_established"": """", ""source_row_number"": ""86"", ""source_file"": ""(NBTE) COLLEGES OF NURSING.md""}",https://digitalnbte.nbte.gov.ng,2026-09-04,True
915,NBTE,College of Nursing,"{""raw_name"": ""Delta State College of Nursing Sciences Sapele Campus Delta State."", ""vc_or_provost"": """", ""year_established"": """", ""source_row_number"": ""87"", ""source_file"": ""(NBTE) COLLEGES OF NURSING.md""}",https://digitalnbte.nbte.gov.ng,2026-09-04,True
915,NBTE,College of Nursing,"{""raw_name"": ""Delta State College of Nursing Sciences, Warri Campus"", ""vc_or_provost"": """", ""year_established"": """", ""source_row_number"": ""88"", ""source_file"": ""(NBTE) COLLEGES OF NURSING.md""}",https://digitalnbte.nbte.gov.ng,2026-09-04,True
915,NBTE,College of Nursing,"{""raw_name"": ""Delta State College of Nursing Sciences, Eku Campus"", ""vc_or_provost"": """", ""year_established"": """", ""source_row_number"": ""89"", ""source_file"": ""(NBTE) COLLEGES OF NURSING.md""}",https://digitalnbte.nbte.gov.ng,2026-09-04,True
915,NBTE,College of Nursing,"{""raw_name"": ""Delta State College of Nursing Sciences, Asaba Campus"", ""vc_or_provost"": """", ""year_established"": """", ""source_row_number"": ""90"", ""source_file"": ""(NBTE) COLLEGES OF NURSING.md""}",https://digitalnbte.nbte.gov.ng,2026-09-04,True
923,NBTE,College of Nursing,"{""raw_name"": ""Royal Mira College of Nursing Sciences"", ""vc_or_provost"": """", ""year_established"": """", ""source_row_number"": ""91"", ""source_file"": ""(NBTE) COLLEGES OF NURSING.md""}",https://digitalnbte.nbte.gov.ng,2026-09-04,True
924,NBTE,College of Nursing,"{""raw_name"": ""ST. PIO COLLEGE OF NURSING SCIENCES, ASABA"", ""vc_or_provost"": """", ""year_established"": """", ""source_row_number"": ""92"", ""source_file"": ""(NBTE) COLLEGES OF NURSING.md""}",https://digitalnbte.nbte.gov.ng,2026-09-04,True
925,NBTE,College of Nursing,"{""raw_name"": ""Royal Mira College of Nursing Sciences, Owa-Oyibu, Delta"", ""vc_or_provost"": """", ""year_established"": """", ""source_row_number"": ""93"", ""source_file"": ""(NBTE) COLLEGES OF NURSING.md""}",https://digitalnbte.nbte.gov.ng,2026-09-04,True
926,NBTE,College of Nursing,"{""raw_name"": ""Soarster College of Nursing Science, Asaba, Delta State"", ""vc_or_provost"": """", ""year_established"": """", ""source_row_number"": ""94"", ""source_file"": ""(NBTE) COLLEGES OF NURSING.md""}",https://digitalnbte.nbte.gov.ng,2026-09-04,True
927,NBTE,College of Nursing,"{""raw_name"": ""COLLEGE OF NURSING SCIENCES ALEX EKWUEME FEDERAL UNIVERSITY TEACHING HOSPITAL ABAKALIKI"", ""vc_or_provost"": """", ""year_established"": """", ""source_row_number"": ""95"", ""source_file"": ""(NBTE) COLLEGES OF NURSING.md""}",https://digitalnbte.nbte.gov.ng,2026-09-04,True
928,NBTE,College of Nursing,"{""raw_name"": ""Blessed Martins College of Nursing Sciences, Ohatekwe Amagu, Ikwo LGA, Ebonyi State"", ""vc_or_provost"": """", ""year_established"": """", ""source_row_number"": ""96"", ""source_file"": ""(NBTE) COLLEGES OF NURSING.md""}",https://digitalnbte.nbte.gov.ng,2026-09-04,True
929,NBTE,College of Nursing,"{""raw_name"": ""Royal College of Nursing Sciences, Ezzamgbo, Ebonyi State"", ""vc_or_provost"": """", ""year_established"": """", ""source_row_number"": ""97"", ""source_file"": ""(NBTE) COLLEGES OF NURSING.md""}",https://digitalnbte.nbte.gov.ng,2026-09-04,True
930,NBTE,College of Nursing,"{""raw_name"": ""Eastern Oak College of Nursing Sciences, Inyimagu Ngbo"", ""vc_or_provost"": """", ""year_established"": """", ""source_row_number"": ""98"", ""source_file"": ""(NBTE) COLLEGES OF NURSING.md""}",https://digitalnbte.nbte.gov.ng,2026-09-04,True
931,NBTE,College of Nursing,"{""raw_name"": ""Ebonyi State College of Nursing Sciences, Uburu"", ""vc_or_provost"": """", ""year_established"": """", ""source_row_number"": ""99"", ""source_file"": ""(NBTE) COLLEGES OF NURSING.md""}",https://digitalnbte.nbte.gov.ng,2026-09-04,True
932,NBTE,College of Nursing,"{""raw_name"": ""Mater Misericordiae College of Nursing Sciences, Afikpo"", ""vc_or_provost"": """", ""year_established"": """", ""source_row_number"": ""100"", ""source_file"": ""(NBTE) COLLEGES OF NURSING.md""}",https://digitalnbte.nbte.gov.ng,2026-09-04,True
933,NBTE,College of Nursing,"{""raw_name"": ""Kacci Renown College of Nursing and Midwifery, Afikpo"", ""vc_or_provost"": """", ""year_established"": """", ""source_row_number"": ""101"", ""source_file"": ""(NBTE) COLLEGES OF NURSING.md""}",https://digitalnbte.nbte.gov.ng,2026-09-04,True
934,NBTE,College of Nursing,"{""raw_name"": ""Eagles College of Nursing Sciences, National Obstetrics and Fistula Center"", ""vc_or_provost"": """", ""year_established"": """", ""source_row_number"": ""102"", ""source_file"": ""(NBTE) COLLEGES OF NURSING.md""}",https://digitalnbte.nbte.gov.ng,2026-09-04,True
935,NBTE,College of Nursing,"{""raw_name"": ""Edo State College of Nursing Sciences, Benin City"", ""vc_or_provost"": """", ""year_established"": """", ""source_row_number"": ""103"", ""source_file"": ""(NBTE) COLLEGES OF NURSING.md""}",https://digitalnbte.nbte.gov.ng,2026-09-04,True
936,NBTE,College of Nursing,"{""raw_name"": ""Igbinedion University Teaching Hospital College of Nursing Sciences, Okada, Edo State"", ""vc_or_provost"": """", ""year_established"": """", ""source_row_number"": ""104"", ""source_file"": ""(NBTE) COLLEGES OF NURSING.md""}",https://digitalnbte.nbte.gov.ng,2026-09-04,True
937,NBTE,College of Nursing,"{""raw_name"": ""Sancta Maria Catholic College of Nursing Sciences, Uzairue, Edo State"", ""vc_or_provost"": """", ""year_established"": """", ""source_row_number"": ""105"", ""source_file"": ""(NBTE) COLLEGES OF NURSING.md""}",https://digitalnbte.nbte.gov.ng,2026-09-04,True
938,NBTE,College of Nursing,"{""raw_name"": ""St Matthew Royal College of Nursing Sciences Eidenu-Irrua"", ""vc_or_provost"": """", ""year_established"": """", ""source_row_number"": ""106"", ""source_file"": ""(NBTE) COLLEGES OF NURSING.md""}",https://digitalnbte.nbte.gov.ng,2026-09-04,True
939,NBTE,College of Nursing,"{""raw_name"": ""COLLEGE OF NURSING SCIENCES, BISHOP SHANAHAN SPECIALIST HOPITAL NSUKKA."", ""vc_or_provost"": """", ""year_established"": """", ""source_row_number"": ""107"", ""source_file"": ""(NBTE) COLLEGES OF NURSING.md""}",https://digitalnbte.nbte.gov.ng,2026-09-04,True
940,NBTE,College of Nursing,"{""raw_name"": ""ENUGU STATE COLLEGE OF NURSING SCIENCES ENUGU, PARK LANE"", ""vc_or_provost"": """", ""year_established"": """", ""source_row_number"": ""108"", ""source_file"": ""(NBTE) COLLEGES OF NURSING.md""}",https://digitalnbte.nbte.gov.ng,2026-09-04,True
941,NBTE,College of Nursing,"{""raw_name"": ""Peaceland College of Nursing Sciences, Enugu, Enugu State"", ""vc_or_provost"": """", ""year_established"": """", ""source_row_number"": ""109"", ""source_file"": ""(NBTE) COLLEGES OF NURSING.md""}",https://digitalnbte.nbte.gov.ng,2026-09-04,True
942,NBTE,College of Nursing,"{""raw_name"": ""Enugu State College of Health Technology, Orji River"", ""vc_or_provost"": """", ""year_established"": """", ""source_row_number"": ""110"", ""source_file"": ""(NBTE) COLLEGES OF NURSING.md""}",https://digitalnbte.nbte.gov.ng,2026-09-04,True
943,NBTE,College of Nursing,"{""raw_name"": ""College of Nursing Sciences Oji River Mission Specialist Hospital"", ""vc_or_provost"": """", ""year_established"": """", ""source_row_number"": ""111"", ""source_file"": ""(NBTE) COLLEGES OF NURSING.md""}",https://digitalnbte.nbte.gov.ng,2026-09-04,True
944,NBTE,College of Nursing,"{""raw_name"": ""La Vera College of Nursing Sciences, Nsukka, Enugu State"", ""vc_or_provost"": """", ""year_established"": """", ""source_row_number"": ""112"", ""source_file"": ""(NBTE) COLLEGES OF NURSING.md""}",https://digitalnbte.nbte.gov.ng,2026-09-04,True
945,NBTE,College of Nursing,"{""raw_name"": ""Enugu State College of Nursing Sciences, Awgu"", ""vc_or_provost"": """", ""year_established"": """", ""source_row_number"": ""113"", ""source_file"": ""(NBTE) COLLEGES OF NURSING.md""}",https://digitalnbte.nbte.gov.ng,2026-09-04,True
946,NBTE,College of Nursing,"{""raw_name"": ""YAGONGWO COLLEGE OF NURSING SCIENCES, KUJE-ABUJA"", ""vc_or_provost"": """", ""year_established"": """", ""source_row_number"": ""114"", ""source_file"": ""(NBTE) COLLEGES OF NURSING.md""}",https://digitalnbte.nbte.gov.ng,2026-09-04,True
947,NBTE,College of Nursing,"{""raw_name"": ""Horizon Collage of Nursing Sciences, Anagada, Gwagwalada, FCT Abuja"", ""vc_or_provost"": """", ""year_established"": """", ""source_row_number"": ""115"", ""source_file"": ""(NBTE) COLLEGES OF NURSING.md""}",https://digitalnbte.nbte.gov.ng,2026-09-04,True
948,NBTE,College of Nursing,"{""raw_name"": ""Horizon College of Nursing Sciences, Anagada, Gwagwalada, FCT Abuja"", ""vc_or_provost"": """", ""year_established"": """", ""source_row_number"": ""116"", ""source_file"": ""(NBTE) COLLEGES OF NURSING.md""}",https://digitalnbte.nbte.gov.ng,2026-09-04,True
949,NBTE,College of Nursing,"{""raw_name"": ""Oasis College of Nursing Sciences, Kuje, FCT Abuja"", ""vc_or_provost"": """", ""year_established"": """", ""source_row_number"": ""117"", ""source_file"": ""(NBTE) COLLEGES OF NURSING.md""}",https://digitalnbte.nbte.gov.ng,2026-09-04,True
950,NBTE,College of Nursing,"{""raw_name"": ""College of Nursing Sciences, Jahi, FCT Abuja"", ""vc_or_provost"": """", ""year_established"": """", ""source_row_number"": ""118"", ""source_file"": ""(NBTE) COLLEGES OF NURSING.md""}",https://digitalnbte.nbte.gov.ng,2026-09-04,True
951,NBTE,College of Nursing,"{""raw_name"": ""FCT College of Nursing Sciences"", ""vc_or_provost"": """", ""year_established"": """", ""source_row_number"": ""119"", ""source_file"": ""(NBTE) COLLEGES OF NURSING.md""}",https://digitalnbte.nbte.gov.ng,2026-09-04,True
952,NBTE,College of Nursing,"{""raw_name"": ""Jewel College of Nursing Sciences, Gombe, Gombe State"", ""vc_or_provost"": """", ""year_established"": """", ""source_row_number"": ""120"", ""source_file"": ""(NBTE) COLLEGES OF NURSING.md""}",https://digitalnbte.nbte.gov.ng,2026-09-04,True
953,NBTE,College of Nursing,"{""raw_name"": ""Adamu Fura College of Nursing Sciences, Gombe, Gombe State"", ""vc_or_provost"": """", ""year_established"": """", ""source_row_number"": ""121"", ""source_file"": ""(NBTE) COLLEGES OF NURSING.md""}",https://digitalnbte.nbte.gov.ng,2026-09-04,True
954,NBTE,College of Nursing,"{""raw_name"": ""Jewel College of Nursing Sciences, Gombe"", ""vc_or_provost"": """", ""year_established"": """", ""source_row_number"": ""122"", ""source_file"": ""(NBTE) COLLEGES OF NURSING.md""}",https://digitalnbte.nbte.gov.ng,2026-09-04,True
955,NBTE,College of Nursing,"{""raw_name"": ""Vision College of Medical Sciences and Health Technology, Mbaise, Imo State"", ""vc_or_provost"": """", ""year_established"": """", ""source_row_number"": ""123"", ""source_file"": ""(NBTE) COLLEGES OF NURSING.md""}",https://digitalnbte.nbte.gov.ng,2026-09-04,True
956,NBTE,College of Nursing,"{""raw_name"": ""College of Nursing Sciences, ST. Mary's Joint Hospital, Amaigbo, Imo State"", ""vc_or_provost"": """", ""year_established"": """", ""source_row_number"": ""124"", ""source_file"": ""(NBTE) COLLEGES OF NURSING.md""}",https://digitalnbte.nbte.gov.ng,2026-09-04,True
957,NBTE,College of Nursing,"{""raw_name"": ""Merit College Of Nursing Sciences Orlu"", ""vc_or_provost"": """", ""year_established"": """", ""source_row_number"": ""125"", ""source_file"": ""(NBTE) COLLEGES OF NURSING.md""}",https://digitalnbte.nbte.gov.ng,2026-09-04,True
958,NBTE,College of Nursing,"{""raw_name"": ""Mother of Mercy College of Nursing Sciences"", ""vc_or_provost"": """", ""year_established"": """", ""source_row_number"": ""126"", ""source_file"": ""(NBTE) COLLEGES OF NURSING.md""}",https://digitalnbte.nbte.gov.ng,2026-09-04,True
959,NBTE,College of Nursing,"{""raw_name"": ""Imo State College of Nursing Sciences, Orlu"", ""vc_or_provost"": """", ""year_established"": """", ""source_row_number"": ""127"", ""source_file"": ""(NBTE) COLLEGES OF NURSING.md""}",https://digitalnbte.nbte.gov.ng,2026-09-04,True
960,NBTE,College of Nursing,"{""raw_name"": ""Kings College of Nursing Sciences"", ""vc_or_provost"": """", ""year_established"": """", ""source_row_number"": ""128"", ""source_file"": ""(NBTE) COLLEGES OF NURSING.md""}",https://digitalnbte.nbte.gov.ng,2026-09-04,True
961,NBTE,College of Nursing,"{""raw_name"": ""College of Nursing sciences holy Rosary hospital Emekuku Owerri"", ""vc_or_provost"": """", ""year_established"": """", ""source_row_number"": ""129"", ""source_file"": ""(NBTE) COLLEGES OF NURSING.md""}",https://digitalnbte.nbte.gov.ng,2026-09-04,True
962,NBTE,College of Nursing,"{""raw_name"": ""College of Nursing Sciences Umulogho, Imo"", ""vc_or_provost"": """", ""year_established"": """", ""source_row_number"": ""130"", ""source_file"": ""(NBTE) COLLEGES OF NURSING.md""}",https://digitalnbte.nbte.gov.ng,2026-09-04,True
963,NBTE,College of Nursing,"{""raw_name"": ""G-City College of Health Sciences and Technology, Gwaram, Jigawa State"", ""vc_or_provost"": """", ""year_established"": """", ""source_row_number"": ""131"", ""source_file"": ""(NBTE) COLLEGES OF NURSING.md""}",https://digitalnbte.nbte.gov.ng,2026-09-04,True
964,NBTE,College of Nursing,"{""raw_name"": ""Jigawa State College of Health Science and Technology, Jahun"", ""vc_or_provost"": """", ""year_established"": """", ""source_row_number"": ""132"", ""source_file"": ""(NBTE) COLLEGES OF NURSING.md""}",https://digitalnbte.nbte.gov.ng,2026-09-04,True
965,NBTE,College of Nursing,"{""raw_name"": ""Ameenatu College of Nursing"", ""vc_or_provost"": """", ""year_established"": """", ""source_row_number"": ""133"", ""source_file"": ""(NBTE) COLLEGES OF NURSING.md""}",https://digitalnbte.nbte.gov.ng,2026-09-04,True
966,NBTE,College of Nursing,"{""raw_name"": ""Jigawa State College of Nursing Sciences, Babura"", ""vc_or_provost"": """", ""year_established"": """", ""source_row_number"": ""134"", ""source_file"": ""(NBTE) COLLEGES OF NURSING.md""}",https://digitalnbte.nbte.gov.ng,2026-09-04,True
967,NBTE,College of Nursing,"{""raw_name"": ""Jigawa State College of Nursing Sciences, Birnin Kudu"", ""vc_or_provost"": """", ""year_established"": """", ""source_row_number"": ""135"", ""source_file"": ""(NBTE) COLLEGES OF NURSING.md""}",https://digitalnbte.nbte.gov.ng,2026-09-04,True
968,NBTE,College of Nursing,"{""raw_name"": ""Jigawa State College of Nursing Sciences, Hadejia"", ""vc_or_provost"": """", ""year_established"": """", ""source_row_number"": ""136"", ""source_file"": ""(NBTE) COLLEGES OF NURSING.md""}",https://digitalnbte.nbte.gov.ng,2026-09-04,True
969,NBTE,College of Nursing,"{""raw_name"": ""Belba College of Nursing Sciences Jigawa State"", ""vc_or_provost"": """", ""year_established"": """", ""source_row_number"": ""137"", ""source_file"": ""(NBTE) COLLEGES OF NURSING.md""}",https://digitalnbte.nbte.gov.ng,2026-09-04,True
970,NBTE,College of Nursing,"{""raw_name"": ""Nigerian Airforce College of Nursing Sciences Kaduna"", ""vc_or_provost"": """", ""year_established"": """", ""source_row_number"": ""138"", ""source_file"": ""(NBTE) COLLEGES OF NURSING.md""}",https://digitalnbte.nbte.gov.ng,2026-09-04,True
971,NBTE,College of Nursing,"{""raw_name"": ""Elite college of health science and technology"", ""vc_or_provost"": """", ""year_established"": """", ""source_row_number"": ""139"", ""source_file"": ""(NBTE) COLLEGES OF NURSING.md""}",https://digitalnbte.nbte.gov.ng,2026-09-04,True
972,NBTE,College of Nursing,"{""raw_name"": ""Nana Fatima Umar College of Nursing Sciences, Kaduna"", ""vc_or_provost"": """", ""year_established"": """", ""source_row_number"": ""140"", ""source_file"": ""(NBTE) COLLEGES OF NURSING.md""}",https://digitalnbte.nbte.gov.ng,2026-09-04,True
973,NBTE,College of Nursing,"{""raw_name"": ""Almadina College of Nursing Sciences, Zaria"", ""vc_or_provost"": """", ""year_established"": """", ""source_row_number"": ""141"", ""source_file"": ""(NBTE) COLLEGES OF NURSING.md""}",https://digitalnbte.nbte.gov.ng,2026-09-04,True
974,NBTE,College of Nursing,"{""raw_name"": ""Al-Haroon College of Health Sciences and Technology, Zaria"", ""vc_or_provost"": """", ""year_established"": """", ""source_row_number"": ""142"", ""source_file"": ""(NBTE) COLLEGES OF NURSING.md""}",https://digitalnbte.nbte.gov.ng,2026-09-04,True
975,NBTE,College of Nursing,"{""raw_name"": ""Muh'd Ibn El Barau College of Nursing Science, Zaria"", ""vc_or_provost"": """", ""year_established"": """", ""source_row_number"": ""143"", ""source_file"": ""(NBTE) COLLEGES OF NURSING.md""}",https://digitalnbte.nbte.gov.ng,2026-09-04,True
976,NBTE,College of Nursing,"{""raw_name"": ""Al-Kausar College of Health Technology Foundation, Kaduna"", ""vc_or_provost"": """", ""year_established"": """", ""source_row_number"": ""144"", ""source_file"": ""(NBTE) COLLEGES OF NURSING.md""}",https://digitalnbte.nbte.gov.ng,2026-09-04,True
977,NBTE,College of Nursing,"{""raw_name"": ""Kaduna State College of Nursing & Midwifery Pambegua"", ""vc_or_provost"": """", ""year_established"": """", ""source_row_number"": ""145"", ""source_file"": ""(NBTE) COLLEGES OF NURSING.md""}",https://digitalnbte.nbte.gov.ng,2026-09-04,True
978,NBTE,College of Nursing,"{""raw_name"": ""Kaduna State College of Nursing & Midwifery Tudun Wada"", ""vc_or_provost"": """", ""year_established"": """", ""source_row_number"": ""146"", ""source_file"": ""(NBTE) COLLEGES OF NURSING.md""}",https://digitalnbte.nbte.gov.ng,2026-09-04,True
979,NBTE,College of Nursing,"{""raw_name"": ""Kaduna State College of Nursing & Midwifery Kafanchan"", ""vc_or_provost"": """", ""year_established"": """", ""source_row_number"": ""147"", ""source_file"": ""(NBTE) COLLEGES OF NURSING.md""}",https://digitalnbte.nbte.gov.ng,2026-09-04,True
980,NBTE,College of Nursing,"{""raw_name"": ""Throneroom College of Nursing Sciences LTD"", ""vc_or_provost"": """", ""year_established"": """", ""source_row_number"": ""148"", ""source_file"": ""(NBTE) COLLEGES OF NURSING.md""}",https://digitalnbte.nbte.gov.ng,2026-09-04,True
981,NBTE,College of Nursing,"{""raw_name"": ""College of Nursing Sciences St Luke's Anglican Hospital, Wusasa, Zaria"", ""vc_or_provost"": """", ""year_established"": """", ""source_row_number"": ""149"", ""source_file"": ""(NBTE) COLLEGES OF NURSING.md""}",https://digitalnbte.nbte.gov.ng,2026-09-04,True
982,NBTE,College of Nursing,"{""raw_name"": ""National Orthopedic Hospital, Dala College of Nursing, Kano, Kano state"", ""vc_or_provost"": """", ""year_established"": """", ""source_row_number"": ""150"", ""source_file"": ""(NBTE) COLLEGES OF NURSING.md""}",https://digitalnbte.nbte.gov.ng,2026-09-04,True
983,NBTE,College of Nursing,"{""raw_name"": ""Flagship Collage of Nursing Sciences, Bichi, Kano State"", ""vc_or_provost"": """", ""year_established"": """", ""source_row_number"": ""151"", ""source_file"": ""(NBTE) COLLEGES OF NURSING.md""}",https://digitalnbte.nbte.gov.ng,2026-09-04,True
984,NBTE,College of Nursing,"{""raw_name"": ""Alhassan Ibrahim Dawanau Collage of Health Sciences and Technology, Hotoro, Kano, Kano State"", ""vc_or_provost"": """", ""year_established"": """", ""source_row_number"": ""152"", ""source_file"": ""(NBTE) COLLEGES OF NURSING.md""}",https://digitalnbte.nbte.gov.ng,2026-09-04,True
985,NBTE,College of Nursing,"{""raw_name"": ""Emirates Collage of Nursing Sciences, Tudun Yola, Kabuga Satellite Town, Kano, Kano State"", ""vc_or_provost"": """", ""year_established"": """", ""source_row_number"": ""153"", ""source_file"": ""(NBTE) COLLEGES OF NURSING.md""}",https://digitalnbte.nbte.gov.ng,2026-09-04,True
986,NBTE,College of Nursing,"{""raw_name"": ""Emirates College of Nursing Sciences, Tudun Yola, Kabuga Satellite Town, Kano, Kano State"", ""vc_or_provost"": """", ""year_established"": """", ""source_row_number"": ""154"", ""source_file"": ""(NBTE) COLLEGES OF NURSING.md""}",https://digitalnbte.nbte.gov.ng,2026-09-04,True
987,NBTE,College of Nursing,"{""raw_name"": ""Alhassan Ibrahim Dawanau College of Health Sciences and Technology, Hotoro, Kano, Kano State"", ""vc_or_provost"": """", ""year_established"": """", ""source_row_number"": ""155"", ""source_file"": ""(NBTE) COLLEGES OF NURSING.md""}",https://digitalnbte.nbte.gov.ng,2026-09-04,True
988,NBTE,College of Nursing,"{""raw_name"": ""Flagship College of Nursing Sciences, Bichi, Kano State"", ""vc_or_provost"": """", ""year_established"": """", ""source_row_number"": ""156"", ""source_file"": ""(NBTE) COLLEGES OF NURSING.md""}",https://digitalnbte.nbte.gov.ng,2026-09-04,True
989,NBTE,College of Nursing,"{""raw_name"": ""Alhassan Ibrahim Dawanau Collage of Health Sciences and Technology, Hotoro, Kano,"", ""vc_or_provost"": """", ""year_established"": """", ""source_row_number"": ""157"", ""source_file"": ""(NBTE) COLLEGES OF NURSING.md""}",https://digitalnbte.nbte.gov.ng,2026-09-04,True
990,NBTE,College of Nursing,"{""raw_name"": ""Sudawa College of Nursing and Midwifery, Danbare, Kano State"", ""vc_or_provost"": """", ""year_established"": """", ""source_row_number"": ""158"", ""source_file"": ""(NBTE) COLLEGES OF NURSING.md""}",https://digitalnbte.nbte.gov.ng,2026-09-04,True
991,NBTE,College of Nursing,"{""raw_name"": ""Hamdala College of Nursing Sciences Kano, Kano State"", ""vc_or_provost"": """", ""year_established"": """", ""source_row_number"": ""159"", ""source_file"": ""(NBTE) COLLEGES OF NURSING.md""}",https://digitalnbte.nbte.gov.ng,2026-09-04,True
992,NBTE,College of Nursing,"{""raw_name"": ""Jamilu Ibrahim Imperial College of Health Sciences Technology, Kano, Kano State"", ""vc_or_provost"": """", ""year_established"": """", ""source_row_number"": ""160"", ""source_file"": ""(NBTE) COLLEGES OF NURSING.md""}",https://digitalnbte.nbte.gov.ng,2026-09-04,True
993,NBTE,College of Nursing,"{""raw_name"": ""Autan Bawo College of Health and Social Science, Rano"", ""vc_or_provost"": """", ""year_established"": """", ""source_row_number"": ""161"", ""source_file"": ""(NBTE) COLLEGES OF NURSING.md""}",https://digitalnbte.nbte.gov.ng,2026-09-04,True
994,NBTE,College of Nursing,"{""raw_name"": ""Al-Ikhlas College of Health Sciences and Technology, Wudil"", ""vc_or_provost"": """", ""year_established"": """", ""source_row_number"": ""162"", ""source_file"": ""(NBTE) COLLEGES OF NURSING.md""}",https://digitalnbte.nbte.gov.ng,2026-09-04,True
995,NBTE,College of Nursing,"{""raw_name"": ""Jameel Chiroma College of Health Science and Technology, Kano"", ""vc_or_provost"": """", ""year_established"": """", ""source_row_number"": ""163"", ""source_file"": ""(NBTE) COLLEGES OF NURSING.md""}",https://digitalnbte.nbte.gov.ng,2026-09-04,True
996,NBTE,College of Nursing,"{""raw_name"": ""Tropical College of Health Sciences & Tech, Kano"", ""vc_or_provost"": """", ""year_established"": """", ""source_row_number"": ""164"", ""source_file"": ""(NBTE) COLLEGES OF NURSING.md""}",https://digitalnbte.nbte.gov.ng,2026-09-04,True
997,NBTE,College of Nursing,"{""raw_name"": ""Dansharif College of Nursing Sciences"", ""vc_or_provost"": """", ""year_established"": """", ""source_row_number"": ""165"", ""source_file"": ""(NBTE) COLLEGES OF NURSING.md""}",https://digitalnbte.nbte.gov.ng,2026-09-04,True
998,NBTE,College of Nursing,"{""raw_name"": ""Kano State College of Nursing and Midwifery, Kano"", ""vc_or_provost"": """", ""year_established"": """", ""source_row_number"": ""166"", ""source_file"": ""(NBTE) COLLEGES OF NURSING.md""}",https://digitalnbte.nbte.gov.ng,2026-09-04,True
999,NBTE,College of Nursing,"{""raw_name"": ""IMAN COLLEGE OF NURSING SCIENCES, KANO"", ""vc_or_provost"": """", ""year_established"": """", ""source_row_number"": ""167"", ""source_file"": ""(NBTE) COLLEGES OF NURSING.md""}",https://digitalnbte.nbte.gov.ng,2026-09-04,True
1000,NBTE,College of Nursing,"{""raw_name"": ""Nafisatu College of Nursing Sciences, Kwankwaso, Kano State."", ""vc_or_provost"": """", ""year_established"": """", ""source_row_number"": ""168"", ""source_file"": ""(NBTE) COLLEGES OF NURSING.md""}",https://digitalnbte.nbte.gov.ng,2026-09-04,True
1001,NBTE,College of Nursing,"{""raw_name"": ""Katsina State College of Nursing & Midwifery Katsina"", ""vc_or_provost"": """", ""year_established"": """", ""source_row_number"": ""169"", ""source_file"": ""(NBTE) COLLEGES OF NURSING.md""}",https://digitalnbte.nbte.gov.ng,2026-09-04,True
1002,NBTE,College of Nursing,"{""raw_name"": ""Cherish College of Nursing and Midwifery, Batsari"", ""vc_or_provost"": """", ""year_established"": """", ""source_row_number"": ""170"", ""source_file"": ""(NBTE) COLLEGES OF NURSING.md""}",https://digitalnbte.nbte.gov.ng,2026-09-04,True
1003,NBTE,College of Nursing,"{""raw_name"": ""ESSEMM College of Nursing Sciences, Katsina, Katsina State"", ""vc_or_provost"": """", ""year_established"": """", ""source_row_number"": ""171"", ""source_file"": ""(NBTE) COLLEGES OF NURSING.md""}",https://digitalnbte.nbte.gov.ng,2026-09-04,True
1004,NBTE,College of Nursing,"{""raw_name"": ""Cherish College of Nursing and Midwifery, Batsari, Katsina State"", ""vc_or_provost"": """", ""year_established"": """", ""source_row_number"": ""172"", ""source_file"": ""(NBTE) COLLEGES OF NURSING.md""}",https://digitalnbte.nbte.gov.ng,2026-09-04,True
1005,NBTE,College of Nursing,"{""raw_name"": ""North West College of Nursing Sciences, Katsina, Katsina State"", ""vc_or_provost"": """", ""year_established"": """", ""source_row_number"": ""173"", ""source_file"": ""(NBTE) COLLEGES OF NURSING.md""}",https://digitalnbte.nbte.gov.ng,2026-09-04,True
1006,NBTE,College of Nursing,"{""raw_name"": ""Bawo College of Nursing Sciences, Daura, Katsina State"", ""vc_or_provost"": """", ""year_established"": """", ""source_row_number"": ""174"", ""source_file"": ""(NBTE) COLLEGES OF NURSING.md""}",https://digitalnbte.nbte.gov.ng,2026-09-04,True
1007,NBTE,College of Nursing,"{""raw_name"": ""Nana Babajo College of Nursing and Midwifery Malumfashi"", ""vc_or_provost"": """", ""year_established"": """", ""source_row_number"": ""175"", ""source_file"": ""(NBTE) COLLEGES OF NURSING.md""}",https://digitalnbte.nbte.gov.ng,2026-09-04,True
1008,NBTE,College of Nursing,"{""raw_name"": ""Nexus College of Nursing Sciences, Katsina"", ""vc_or_provost"": """", ""year_established"": """", ""source_row_number"": ""176"", ""source_file"": ""(NBTE) COLLEGES OF NURSING.md""}",https://digitalnbte.nbte.gov.ng,2026-09-04,True
1009,NBTE,College of Nursing,"{""raw_name"": ""Khuddam College of Health Science and Technology, Katsina"", ""vc_or_provost"": """", ""year_established"": """", ""source_row_number"": ""177"", ""source_file"": ""(NBTE) COLLEGES OF NURSING.md""}",https://digitalnbte.nbte.gov.ng,2026-09-04,True
1010,NBTE,College of Nursing,"{""raw_name"": ""SAJO COLLEGE OF NURSING SCIENCES"", ""vc_or_provost"": """", ""year_established"": """", ""source_row_number"": ""178"", ""source_file"": ""(NBTE) COLLEGES OF NURSING.md""}",https://digitalnbte.nbte.gov.ng,2026-09-04,True
1011,NBTE,College of Nursing,"{""raw_name"": ""Kauran Gwandu College of Nursing and Midwifery Sciences, Ambursa"", ""vc_or_provost"": """", ""year_established"": """", ""source_row_number"": ""179"", ""source_file"": ""(NBTE) COLLEGES OF NURSING.md""}",https://digitalnbte.nbte.gov.ng,2026-09-04,True
1012,NBTE,College of Nursing,"{""raw_name"": ""U.E.C College of Nursing Sciences, Ochadamu, Kogi State"", ""vc_or_provost"": """", ""year_established"": """", ""source_row_number"": ""180"", ""source_file"": ""(NBTE) COLLEGES OF NURSING.md""}",https://digitalnbte.nbte.gov.ng,2026-09-04,True
1013,NBTE,College of Nursing,"{""raw_name"": ""U.E.C College of Nursing Sciences, Ochadamu, Kogi State"", ""vc_or_provost"": """", ""year_established"": """", ""source_row_number"": ""181"", ""source_file"": ""(NBTE) COLLEGES OF NURSING.md""}",https://digitalnbte.nbte.gov.ng,2026-09-04,True
1014,NBTE,College of Nursing,"{""raw_name"": ""Abobo Confluence College of Health Technology"", ""vc_or_provost"": """", ""year_established"": """", ""source_row_number"": ""182"", ""source_file"": ""(NBTE) COLLEGES OF NURSING.md""}",https://digitalnbte.nbte.gov.ng,2026-09-04,True
1015,NBTE,College of Nursing,"{""raw_name"": ""ECWA College of Nursing Sciences, Egbe, Kogi State"", ""vc_or_provost"": """", ""year_established"": """", ""source_row_number"": ""183"", ""source_file"": ""(NBTE) COLLEGES OF NURSING.md""}",https://digitalnbte.nbte.gov.ng,2026-09-04,True
1016,NBTE,College of Nursing,"{""raw_name"": ""MINISTRY OF MERCY COLLEGE OF NURSING SCIENCES"", ""vc_or_provost"": """", ""year_established"": """", ""source_row_number"": ""184"", ""source_file"": ""(NBTE) COLLEGES OF NURSING.md""}",https://digitalnbte.nbte.gov.ng,2026-09-04,True
1017,NBTE,College of Nursing,"{""raw_name"": ""Nana College of Nursing and Health Sciences, Otakuhi Okpo"", ""vc_or_provost"": """", ""year_established"": """", ""source_row_number"": ""185"", ""source_file"": ""(NBTE) COLLEGES OF NURSING.md""}",https://digitalnbte.nbte.gov.ng,2026-09-04,True
1018,NBTE,College of Nursing,"{""raw_name"": ""Adewale Ibrahim College of Health Science and Technology Buari"", ""vc_or_provost"": """", ""year_established"": """", ""source_row_number"": ""186"", ""source_file"": ""(NBTE) COLLEGES OF NURSING.md""}",https://digitalnbte.nbte.gov.ng,2026-09-04,True
1019,NBTE,College of Nursing,"{""raw_name"": ""Adeshina College of Health Sciences and Technology, Share, Kwara State"", ""vc_or_provost"": """", ""year_established"": """", ""source_row_number"": ""187"", ""source_file"": ""(NBTE) COLLEGES OF NURSING.md""}",https://digitalnbte.nbte.gov.ng,2026-09-04,True
1020,NBTE,College of Nursing,"{""raw_name"": ""Barthlomew College of Nursing Sciences, Luma-Shao, Kwara State"", ""vc_or_provost"": """", ""year_established"": """", ""source_row_number"": ""188"", ""source_file"": ""(NBTE) COLLEGES OF NURSING.md""}",https://digitalnbte.nbte.gov.ng,2026-09-04,True
1021,NBTE,College of Nursing,"{""raw_name"": ""Grandplus College of Health Sciences and Technology, Ilorin, Kwara State"", ""vc_or_provost"": """", ""year_established"": """", ""source_row_number"": ""189"", ""source_file"": ""(NBTE) COLLEGES OF NURSING.md""}",https://digitalnbte.nbte.gov.ng,2026-09-04,True
1022,NBTE,College of Nursing,"{""raw_name"": ""Best College of Health Technology, Offa"", ""vc_or_provost"": """", ""year_established"": """", ""source_row_number"": ""190"", ""source_file"": ""(NBTE) COLLEGES OF NURSING.md""}",https://digitalnbte.nbte.gov.ng,2026-09-04,True
1023,NBTE,College of Nursing,"{""raw_name"": ""Heartsavers College of Nursing Sciences"", ""vc_or_provost"": """", ""year_established"": """", ""source_row_number"": ""191"", ""source_file"": ""(NBTE) COLLEGES OF NURSING.md""}",https://digitalnbte.nbte.gov.ng,2026-09-04,True
1024,NBTE,College of Nursing,"{""raw_name"": ""Kwara State College of Nursing Sciences, Oke-Ode"", ""vc_or_provost"": """", ""year_established"": """", ""source_row_number"": ""192"", ""source_file"": ""(NBTE) COLLEGES OF NURSING.md""}",https://digitalnbte.nbte.gov.ng,2026-09-04,True
1025,NBTE,College of Nursing,"{""raw_name"": ""HERITAGE GLOBAL SCHOOL OF HEALTH TECHNOLOGY"", ""vc_or_provost"": """", ""year_established"": """", ""source_row_number"": ""193"", ""source_file"": ""(NBTE) COLLEGES OF NURSING.md""}",https://digitalnbte.nbte.gov.ng,2026-09-04,True
1026,NBTE,College of Nursing,"{""raw_name"": ""THE SIGNATURE COLLEGE OF NURSING SCIENCES, KARU, NASARAWA STATE"", ""vc_or_provost"": """", ""year_established"": """", ""source_row_number"": ""194"", ""source_file"": ""(NBTE) COLLEGES OF NURSING.md""}",https://digitalnbte.nbte.gov.ng,2026-09-04,True
1027,NBTE,College of Nursing,"{""raw_name"": ""Famsas Collage Health Sciences and Technology, Keffi, Nasarawa State"", ""vc_or_provost"": """", ""year_established"": """", ""source_row_number"": ""195"", ""source_file"": ""(NBTE) COLLEGES OF NURSING.md""}",https://digitalnbte.nbte.gov.ng,2026-09-04,True
1028,NBTE,College of Nursing,"{""raw_name"": ""Famsas College of Health Sciences and Technology, Keffi, Nasarawa State"", ""vc_or_provost"": """", ""year_established"": """", ""source_row_number"": ""196"", ""source_file"": ""(NBTE) COLLEGES OF NURSING.md""}",https://digitalnbte.nbte.gov.ng,2026-09-04,True
1029,NBTE,College of Nursing,"{""raw_name"": ""Nasarawa State College of Nursing Sciences, Lafia"", ""vc_or_provost"": """", ""year_established"": """", ""source_row_number"": ""197"", ""source_file"": ""(NBTE) COLLEGES OF NURSING.md""}",https://digitalnbte.nbte.gov.ng,2026-09-04,True
1030,NBTE,College of Nursing,"{""raw_name"": ""Kariyoma College of Nursing Sciences Lafia, Nassarawa State"", ""vc_or_provost"": """", ""year_established"": """", ""source_row_number"": ""198"", ""source_file"": ""(NBTE) COLLEGES OF NURSING.md""}",https://digitalnbte.nbte.gov.ng,2026-09-04,True
1031,NBTE,College of Nursing,"{""raw_name"": ""Signature College of Nursing Sciences Karu, Nassarawa State"", ""vc_or_provost"": """", ""year_established"": """", ""source_row_number"": ""199"", ""source_file"": ""(NBTE) COLLEGES OF NURSING.md""}",https://digitalnbte.nbte.gov.ng,2026-09-04,True
1032,NBTE,College of Nursing,"{""raw_name"": ""Dako College of Nursing Sciences, Suleja, Niger State"", ""vc_or_provost"": """", ""year_established"": """", ""source_row_number"": ""200"", ""source_file"": ""(NBTE) COLLEGES OF NURSING.md""}",https://digitalnbte.nbte.gov.ng,2026-09-04,True
1033,NBTE,College of Nursing,"{""raw_name"": ""Standard College of Nursing Sciences, Minna, Niger State."", ""vc_or_provost"": """", ""year_established"": """", ""source_row_number"": ""201"", ""source_file"": ""(NBTE) COLLEGES OF NURSING.md""}",https://digitalnbte.nbte.gov.ng,2026-09-04,True
1034,NBTE,College of Nursing,"{""raw_name"": ""Delight College of Health Sciences and Technology Minna, Niger State"", ""vc_or_provost"": """", ""year_established"": """", ""source_row_number"": ""202"", ""source_file"": ""(NBTE) COLLEGES OF NURSING.md""}",https://digitalnbte.nbte.gov.ng,2026-09-04,True
1035,NBTE,College of Nursing,"{""raw_name"": ""Crown College of Health Sciences and Technology, Minna"", ""vc_or_provost"": """", ""year_established"": """", ""source_row_number"": ""203"", ""source_file"": ""(NBTE) COLLEGES OF NURSING.md""}",https://digitalnbte.nbte.gov.ng,2026-09-04,True
1036,NBTE,College of Nursing,"{""raw_name"": ""Niger State College of Nursing Sciences"", ""vc_or_provost"": """", ""year_established"": """", ""source_row_number"": ""204"", ""source_file"": ""(NBTE) COLLEGES OF NURSING.md""}",https://digitalnbte.nbte.gov.ng,2026-09-04,True
1037,NBTE,College of Nursing,"{""raw_name"": ""Ya'ilu College of Nursing Sciences LTD/GTE"", ""vc_or_provost"": """", ""year_established"": """", ""source_row_number"": ""205"", ""source_file"": ""(NBTE) COLLEGES OF NURSING.md""}",https://digitalnbte.nbte.gov.ng,2026-09-04,True
1038,NBTE,College of Nursing,"{""raw_name"": ""Niger State College of Nursing Sciences, Bida"", ""vc_or_provost"": """", ""year_established"": """", ""source_row_number"": ""206"", ""source_file"": ""(NBTE) COLLEGES OF NURSING.md""}",https://digitalnbte.nbte.gov.ng,2026-09-04,True
1039,NBTE,College of Nursing,"{""raw_name"": ""Niger State College of Nursing Sciences, Kontagora"", ""vc_or_provost"": """", ""year_established"": """", ""source_row_number"": ""207"", ""source_file"": ""(NBTE) COLLEGES OF NURSING.md""}",https://digitalnbte.nbte.gov.ng,2026-09-04,True
1040,NBTE,College of Nursing,"{""raw_name"": ""Degalaxy College of Nursing Sciences, Minna, Niger State"", ""vc_or_provost"": """", ""year_established"": """", ""source_row_number"": ""208"", ""source_file"": ""(NBTE) COLLEGES OF NURSING.md""}",https://digitalnbte.nbte.gov.ng,2026-09-04,True
1041,NBTE,College of Nursing,"{""raw_name"": ""SOUTH WESTERN NIGERIA COLLEGE OF NURSING SCIENCE"", ""vc_or_provost"": """", ""year_established"": """", ""source_row_number"": ""209"", ""source_file"": ""(NBTE) COLLEGES OF NURSING.md""}",https://digitalnbte.nbte.gov.ng,2026-09-04,True
1042,NBTE,College of Nursing,"{""raw_name"": ""Ogun State College of Nursing Sciences, Ijebu-Ode Campus"", ""vc_or_provost"": """", ""year_established"": """", ""source_row_number"": ""210"", ""source_file"": ""(NBTE) COLLEGES OF NURSING.md""}",https://digitalnbte.nbte.gov.ng,2026-09-04,True
1043,NBTE,College of Nursing,"{""raw_name"": ""Ogun State College of Nursing Sciences, Ilaro Campus"", ""vc_or_provost"": """", ""year_established"": """", ""source_row_number"": ""211"", ""source_file"": ""(NBTE) COLLEGES OF NURSING.md""}",https://digitalnbte.nbte.gov.ng,2026-09-04,True
1044,NBTE,College of Nursing,"{""raw_name"": ""Ogun State College of Nursing Sciences, Main Campus, Idi-Aba Abeokuta"", ""vc_or_provost"": """", ""year_established"": """", ""source_row_number"": ""212"", ""source_file"": ""(NBTE) COLLEGES OF NURSING.md""}",https://digitalnbte.nbte.gov.ng,2026-09-04,True
1045,NBTE,College of Nursing,"{""raw_name"": ""Jafad College of Nursing Sciences, Oru Ijebu, Ogun State"", ""vc_or_provost"": """", ""year_established"": """", ""source_row_number"": ""213"", ""source_file"": ""(NBTE) COLLEGES OF NURSING.md""}",https://digitalnbte.nbte.gov.ng,2026-09-04,True
1046,NBTE,College of Nursing,"{""raw_name"": ""Sacred Heart College of Nursing Sciences, Lantoro"", ""vc_or_provost"": """", ""year_established"": """", ""source_row_number"": ""214"", ""source_file"": ""(NBTE) COLLEGES OF NURSING.md""}",https://digitalnbte.nbte.gov.ng,2026-09-04,True
1047,NBTE,College of Nursing,"{""raw_name"": ""CHEP COLLEGE OF NURSING SCIENCES LTD_GTE"", ""vc_or_provost"": """", ""year_established"": """", ""source_row_number"": ""215"", ""source_file"": ""(NBTE) COLLEGES OF NURSING.md""}",https://digitalnbte.nbte.gov.ng,2026-09-04,True
1048,NBTE,College of Nursing,"{""raw_name"": ""Southwestern College of Nursing Sciences, Sagamu"", ""vc_or_provost"": """", ""year_established"": """", ""source_row_number"": ""216"", ""source_file"": ""(NBTE) COLLEGES OF NURSING.md""}",https://digitalnbte.nbte.gov.ng,2026-09-04,True
1049,NBTE,College of Nursing,"{""raw_name"": ""Chep College of Nursing Sciences, Ota"", ""vc_or_provost"": """", ""year_established"": """", ""source_row_number"": ""217"", ""source_file"": ""(NBTE) COLLEGES OF NURSING.md""}",https://digitalnbte.nbte.gov.ng,2026-09-04,True
1050,NBTE,College of Nursing,"{""raw_name"": ""Peacock College Of Nursing Sciences, Akure, Ondo State"", ""vc_or_provost"": """", ""year_established"": """", ""source_row_number"": ""218"", ""source_file"": ""(NBTE) COLLEGES OF NURSING.md""}",https://digitalnbte.nbte.gov.ng,2026-09-04,True
1051,NBTE,College of Nursing,"{""raw_name"": ""OAR College of Nursing Sciences"", ""vc_or_provost"": """", ""year_established"": """", ""source_row_number"": ""219"", ""source_file"": ""(NBTE) COLLEGES OF NURSING.md""}",https://digitalnbte.nbte.gov.ng,2026-09-04,True
1052,NBTE,College of Nursing,"{""raw_name"": ""SEVENTH-DAY ADVENTIST COLLEGE OF NURSING ILE-IFE OSUN STATE"", ""vc_or_provost"": """", ""year_established"": """", ""source_row_number"": ""220"", ""source_file"": ""(NBTE) COLLEGES OF NURSING.md""}",https://digitalnbte.nbte.gov.ng,2026-09-04,True
1053,NBTE,College of Nursing,"{""raw_name"": ""Ikirun College of Health Sciences and Technology, Ikirun, Osun State"", ""vc_or_provost"": """", ""year_established"": """", ""source_row_number"": ""221"", ""source_file"": ""(NBTE) COLLEGES OF NURSING.md""}",https://digitalnbte.nbte.gov.ng,2026-09-04,True
1054,NBTE,College of Nursing,"{""raw_name"": ""Seventh-Day Adventist College of Health Sciences and Technology Ile-Ife, Osun State"", ""vc_or_provost"": """", ""year_established"": """", ""source_row_number"": ""222"", ""source_file"": ""(NBTE) COLLEGES OF NURSING.md""}",https://digitalnbte.nbte.gov.ng,2026-09-04,True
1055,NBTE,College of Nursing,"{""raw_name"": ""Premier College of Nursing Sciences and Midwifery, Ejigbo, Osun State"", ""vc_or_provost"": """", ""year_established"": """", ""source_row_number"": ""223"", ""source_file"": ""(NBTE) COLLEGES OF NURSING.md""}",https://digitalnbte.nbte.gov.ng,2026-09-04,True
1056,NBTE,College of Nursing,"{""raw_name"": ""Mercy College of Nursing Sciences, Iwara, Osun State"", ""vc_or_provost"": """", ""year_established"": """", ""source_row_number"": ""224"", ""source_file"": ""(NBTE) COLLEGES OF NURSING.md""}",https://digitalnbte.nbte.gov.ng,2026-09-04,True
1057,NBTE,College of Nursing,"{""raw_name"": ""Adonis American College of Health Technology, Osun State"", ""vc_or_provost"": """", ""year_established"": """", ""source_row_number"": ""225"", ""source_file"": ""(NBTE) COLLEGES OF NURSING.md""}",https://digitalnbte.nbte.gov.ng,2026-09-04,True
1058,NBTE,College of Nursing,"{""raw_name"": ""Dee Perfect Class College of Health Sciences and Technology, Ifon, Osun State"", ""vc_or_provost"": """", ""year_established"": """", ""source_row_number"": ""226"", ""source_file"": ""(NBTE) COLLEGES OF NURSING.md""}",https://digitalnbte.nbte.gov.ng,2026-09-04,True
1059,NBTE,College of Nursing,"{""raw_name"": ""Skyward College of Nursing Sciences, Iwo , Osun State"", ""vc_or_provost"": """", ""year_established"": """", ""source_row_number"": ""227"", ""source_file"": ""(NBTE) COLLEGES OF NURSING.md""}",https://digitalnbte.nbte.gov.ng,2026-09-04,True
1060,NBTE,College of Nursing,"{""raw_name"": ""COLLEGE OF NURSING SCIENCES , BAPTIST MEDICAL CENTRE, SAKI"", ""vc_or_provost"": """", ""year_established"": """", ""source_row_number"": ""228"", ""source_file"": ""(NBTE) COLLEGES OF NURSING.md""}",https://digitalnbte.nbte.gov.ng,2026-09-04,True
1061,NBTE,College of Nursing,"{""raw_name"": ""COLLEGE OF NURSING SCIENCES, MUSLIM MEDICAL FOUNDATION, SAKI"", ""vc_or_provost"": """", ""year_established"": """", ""source_row_number"": ""229"", ""source_file"": ""(NBTE) COLLEGES OF NURSING.md""}",https://digitalnbte.nbte.gov.ng,2026-09-04,True
1062,NBTE,College of Nursing,"{""raw_name"": ""Adeniyi College of Nursing Sciences, Igbope, Oyo State"", ""vc_or_provost"": """", ""year_established"": """", ""source_row_number"": ""230"", ""source_file"": ""(NBTE) COLLEGES OF NURSING.md""}",https://digitalnbte.nbte.gov.ng,2026-09-04,True
1063,NBTE,College of Nursing,"{""raw_name"": ""Adeniyi College of Nursing Sciences, Igbope, Oyo State"", ""vc_or_provost"": """", ""year_established"": """", ""source_row_number"": ""231"", ""source_file"": ""(NBTE) COLLEGES OF NURSING.md""}",https://digitalnbte.nbte.gov.ng,2026-09-04,True
1064,NBTE,College of Nursing,"{""raw_name"": ""Adeniyi College of Nursing Sciences, Igbope, Oyo State"", ""vc_or_provost"": """", ""year_established"": """", ""source_row_number"": ""232"", ""source_file"": ""(NBTE) COLLEGES OF NURSING.md""}",https://digitalnbte.nbte.gov.ng,2026-09-04,True
1065,NBTE,College of Nursing,"{""raw_name"": ""CAI College of Nursing Sciences, Ibadan, Oyo State"", ""vc_or_provost"": """", ""year_established"": """", ""source_row_number"": ""233"", ""source_file"": ""(NBTE) COLLEGES OF NURSING.md""}",https://digitalnbte.nbte.gov.ng,2026-09-04,True
1066,NBTE,College of Nursing,"{""raw_name"": ""Ajorosun Ibadan College of Nursing"", ""vc_or_provost"": """", ""year_established"": """", ""source_row_number"": ""234"", ""source_file"": ""(NBTE) COLLEGES OF NURSING.md""}",https://digitalnbte.nbte.gov.ng,2026-09-04,True
1067,NBTE,College of Nursing,"{""raw_name"": ""College of Nursing Sciences, Bowen University Teaching Hospital, Ogbomosho"", ""vc_or_provost"": """", ""year_established"": """", ""source_row_number"": ""235"", ""source_file"": ""(NBTE) COLLEGES OF NURSING.md""}",https://digitalnbte.nbte.gov.ng,2026-09-04,True
1068,NBTE,College of Nursing,"{""raw_name"": ""CAI College of Nursing Sciences, Ibadan"", ""vc_or_provost"": """", ""year_established"": """", ""source_row_number"": ""236"", ""source_file"": ""(NBTE) COLLEGES OF NURSING.md""}",https://digitalnbte.nbte.gov.ng,2026-09-04,True
1069,NBTE,College of Nursing,"{""raw_name"": ""College of Nursing Sciences Muslim Medical Foundation Saki, Oyo State"", ""vc_or_provost"": """", ""year_established"": """", ""source_row_number"": ""237"", ""source_file"": ""(NBTE) COLLEGES OF NURSING.md""}",https://digitalnbte.nbte.gov.ng,2026-09-04,True
1070,NBTE,College of Nursing,"{""raw_name"": ""Hill College of Nursing Sciences, Jos, Plateau State"", ""vc_or_provost"": """", ""year_established"": """", ""source_row_number"": ""238"", ""source_file"": ""(NBTE) COLLEGES OF NURSING.md""}",https://digitalnbte.nbte.gov.ng,2026-09-04,True
1071,NBTE,College of Nursing,"{""raw_name"": ""Plateau State College of Health Technology, Pankshin"", ""vc_or_provost"": """", ""year_established"": """", ""source_row_number"": ""239"", ""source_file"": ""(NBTE) COLLEGES OF NURSING.md""}",https://digitalnbte.nbte.gov.ng,2026-09-04,True
1072,NBTE,College of Nursing,"{""raw_name"": ""Plateau State College of Health Technology, Pankshin"", ""vc_or_provost"": """", ""year_established"": """", ""source_row_number"": ""240"", ""source_file"": ""(NBTE) COLLEGES OF NURSING.md""}",https://digitalnbte.nbte.gov.ng,2026-09-04,True
1073,NBTE,College of Nursing,"{""raw_name"": ""Lowland College of Health Science and Technology, Shendam"", ""vc_or_provost"": """", ""year_established"": """", ""source_row_number"": ""241"", ""source_file"": ""(NBTE) COLLEGES OF NURSING.md""}",https://digitalnbte.nbte.gov.ng,2026-09-04,True
1074,NBTE,College of Nursing,"{""raw_name"": ""Jibape Memorial College of Nursing Sciences, Jengre"", ""vc_or_provost"": """", ""year_established"": """", ""source_row_number"": ""242"", ""source_file"": ""(NBTE) COLLEGES OF NURSING.md""}",https://digitalnbte.nbte.gov.ng,2026-09-04,True
1075,NBTE,College of Nursing,"{""raw_name"": ""SAHLAN COLLEGE OF NURSING AND MIDWIFERY"", ""vc_or_provost"": """", ""year_established"": """", ""source_row_number"": ""243"", ""source_file"": ""(NBTE) COLLEGES OF NURSING.md""}",https://digitalnbte.nbte.gov.ng,2026-09-04,True
1076,NBTE,College of Nursing,"{""raw_name"": ""Plateau State College of Nursing and Midwifery, VOM"", ""vc_or_provost"": """", ""year_established"": """", ""source_row_number"": ""244"", ""source_file"": ""(NBTE) COLLEGES OF NURSING.md""}",https://digitalnbte.nbte.gov.ng,2026-09-04,True
1077,NBTE,College of Nursing,"{""raw_name"": ""College of Nursing Sciences, University of Port- Harcourt Teaching Hospital"", ""vc_or_provost"": """", ""year_established"": """", ""source_row_number"": ""245"", ""source_file"": ""(NBTE) COLLEGES OF NURSING.md""}",https://digitalnbte.nbte.gov.ng,2026-09-04,True
1078,NBTE,College of Nursing,"{""raw_name"": ""Sokoto State College of Nursing, Sokoto"", ""vc_or_provost"": """", ""year_established"": """", ""source_row_number"": ""246"", ""source_file"": ""(NBTE) COLLEGES OF NURSING.md""}",https://digitalnbte.nbte.gov.ng,2026-09-04,True
1079,NBTE,College of Nursing,"{""raw_name"": ""Fatima College of Nursing Sciences, Bodinga, Sokoto State"", ""vc_or_provost"": """", ""year_established"": """", ""source_row_number"": ""247"", ""source_file"": ""(NBTE) COLLEGES OF NURSING.md""}",https://digitalnbte.nbte.gov.ng,2026-09-04,True
1080,NBTE,College of Nursing,"{""raw_name"": ""Fatima College of Nursing Sciences, Bodinga, Sokoto State"", ""vc_or_provost"": """", ""year_established"": """", ""source_row_number"": ""248"", ""source_file"": ""(NBTE) COLLEGES OF NURSING.md""}",https://digitalnbte.nbte.gov.ng,2026-09-04,True
1081,NBTE,College of Nursing,"{""raw_name"": ""Gamji College of Nursing Sciences, Sokoto, Sokoto State"", ""vc_or_provost"": """", ""year_established"": """", ""source_row_number"": ""249"", ""source_file"": ""(NBTE) COLLEGES OF NURSING.md""}",https://digitalnbte.nbte.gov.ng,2026-09-04,True
1082,NBTE,College of Nursing,"{""raw_name"": ""Gamji College of Nursing Sciences, Sokoto, Sokoto State"", ""vc_or_provost"": """", ""year_established"": """", ""source_row_number"": ""250"", ""source_file"": ""(NBTE) COLLEGES OF NURSING.md""}",https://digitalnbte.nbte.gov.ng,2026-09-04,True
1083,NBTE,College of Nursing,"{""raw_name"": ""Caliphate College of Health Sciences and Technology, Shuni"", ""vc_or_provost"": """", ""year_established"": """", ""source_row_number"": ""251"", ""source_file"": ""(NBTE) COLLEGES OF NURSING.md""}",https://digitalnbte.nbte.gov.ng,2026-09-04,True
1084,NBTE,College of Nursing,"{""raw_name"": ""AB Naibi College of Nursing Sciences, Lau, Taraba State"", ""vc_or_provost"": """", ""year_established"": """", ""source_row_number"": ""252"", ""source_file"": ""(NBTE) COLLEGES OF NURSING.md""}",https://digitalnbte.nbte.gov.ng,2026-09-04,True
1085,NBTE,College of Nursing,"{""raw_name"": ""Taraba State College of Nursing & Midwifery"", ""vc_or_provost"": """", ""year_established"": """", ""source_row_number"": ""253"", ""source_file"": ""(NBTE) COLLEGES OF NURSING.md""}",https://digitalnbte.nbte.gov.ng,2026-09-04,True
1086,NBTE,College of Nursing,"{""raw_name"": ""Shehu Sule College of Nursing and Midwifery, Damaturu, Yobe State"", ""vc_or_provost"": """", ""year_established"": """", ""source_row_number"": ""254"", ""source_file"": ""(NBTE) COLLEGES OF NURSING.md""}",https://digitalnbte.nbte.gov.ng,2026-09-04,True
1087,NBTE,College of Nursing,"{""raw_name"": ""Galtima Mai Kyari College of Health Sciences & Technology Nguru"", ""vc_or_provost"": """", ""year_established"": """", ""source_row_number"": ""255"", ""source_file"": ""(NBTE) COLLEGES OF NURSING.md""}",https://digitalnbte.nbte.gov.ng,2026-09-04,True
1088,NBTE,College of Nursing,"{""raw_name"": ""College of Nursing Sciences Federal Medical Centre, Nguru"", ""vc_or_provost"": """", ""year_established"": """", ""source_row_number"": ""256"", ""source_file"": ""(NBTE) COLLEGES OF NURSING.md""}",https://digitalnbte.nbte.gov.ng,2026-09-04,True
1089,NBTE,College of Nursing,"{""raw_name"": ""Umar Bin Kaddabi College of Nursing Sciences, Kaura Namoda Zamfara State"", ""vc_or_provost"": """", ""year_established"": """", ""source_row_number"": ""257"", ""source_file"": ""(NBTE) COLLEGES OF NURSING.md""}",https://digitalnbte.nbte.gov.ng,2026-09-04,True
1090,NBTE,College of Nursing,"{""raw_name"": ""College of Nursing Sciences Gusau"", ""vc_or_provost"": """", ""year_established"": """", ""source_row_number"": ""258"", ""source_file"": ""(NBTE) COLLEGES OF NURSING.md""}",https://digitalnbte.nbte.gov.ng,2026-09-04,True
1091,NBTE,College of Nursing,"{""raw_name"": ""Ba'illa College of Nursing Sciences, Kaura Namoda"", ""vc_or_provost"": """", ""year_established"": """", ""source_row_number"": ""259"", ""source_file"": ""(NBTE) COLLEGES OF NURSING.md""}",https://digitalnbte.nbte.gov.ng,2026-09-04,True
1092,NCCE,State College of Education,"{""raw_name"": ""A.D. Rufa'i College of Education, Legal and General Studies"", ""vc_or_provost"": """", ""year_established"": """", ""source_row_number"": ""1"", ""source_file"": ""(NCCE) COLLEGES OF EDUCATION.md""}",https://ncce.gov.ng,2026-09-04,True
1093,NCCE,Private College of Education,"{""raw_name"": ""Abdullahi Maikano College of Education, Wase"", ""vc_or_provost"": """", ""year_established"": """", ""source_row_number"": ""2"", ""source_file"": ""(NCCE) COLLEGES OF EDUCATION.md""}",https://ncce.gov.ng,2026-09-04,True
1094,NCCE,Private College of Education,"{""raw_name"": ""Abubakar Garba Zagada- Zagada College of Education, Bajoga"", ""vc_or_provost"": """", ""year_established"": """", ""source_row_number"": ""3"", ""source_file"": ""(NCCE) COLLEGES OF EDUCATION.md""}",https://ncce.gov.ng,2026-09-04,True
1095,NCCE,Polytechnics offering NCE,"{""raw_name"": ""Abubakar Tatari Polytechnic"", ""vc_or_provost"": ""Dr. Suleiman Mohammed Lame"", ""year_established"": """", ""source_row_number"": ""4"", ""source_file"": ""(NCCE) COLLEGES OF EDUCATION.md""}",https://ncce.gov.ng,2026-09-04,True
1096,NCCE,State College of Education,"{""raw_name"": ""Adamu Augie College of Education, Argungu"", ""vc_or_provost"": ""Aliyu Mohammed B/Kebbi"", ""year_established"": """", ""source_row_number"": ""5"", ""source_file"": ""(NCCE) COLLEGES OF EDUCATION.md""}",https://ncce.gov.ng,2026-09-04,True
1097,NCCE,Private College of Education,"{""raw_name"": ""Adamu Garkuwa COE, Toro"", ""vc_or_provost"": """", ""year_established"": """", ""source_row_number"": ""6"", ""source_file"": ""(NCCE) COLLEGES OF EDUCATION.md""}",https://ncce.gov.ng,2026-09-04,True
1098,NCCE,State College of Education,"{""raw_name"": ""Adamu Tafawa Balewa COE, Kangere"", ""vc_or_provost"": ""Adamu Magaji Yanbuga"", ""year_established"": """", ""source_row_number"": ""7"", ""source_file"": ""(NCCE) COLLEGES OF EDUCATION.md""}",https://ncce.gov.ng,2026-09-04,True
1099,NCCE,Private College of Education,"{""raw_name"": ""Adesina College of Education, Share, Kwara State"", ""vc_or_provost"": ""Aremu Mufutau Olawale"", ""year_established"": """", ""source_row_number"": ""8"", ""source_file"": ""(NCCE) COLLEGES OF EDUCATION.md""}",https://ncce.gov.ng,2026-09-04,True
1100,NCCE,Private College of Education,"{""raw_name"": ""Adigrace COE, Byepyi"", ""vc_or_provost"": """", ""year_established"": """", ""source_row_number"": ""9"", ""source_file"": ""(NCCE) COLLEGES OF EDUCATION.md""}",https://ncce.gov.ng,2026-09-04,True
1101,NCCE,Private College of Education,"{""raw_name"": ""African Thinkers Community of Inquiry COE, Enugu"", ""vc_or_provost"": ""Obozuhuike Ofoelue"", ""year_established"": """", ""source_row_number"": ""10"", ""source_file"": ""(NCCE) COLLEGES OF EDUCATION.md""}",https://ncce.gov.ng,2026-09-04,True
1102,NCCE,Private College of Education,"{""raw_name"": ""Ahlus-Suffah COE, Ira"", ""vc_or_provost"": """", ""year_established"": """", ""source_row_number"": ""11"", ""source_file"": ""(NCCE) COLLEGES OF EDUCATION.md""}",https://ncce.gov.ng,2026-09-04,True
1103,NCCE,Private College of Education,"{""raw_name"": ""Ajetumobi COE, Ira"", ""vc_or_provost"": """", ""year_established"": """", ""source_row_number"": ""12"", ""source_file"": ""(NCCE) COLLEGES OF EDUCATION.md""}",https://ncce.gov.ng,2026-09-04,True
1104,NCCE,State College of Education,"{""raw_name"": ""Akwa Ibom State College of Education, Afahansit"", ""vc_or_provost"": ""Prof. Mathew A. Ekpo"", ""year_established"": """", ""source_row_number"": ""13"", ""source_file"": ""(NCCE) COLLEGES OF EDUCATION.md""}",https://ncce.gov.ng,2026-09-04,True
1105,NCCE,Private College of Education,"{""raw_name"": ""AL HIKMA COLLEGE OF EDUCATION, ANKPA"", ""vc_or_provost"": ""Dr. Mohammed Abdulkarim"", ""year_established"": """", ""source_row_number"": ""14"", ""source_file"": ""(NCCE) COLLEGES OF EDUCATION.md""}",https://ncce.gov.ng,2026-09-04,True
1106,NCCE,Private College of Education,"{""raw_name"": ""Al-fajr College of Education, Kano"", ""vc_or_provost"": ""Muhammad Miftau Umar"", ""year_established"": """", ""source_row_number"": ""15"", ""source_file"": ""(NCCE) COLLEGES OF EDUCATION.md""}",https://ncce.gov.ng,2026-09-04,True
1107,NCCE,Private College of Education,"{""raw_name"": ""Al-Ibadan COE"", ""vc_or_provost"": """", ""year_established"": """", ""source_row_number"": ""16"", ""source_file"": ""(NCCE) COLLEGES OF EDUCATION.md""}",https://ncce.gov.ng,2026-09-04,True
1108,NCCE,Private College of Education,"{""raw_name"": ""Al-Iman College of Education"", ""vc_or_provost"": """", ""year_established"": """", ""source_row_number"": ""17"", ""source_file"": ""(NCCE) COLLEGES OF EDUCATION.md""}",https://ncce.gov.ng,2026-09-04,True
1109,NCCE,Private College of Education,"{""raw_name"": ""Al-Madinah COE Oshogbo"", ""vc_or_provost"": """", ""year_established"": """", ""source_row_number"": ""18"", ""source_file"": ""(NCCE) COLLEGES OF EDUCATION.md""}",https://ncce.gov.ng,2026-09-04,True
1110,NCCE,Private College of Education,"{""raw_name"": ""Al-Mustafa College of Education, Kano"", ""vc_or_provost"": ""NOT AVAILABLE"", ""year_established"": """", ""source_row_number"": ""19"", ""source_file"": ""(NCCE) COLLEGES OF EDUCATION.md""}",https://ncce.gov.ng,2026-09-04,True
1111,NCCE,Private College of Education,"{""raw_name"": ""Al-Ummah COE (UMCOED)"", ""vc_or_provost"": """", ""year_established"": """", ""source_row_number"": ""20"", ""source_file"": ""(NCCE) COLLEGES OF EDUCATION.md""}",https://ncce.gov.ng,2026-09-04,True
1112,NCCE,Private College of Education,"{""raw_name"": ""Ameenuddeen College of Education"", ""vc_or_provost"": ""Dr. Provost"", ""year_established"": """", ""source_row_number"": ""21"", ""source_file"": ""(NCCE) COLLEGES OF EDUCATION.md""}",https://ncce.gov.ng,2026-09-04,True
1113,NCCE,Private College of Education,"{""raw_name"": ""Ameer Shehu Idris College of Advanced Studies, Zaria"", ""vc_or_provost"": """", ""year_established"": """", ""source_row_number"": ""22"", ""source_file"": ""(NCCE) COLLEGES OF EDUCATION.md""}",https://ncce.gov.ng,2026-09-04,True
1114,NCCE,Private College of Education,"{""raw_name"": ""Aminu Kano College of Education"", ""vc_or_provost"": """", ""year_established"": """", ""source_row_number"": ""23"", ""source_file"": ""(NCCE) COLLEGES OF EDUCATION.md""}",https://ncce.gov.ng,2026-09-04,True
1115,NCCE,NTI & Other NCE Awarding Institutions,"{""raw_name"": ""Aminu Kano College of Islamic and Legal Studies"", ""vc_or_provost"": """", ""year_established"": """", ""source_row_number"": ""24"", ""source_file"": ""(NCCE) COLLEGES OF EDUCATION.md""}",https://ncce.gov.ng,2026-09-04,True
1116,NCCE,State College of Education,"{""raw_name"": ""Aminu Sale College of Education, Azare"", ""vc_or_provost"": ""Dr. Abdullahi Mohammed Isyaku"", ""year_established"": """", ""source_row_number"": ""25"", ""source_file"": ""(NCCE) COLLEGES OF EDUCATION.md""}",https://ncce.gov.ng,2026-09-04,True
1117,NCCE,Private College of Education,"{""raw_name"": ""Angel Crown COE"", ""vc_or_provost"": ""Barr. Samuel Osahon"", ""year_established"": """", ""source_row_number"": ""26"", ""source_file"": ""(NCCE) COLLEGES OF EDUCATION.md""}",https://ncce.gov.ng,2026-09-04,True
1118,NCCE,Private College of Education,"{""raw_name"": ""Annur College of Education Kano"", ""vc_or_provost"": """", ""year_established"": """", ""source_row_number"": ""27"", ""source_file"": ""(NCCE) COLLEGES OF EDUCATION.md""}",https://ncce.gov.ng,2026-09-04,True
1119,NCCE,Private College of Education,"{""raw_name"": ""Ansar-Ud-Deen College of Education, Isolo"", ""vc_or_provost"": ""Alh. M.S. Idris (Diploma, B.A., M.A., PGDE)"", ""year_established"": """", ""source_row_number"": ""28"", ""source_file"": ""(NCCE) COLLEGES OF EDUCATION.md""}",https://ncce.gov.ng,2026-09-04,True
1120,NCCE,Private College of Education,"{""raw_name"": ""Apa COE, Aido"", ""vc_or_provost"": ""Dr."", ""year_established"": """", ""source_row_number"": ""29"", ""source_file"": ""(NCCE) COLLEGES OF EDUCATION.md""}",https://ncce.gov.ng,2026-09-04,True
1121,NCCE,Private College of Education,"{""raw_name"": ""Archbishop Alexander Ibezim COE, Anambra"", ""vc_or_provost"": ""not available"", ""year_established"": """", ""source_row_number"": ""30"", ""source_file"": ""(NCCE) COLLEGES OF EDUCATION.md""}",https://ncce.gov.ng,2026-09-04,True
1122,NCCE,Private College of Education,"{""raw_name"": ""Assanusiya COE, Odeomu, Osun"", ""vc_or_provost"": ""Mr. Akinloye I. K."", ""year_established"": """", ""source_row_number"": ""31"", ""source_file"": ""(NCCE) COLLEGES OF EDUCATION.md""}",https://ncce.gov.ng,2026-09-04,True
1123,NCCE,Private College of Education,"{""raw_name"": ""Awori District COE"", ""vc_or_provost"": ""Pst. Idowu Isaac Aboiye"", ""year_established"": """", ""source_row_number"": ""32"", ""source_file"": ""(NCCE) COLLEGES OF EDUCATION.md""}",https://ncce.gov.ng,2026-09-04,True
1124,NCCE,NTI & Other NCE Awarding Institutions,"{""raw_name"": ""Bauchi Institute for Arabic and Islamic Studies"", ""vc_or_provost"": """", ""year_established"": """", ""source_row_number"": ""33"", ""source_file"": ""(NCCE) COLLEGES OF EDUCATION.md""}",https://ncce.gov.ng,2026-09-04,True
1125,NCCE,Private College of Education,"{""raw_name"": ""Bayo Tijani COE, Lagos"", ""vc_or_provost"": ""Mrs Amaechi Matilda"", ""year_established"": """", ""source_row_number"": ""34"", ""source_file"": ""(NCCE) COLLEGES OF EDUCATION.md""}",https://ncce.gov.ng,2026-09-04,True
1126,NCCE,State College of Education,"{""raw_name"": ""Benjamin Uwajumogu (State) College of Education, Ihitte Uboma"", ""vc_or_provost"": ""Nwachukwu Chinyere Maryrose"", ""year_established"": """", ""source_row_number"": ""35"", ""source_file"": ""(NCCE) COLLEGES OF EDUCATION.md""}",https://ncce.gov.ng,2026-09-04,True
1127,NCCE,Private College of Education,"{""raw_name"": ""Best Legacy COE Ogbomoso"", ""vc_or_provost"": ""Dr."", ""year_established"": """", ""source_row_number"": ""36"", ""source_file"": ""(NCCE) COLLEGES OF EDUCATION.md""}",https://ncce.gov.ng,2026-09-04,True
1128,NCCE,Private College of Education,"{""raw_name"": ""BETHEL COE IJARE, ONDO"", ""vc_or_provost"": ""professor"", ""year_established"": """", ""source_row_number"": ""37"", ""source_file"": ""(NCCE) COLLEGES OF EDUCATION.md""}",https://ncce.gov.ng,2026-09-04,True
1129,NCCE,Private College of Education,"{""raw_name"": ""Biga College of Education"", ""vc_or_provost"": ""Dr."", ""year_established"": """", ""source_row_number"": ""38"", ""source_file"": ""(NCCE) COLLEGES OF EDUCATION.md""}",https://ncce.gov.ng,2026-09-04,True
1130,NCCE,Private College of Education,"{""raw_name"": ""Bogoro College of Education"", ""vc_or_provost"": """", ""year_established"": """", ""source_row_number"": ""39"", ""source_file"": ""(NCCE) COLLEGES OF EDUCATION.md""}",https://ncce.gov.ng,2026-09-04,True
1131,NCCE,Private College of Education,"{""raw_name"": ""Bright College of Education, Kachia"", ""vc_or_provost"": ""NOT AVAILABLE"", ""year_established"": """", ""source_row_number"": ""40"", ""source_file"": ""(NCCE) COLLEGES OF EDUCATION.md""}",https://ncce.gov.ng,2026-09-04,True
1132,NCCE,Private College of Education,"{""raw_name"": ""Calvin Foundation COE"", ""vc_or_provost"": ""Mr. Ekani Otikwu Elias"", ""year_established"": """", ""source_row_number"": ""41"", ""source_file"": ""(NCCE) COLLEGES OF EDUCATION.md""}",https://ncce.gov.ng,2026-09-04,True
1133,NCCE,Private College of Education,"{""raw_name"": ""Christian Chukwuma Onoh COE"", ""vc_or_provost"": """", ""year_established"": """", ""source_row_number"": ""42"", ""source_file"": ""(NCCE) COLLEGES OF EDUCATION.md""}",https://ncce.gov.ng,2026-09-04,True
1134,NCCE,Private College of Education,"{""raw_name"": ""Christian College of Education, Gombe"", ""vc_or_provost"": """", ""year_established"": """", ""source_row_number"": ""43"", ""source_file"": ""(NCCE) COLLEGES OF EDUCATION.md""}",https://ncce.gov.ng,2026-09-04,True
1135,NCCE,Private College of Education,"{""raw_name"": ""City College of Education, Mararaba"", ""vc_or_provost"": ""Dr Ogiera A.E"", ""year_established"": """", ""source_row_number"": ""44"", ""source_file"": ""(NCCE) COLLEGES OF EDUCATION.md""}",https://ncce.gov.ng,2026-09-04,True
1136,NCCE,Private College of Education,"{""raw_name"": ""Climax College of Education, Bauchi"", ""vc_or_provost"": ""Dr. Yunusa Abubakarr"", ""year_established"": """", ""source_row_number"": ""45"", ""source_file"": ""(NCCE) COLLEGES OF EDUCATION.md""}",https://ncce.gov.ng,2026-09-04,True
1137,NCCE,Private College of Education,"{""raw_name"": ""COASTLINE COLLEGE OF EDUCATION"", ""vc_or_provost"": ""Dr. Provost"", ""year_established"": """", ""source_row_number"": ""46"", ""source_file"": ""(NCCE) COLLEGES OF EDUCATION.md""}",https://ncce.gov.ng,2026-09-04,True
1138,NCCE,Private College of Education,"{""raw_name"": ""COE, Moro, Ife-North"", ""vc_or_provost"": ""Prof. A. Adediji"", ""year_established"": """", ""source_row_number"": ""47"", ""source_file"": ""(NCCE) COLLEGES OF EDUCATION.md""}",https://ncce.gov.ng,2026-09-04,True
1139,NCCE,Private College of Education,"{""raw_name"": ""COKWILLS COLLEGE OF EDUCATION"", ""vc_or_provost"": ""Dr. Samuel Ola Ogunjobi"", ""year_established"": """", ""source_row_number"": ""48"", ""source_file"": ""(NCCE) COLLEGES OF EDUCATION.md""}",https://ncce.gov.ng,2026-09-04,True
1140,NCCE,State College of Education,"{""raw_name"": ""College of Education (Technical), Dass"", ""vc_or_provost"": ""Dr. Mohammed Alkali."", ""year_established"": """", ""source_row_number"": ""49"", ""source_file"": ""(NCCE) COLLEGES OF EDUCATION.md""}",https://ncce.gov.ng,2026-09-04,True
1141,NCCE,State College of Education,"{""raw_name"": ""College of Education Akwanga"", ""vc_or_provost"": ""Dr. Danladi Ibrahim"", ""year_established"": """", ""source_row_number"": ""50"", ""source_file"": ""(NCCE) COLLEGES OF EDUCATION.md""}",https://ncce.gov.ng,2026-09-04,True
1142,NCCE,Private College of Education,"{""raw_name"": ""College of Education and Entrepreneurship Studies, Lessel"", ""vc_or_provost"": ""NOT AVAILABLE"", ""year_established"": """", ""source_row_number"": ""51"", ""source_file"": ""(NCCE) COLLEGES OF EDUCATION.md""}",https://ncce.gov.ng,2026-09-04,True
1143,NCCE,State College of Education,"{""raw_name"": ""College of Education and Legal Studies, Nguru"", ""vc_or_provost"": ""Prof. Ali Manzo Usman"", ""year_established"": """", ""source_row_number"": ""52"", ""source_file"": ""(NCCE) COLLEGES OF EDUCATION.md""}",https://ncce.gov.ng,2026-09-04,True
1144,NCCE,Private College of Education,"{""raw_name"": ""College of Education Ilemona"", ""vc_or_provost"": """", ""year_established"": """", ""source_row_number"": ""53"", ""source_file"": ""(NCCE) COLLEGES OF EDUCATION.md""}",https://ncce.gov.ng,2026-09-04,True
1145,NCCE,Private College of Education,"{""raw_name"": ""College of Education Kura"", ""vc_or_provost"": """", ""year_established"": """", ""source_row_number"": ""54"", ""source_file"": ""(NCCE) COLLEGES OF EDUCATION.md""}",https://ncce.gov.ng,2026-09-04,True
1146,NCCE,State College of Education,"{""raw_name"": ""College of Education llorin"", ""vc_or_provost"": ""Not Available"", ""year_established"": """", ""source_row_number"": ""55"", ""source_file"": ""(NCCE) COLLEGES OF EDUCATION.md""}",https://ncce.gov.ng,2026-09-04,True
1147,NCCE,State College of Education,"{""raw_name"": ""College of Education Oju"", ""vc_or_provost"": ""Chief (Amb) Godwin Egene Oga"", ""year_established"": """", ""source_row_number"": ""56"", ""source_file"": ""(NCCE) COLLEGES OF EDUCATION.md""}",https://ncce.gov.ng,2026-09-04,True
1148,NCCE,State College of Education,"{""raw_name"": ""College of Education Oro"", ""vc_or_provost"": ""Dr. O. A. Olowonirejuaro"", ""year_established"": """", ""source_row_number"": ""57"", ""source_file"": ""(NCCE) COLLEGES OF EDUCATION.md""}",https://ncce.gov.ng,2026-09-04,True
1149,NCCE,State College of Education,"{""raw_name"": ""College of Education, Arochukwu, Abia"", ""vc_or_provost"": ""Dr. Philips O. Nto"", ""year_established"": """", ""source_row_number"": ""58"", ""source_file"": ""(NCCE) COLLEGES OF EDUCATION.md""}",https://ncce.gov.ng,2026-09-04,True
1150,NCCE,State College of Education,"{""raw_name"": ""College of Education, Billiri"", ""vc_or_provost"": ""Dr Esrom Toro Jokthan"", ""year_established"": """", ""source_row_number"": ""59"", ""source_file"": ""(NCCE) COLLEGES OF EDUCATION.md""}",https://ncce.gov.ng,2026-09-04,True
1151,NCCE,Private College of Education,"{""raw_name"": ""College of Education, Darazo"", ""vc_or_provost"": """", ""year_established"": """", ""source_row_number"": ""60"", ""source_file"": ""(NCCE) COLLEGES OF EDUCATION.md""}",https://ncce.gov.ng,2026-09-04,True
1152,NCCE,Private College of Education,"{""raw_name"": ""College of Education, Dutsen Tanshi"", ""vc_or_provost"": ""Dr. Provost"", ""year_established"": """", ""source_row_number"": ""61"", ""source_file"": ""(NCCE) COLLEGES OF EDUCATION.md""}",https://ncce.gov.ng,2026-09-04,True
1153,NCCE,State College of Education,"{""raw_name"": ""College of Education, Gindiri"", ""vc_or_provost"": ""Prof. Lazarus Maigoro"", ""year_established"": """", ""source_row_number"": ""62"", ""source_file"": ""(NCCE) COLLEGES OF EDUCATION.md""}",https://ncce.gov.ng,2026-09-04,True
1154,NCCE,State College of Education,"{""raw_name"": ""College of Education, Hong"", ""vc_or_provost"": ""Prof. Johnson H. Pongri"", ""year_established"": """", ""source_row_number"": ""63"", ""source_file"": ""(NCCE) COLLEGES OF EDUCATION.md""}",https://ncce.gov.ng,2026-09-04,True
1155,NCCE,State College of Education,"{""raw_name"": ""College of Education, Ikere-Ekiti"", ""vc_or_provost"": ""Dr. (Mrs.) Mojisola Adenike Oyarekua"", ""year_established"": """", ""source_row_number"": ""64"", ""source_file"": ""(NCCE) COLLEGES OF EDUCATION.md""}",https://ncce.gov.ng,2026-09-04,True
1156,NCCE,State College of Education,"{""raw_name"": ""College of Education, Ila-Orangun, Osun State"", ""vc_or_provost"": ""Dr. Lasisi Ayanda Jimoh"", ""year_established"": """", ""source_row_number"": ""65"", ""source_file"": ""(NCCE) COLLEGES OF EDUCATION.md""}",https://ncce.gov.ng,2026-09-04,True
1157,NCCE,State College of Education,"{""raw_name"": ""College of Education, katsina-Ala"", ""vc_or_provost"": ""J.O Kor"", ""year_established"": """", ""source_row_number"": ""66"", ""source_file"": ""(NCCE) COLLEGES OF EDUCATION.md""}",https://ncce.gov.ng,2026-09-04,True
1158,NCCE,State College of Education,"{""raw_name"": ""College of Education, Waka BIU"", ""vc_or_provost"": ""Usman Mustapha Biu"", ""year_established"": """", ""source_row_number"": ""67"", ""source_file"": ""(NCCE) COLLEGES OF EDUCATION.md""}",https://ncce.gov.ng,2026-09-04,True
1159,NCCE,State College of Education,"{""raw_name"": ""College of Education, Warri"", ""vc_or_provost"": ""Prof. (Mrs.) Mary Olire Edema"", ""year_established"": """", ""source_row_number"": ""68"", ""source_file"": ""(NCCE) COLLEGES OF EDUCATION.md""}",https://ncce.gov.ng,2026-09-04,True
1160,NCCE,State College of Education,"{""raw_name"": ""College of Education, Zing"", ""vc_or_provost"": ""Dr. Mike Dio Jen"", ""year_established"": """", ""source_row_number"": ""69"", ""source_file"": ""(NCCE) COLLEGES OF EDUCATION.md""}",https://ncce.gov.ng,2026-09-04,True
1161,NCCE,Private College of Education,"{""raw_name"": ""Community COE, Kano"", ""vc_or_provost"": ""Dr. Muhammed Adam Abubakar"", ""year_established"": """", ""source_row_number"": ""70"", ""source_file"": ""(NCCE) COLLEGES OF EDUCATION.md""}",https://ncce.gov.ng,2026-09-04,True
1162,NCCE,Private College of Education,"{""raw_name"": ""Corner Stone College of Education, Ikeja"", ""vc_or_provost"": """", ""year_established"": """", ""source_row_number"": ""71"", ""source_file"": ""(NCCE) COLLEGES OF EDUCATION.md""}",https://ncce.gov.ng,2026-09-04,True
1163,NCCE,Private College of Education,"{""raw_name"": ""Corona COE Lekki"", ""vc_or_provost"": ""Dr. Olajumoke Mekiliuwa"", ""year_established"": """", ""source_row_number"": ""72"", ""source_file"": ""(NCCE) COLLEGES OF EDUCATION.md""}",https://ncce.gov.ng,2026-09-04,True
1164,NCCE,Private College of Education,"{""raw_name"": ""Covenant College of Education (CCOE)"", ""vc_or_provost"": ""Not Available"", ""year_established"": """", ""source_row_number"": ""73"", ""source_file"": ""(NCCE) COLLEGES OF EDUCATION.md""}",https://ncce.gov.ng,2026-09-04,True
1165,NCCE,Private College of Education,"{""raw_name"": ""Crescent Pearls Technical College of Education, Abuja"", ""vc_or_provost"": ""Dr. Abiola Owodunni"", ""year_established"": """", ""source_row_number"": ""74"", ""source_file"": ""(NCCE) COLLEGES OF EDUCATION.md""}",https://ncce.gov.ng,2026-09-04,True
1166,NCCE,Private College of Education,"{""raw_name"": ""CRESTFIELD COLLEGE OF EDUCATION"", ""vc_or_provost"": ""Not Available"", ""year_established"": """", ""source_row_number"": ""75"", ""source_file"": ""(NCCE) COLLEGES OF EDUCATION.md""}",https://ncce.gov.ng,2026-09-04,True
1167,NCCE,State College of Education,"{""raw_name"": ""Cross River State Coll. of Education, Akampa"", ""vc_or_provost"": ""Dr. James Etimn Archibong"", ""year_established"": """", ""source_row_number"": ""76"", ""source_file"": ""(NCCE) COLLEGES OF EDUCATION.md""}",https://ncce.gov.ng,2026-09-04,True
1168,NCCE,Private College of Education,"{""raw_name"": ""Dala College of Education, Kano"", ""vc_or_provost"": """", ""year_established"": """", ""source_row_number"": ""77"", ""source_file"": ""(NCCE) COLLEGES OF EDUCATION.md""}",https://ncce.gov.ng,2026-09-04,True
1169,NCCE,Private College of Education,"{""raw_name"": ""Danyaya College of Education, Ningi"", ""vc_or_provost"": """", ""year_established"": """", ""source_row_number"": ""78"", ""source_file"": ""(NCCE) COLLEGES OF EDUCATION.md""}",https://ncce.gov.ng,2026-09-04,True
1170,NCCE,Private College of Education,"{""raw_name"": ""Dee-Perfect Class College of Education, Ifon-Osun, Osun State"", ""vc_or_provost"": """", ""year_established"": """", ""source_row_number"": ""79"", ""source_file"": ""(NCCE) COLLEGES OF EDUCATION.md""}",https://ncce.gov.ng,2026-09-04,True
1171,NCCE,Private College of Education,"{""raw_name"": ""Delar College of Education"", ""vc_or_provost"": ""Professor M.A.P. Fakoride"", ""year_established"": """", ""source_row_number"": ""80"", ""source_file"": ""(NCCE) COLLEGES OF EDUCATION.md""}",https://ncce.gov.ng,2026-09-04,True
1172,NCCE,State College of Education,"{""raw_name"": ""Delta State College of Education, Mosogar"", ""vc_or_provost"": ""Dr. Samuel Ogheneovo Ugboduma"", ""year_established"": """", ""source_row_number"": ""81"", ""source_file"": ""(NCCE) COLLEGES OF EDUCATION.md""}",https://ncce.gov.ng,2026-09-04,True
1173,NCCE,Private College of Education,"{""raw_name"": ""DIAMOND COLLEGE OF EDUCATION, ABA"", ""vc_or_provost"": ""Sir Peter Osuagwu, PHD"", ""year_established"": """", ""source_row_number"": ""82"", ""source_file"": ""(NCCE) COLLEGES OF EDUCATION.md""}",https://ncce.gov.ng,2026-09-04,True
1174,NCCE,Private College of Education,"{""raw_name"": ""Doviana COE, Gboko"", ""vc_or_provost"": """", ""year_established"": """", ""source_row_number"": ""83"", ""source_file"": ""(NCCE) COLLEGES OF EDUCATION.md""}",https://ncce.gov.ng,2026-09-04,True
1175,NCCE,Private College of Education,"{""raw_name"": ""Eagle Mountain College of Education Abo Mbaise"", ""vc_or_provost"": ""NOT AVAILABLE"", ""year_established"": """", ""source_row_number"": ""84"", ""source_file"": ""(NCCE) COLLEGES OF EDUCATION.md""}",https://ncce.gov.ng,2026-09-04,True
1176,NCCE,Private College of Education,"{""raw_name"": ""Ebenezer College of Education Amangwu"", ""vc_or_provost"": """", ""year_established"": """", ""source_row_number"": ""85"", ""source_file"": ""(NCCE) COLLEGES OF EDUCATION.md""}",https://ncce.gov.ng,2026-09-04,True
1177,NCCE,State College of Education,"{""raw_name"": ""Ebonyi State College of Education, (T) Ikwo"", ""vc_or_provost"": ""Prof. S.O. Omebe"", ""year_established"": """", ""source_row_number"": ""86"", ""source_file"": ""(NCCE) COLLEGES OF EDUCATION.md""}",https://ncce.gov.ng,2026-09-04,True
1178,NCCE,Private College of Education,"{""raw_name"": ""ECWA COE Igbaja"", ""vc_or_provost"": ""Ass. Prof S.O.T Baba"", ""year_established"": """", ""source_row_number"": ""87"", ""source_file"": ""(NCCE) COLLEGES OF EDUCATION.md""}",https://ncce.gov.ng,2026-09-04,True
1179,NCCE,Private College of Education,"{""raw_name"": ""ECWA COE, Bayara"", ""vc_or_provost"": """", ""year_established"": """", ""source_row_number"": ""88"", ""source_file"": ""(NCCE) COLLEGES OF EDUCATION.md""}",https://ncce.gov.ng,2026-09-04,True
1180,NCCE,Private College of Education,"{""raw_name"": ""ECWA College of Education, Jos (ECOEJ)"", ""vc_or_provost"": ""Prof. Randee O. Ijatuyi-Morphe"", ""year_established"": """", ""source_row_number"": ""89"", ""source_file"": ""(NCCE) COLLEGES OF EDUCATION.md""}",https://ncce.gov.ng,2026-09-04,True
1181,NCCE,Private College of Education,"{""raw_name"": ""Edexcel College of Education"", ""vc_or_provost"": ""Dr. Provost"", ""year_established"": """", ""source_row_number"": ""90"", ""source_file"": ""(NCCE) COLLEGES OF EDUCATION.md""}",https://ncce.gov.ng,2026-09-04,True
1182,NCCE,State College of Education,"{""raw_name"": ""Edo State College of Education, Igueben"", ""vc_or_provost"": ""Professor (Mrs) Roseline O. Osagie"", ""year_established"": """", ""source_row_number"": ""91"", ""source_file"": ""(NCCE) COLLEGES OF EDUCATION.md""}",https://ncce.gov.ng,2026-09-04,True
1183,NCCE,Private College of Education,"{""raw_name"": ""Elder Oyama Memorial COE, Ofat"", ""vc_or_provost"": ""Dr."", ""year_established"": """", ""source_row_number"": ""92"", ""source_file"": ""(NCCE) COLLEGES OF EDUCATION.md""}",https://ncce.gov.ng,2026-09-04,True
1184,NCCE,Private College of Education,"{""raw_name"": ""Elibest College of Education"", ""vc_or_provost"": ""Dr. Oloruntuyi Ayodeji"", ""year_established"": """", ""source_row_number"": ""93"", ""source_file"": ""(NCCE) COLLEGES OF EDUCATION.md""}",https://ncce.gov.ng,2026-09-04,True
1185,NCCE,Private College of Education,"{""raw_name"": ""Elizabeth Memorial College of Education Nsukka"", ""vc_or_provost"": """", ""year_established"": """", ""source_row_number"": ""94"", ""source_file"": ""(NCCE) COLLEGES OF EDUCATION.md""}",https://ncce.gov.ng,2026-09-04,True
1186,NCCE,Private College of Education,"{""raw_name"": ""Emamor College of Education"", ""vc_or_provost"": ""Dr. Godspower Igenewari"", ""year_established"": """", ""source_row_number"": ""95"", ""source_file"": ""(NCCE) COLLEGES OF EDUCATION.md""}",https://ncce.gov.ng,2026-09-04,True
1187,NCCE,Private College of Education,"{""raw_name"": ""Emirate College of Education"", ""vc_or_provost"": ""Dr. Provost"", ""year_established"": """", ""source_row_number"": ""96"", ""source_file"": ""(NCCE) COLLEGES OF EDUCATION.md""}",https://ncce.gov.ng,2026-09-04,True
1188,NCCE,Private College of Education,"{""raw_name"": ""Emmanuel Ebije Ikwue College Of Education"", ""vc_or_provost"": ""Dr. Provost"", ""year_established"": """", ""source_row_number"": ""97"", ""source_file"": ""(NCCE) COLLEGES OF EDUCATION.md""}",https://ncce.gov.ng,2026-09-04,True
1189,NCCE,State College of Education,"{""raw_name"": ""Enugu State Coll. of Education (T), Enugu"", ""vc_or_provost"": ""Dr. Mrs. Stella C. Ekwueme"", ""year_established"": """", ""source_row_number"": ""98"", ""source_file"": ""(NCCE) COLLEGES OF EDUCATION.md""}",https://ncce.gov.ng,2026-09-04,True
1190,NCCE,1,"{""raw_name"": ""FCT College of Education, Zuba"", ""vc_or_provost"": ""Dr. Muhammad Gambo Hamza"", ""year_established"": """", ""source_row_number"": ""99"", ""source_file"": ""(NCCE) COLLEGES OF EDUCATION.md""}",https://ncce.gov.ng,2026-09-04,True
1191,NCCE,Federal College of Education,"{""raw_name"": ""Federal College of Education (FCE) Gwoza"", ""vc_or_provost"": ""Dr. Ibrahim Mohammed Mbitsa"", ""year_established"": """", ""source_row_number"": ""100"", ""source_file"": ""(NCCE) COLLEGES OF EDUCATION.md""}",https://ncce.gov.ng,2026-09-04,True
1192,NCCE,1,"{""raw_name"": ""Federal College of Education (Special), Oyo"", ""vc_or_provost"": ""Prof. Usman, Kamoru Olayiwola"", ""year_established"": """", ""source_row_number"": ""101"", ""source_file"": ""(NCCE) COLLEGES OF EDUCATION.md""}",https://ncce.gov.ng,2026-09-04,True
1193,NCCE,Federal College of Education,"{""raw_name"": ""Federal College of Education (T), ISU Ebonyi State"", ""vc_or_provost"": ""Dr. Okey Reuben Okechukwu"", ""year_established"": """", ""source_row_number"": ""102"", ""source_file"": ""(NCCE) COLLEGES OF EDUCATION.md""}",https://ncce.gov.ng,2026-09-04,True
1194,NCCE,1,"{""raw_name"": ""Federal College of Education (T), Umunze"", ""vc_or_provost"": ""Dr. (Mrs.) Theresa O. Okoli"", ""year_established"": """", ""source_row_number"": ""103"", ""source_file"": ""(NCCE) COLLEGES OF EDUCATION.md""}",https://ncce.gov.ng,2026-09-04,True
1195,NCCE,Federal College of Education,"{""raw_name"": ""Federal College of Education (Tech), Potiskum"", ""vc_or_provost"": ""Dr. Mohammed Madu Yunusa"", ""year_established"": """", ""source_row_number"": ""104"", ""source_file"": ""(NCCE) COLLEGES OF EDUCATION.md""}",https://ncce.gov.ng,2026-09-04,True
1196,NCCE,Federal College of Education,"{""raw_name"": ""Federal College of Education (Technical) in Yauri"", ""vc_or_provost"": ""Prof. Sa'adu Umar"", ""year_established"": """", ""source_row_number"": ""105"", ""source_file"": ""(NCCE) COLLEGES OF EDUCATION.md""}",https://ncce.gov.ng,2026-09-04,True
1197,NCCE,Federal College of Education,"{""raw_name"": ""Federal College of Education (Technical), Akoka"", ""vc_or_provost"": ""Dr. Sijibomi O. Olusanya"", ""year_established"": """", ""source_row_number"": ""106"", ""source_file"": ""(NCCE) COLLEGES OF EDUCATION.md""}",https://ncce.gov.ng,2026-09-04,True
1198,NCCE,Federal College of Education,"{""raw_name"": ""Federal College of Education (Technical), Asaba"", ""vc_or_provost"": ""Dr. Mrs. Anene Akeakwa"", ""year_established"": """", ""source_row_number"": ""107"", ""source_file"": ""(NCCE) COLLEGES OF EDUCATION.md""}",https://ncce.gov.ng,2026-09-04,True
1199,NCCE,Federal College of Education,"{""raw_name"": ""Federal College of Education (Technical), Bichi"", ""vc_or_provost"": ""Dr Bashir Sabo Abubakar"", ""year_established"": """", ""source_row_number"": ""108"", ""source_file"": ""(NCCE) COLLEGES OF EDUCATION.md""}",https://ncce.gov.ng,2026-09-04,True
1200,NCCE,Federal College of Education,"{""raw_name"": ""Federal College of Education (Technical), Gombe"", ""vc_or_provost"": ""Dr. Ali Adamu"", ""year_established"": """", ""source_row_number"": ""109"", ""source_file"": ""(NCCE) COLLEGES OF EDUCATION.md""}",https://ncce.gov.ng,2026-09-04,True
1201,NCCE,Federal College of Education,"{""raw_name"": ""Federal College of Education (Technical), Gusau"", ""vc_or_provost"": ""Ag. Provost"", ""year_established"": """", ""source_row_number"": ""110"", ""source_file"": ""(NCCE) COLLEGES OF EDUCATION.md""}",https://ncce.gov.ng,2026-09-04,True
1202,NCCE,Federal College of Education,"{""raw_name"": ""Federal College of Education (Technical), Omoku"", ""vc_or_provost"": ""Emmanuel Ikenyiri"", ""year_established"": """", ""source_row_number"": ""111"", ""source_file"": ""(NCCE) COLLEGES OF EDUCATION.md""}",https://ncce.gov.ng,2026-09-04,True
1203,NCCE,Federal College of Education,"{""raw_name"": ""Federal College of Education Bauchi"", ""vc_or_provost"": ""Prof. A.I Mohammed"", ""year_established"": """", ""source_row_number"": ""112"", ""source_file"": ""(NCCE) COLLEGES OF EDUCATION.md""}",https://ncce.gov.ng,2026-09-04,True
1204,NCCE,Federal College of Education,"{""raw_name"": ""Federal College of Education Edo"", ""vc_or_provost"": ""Dr. Emmanuel Asagha"", ""year_established"": """", ""source_row_number"": ""113"", ""source_file"": ""(NCCE) COLLEGES OF EDUCATION.md""}",https://ncce.gov.ng,2026-09-04,True
1205,NCCE,Federal College of Education,"{""raw_name"": ""Federal College of Education Ilawe-Ekiti"", ""vc_or_provost"": ""Dr. Ajigbade Ikuejube"", ""year_established"": """", ""source_row_number"": ""114"", ""source_file"": ""(NCCE) COLLEGES OF EDUCATION.md""}",https://ncce.gov.ng,2026-09-04,True
1206,NCCE,1,"{""raw_name"": ""Federal College of Education Ofeme-Ohuhu"", ""vc_or_provost"": ""Dr Titus Ezeme"", ""year_established"": """", ""source_row_number"": ""115"", ""source_file"": ""(NCCE) COLLEGES OF EDUCATION.md""}",https://ncce.gov.ng,2026-09-04,True
1207,NCCE,Federal College of Education,"{""raw_name"": ""Federal College of Education Osun"", ""vc_or_provost"": ""Prof. Rafiu I. Adebayo"", ""year_established"": """", ""source_row_number"": ""116"", ""source_file"": ""(NCCE) COLLEGES OF EDUCATION.md""}",https://ncce.gov.ng,2026-09-04,True
1208,NCCE,Federal College of Education,"{""raw_name"": ""Federal College of Education Sokoto"", ""vc_or_provost"": ""Prof. Faruk Umar Zaki"", ""year_established"": """", ""source_row_number"": ""117"", ""source_file"": ""(NCCE) COLLEGES OF EDUCATION.md""}",https://ncce.gov.ng,2026-09-04,True
1209,NCCE,Federal College of Education,"{""raw_name"": ""Federal College of Education, Abeokuta"", ""vc_or_provost"": ""Dr. Soyole"", ""year_established"": """", ""source_row_number"": ""118"", ""source_file"": ""(NCCE) COLLEGES OF EDUCATION.md""}",https://ncce.gov.ng,2026-09-04,True
1210,NCCE,Federal College of Education,"{""raw_name"": ""Federal College of Education, Eha-Amufu"", ""vc_or_provost"": ""Dr. Pauline N. Ikuegbu"", ""year_established"": """", ""source_row_number"": ""119"", ""source_file"": ""(NCCE) COLLEGES OF EDUCATION.md""}",https://ncce.gov.ng,2026-09-04,True
1211,NCCE,Federal College of Education,"{""raw_name"": ""Federal College of Education, Ididep"", ""vc_or_provost"": ""Dr. Edem Archibong Ntuk"", ""year_established"": """", ""source_row_number"": ""120"", ""source_file"": ""(NCCE) COLLEGES OF EDUCATION.md""}",https://ncce.gov.ng,2026-09-04,True
1212,NCCE,Federal College of Education,"{""raw_name"": ""Federal College of Education, Katsina"", ""vc_or_provost"": ""Dr. Aliyu Idris Futua"", ""year_established"": """", ""source_row_number"": ""121"", ""source_file"": ""(NCCE) COLLEGES OF EDUCATION.md""}",https://ncce.gov.ng,2026-09-04,True
1213,NCCE,Federal College of Education,"{""raw_name"": ""Federal College of Education, Obudu"", ""vc_or_provost"": ""Dr. James Bassey Ejue"", ""year_established"": """", ""source_row_number"": ""122"", ""source_file"": ""(NCCE) COLLEGES OF EDUCATION.md""}",https://ncce.gov.ng,2026-09-04,True
1214,NCCE,Federal College of Education,"{""raw_name"": ""Federal College of Education, Odugbo, Benue State"", ""vc_or_provost"": ""Prof. Joel Obo Eriba"", ""year_established"": """", ""source_row_number"": ""123"", ""source_file"": ""(NCCE) COLLEGES OF EDUCATION.md""}",https://ncce.gov.ng,2026-09-04,True
1215,NCCE,Federal College of Education,"{""raw_name"": ""Federal College of Education, Okene"", ""vc_or_provost"": ""Dr. Umar Hassan"", ""year_established"": """", ""source_row_number"": ""124"", ""source_file"": ""(NCCE) COLLEGES OF EDUCATION.md""}",https://ncce.gov.ng,2026-09-04,True
1216,NCCE,Federal College of Education,"{""raw_name"": ""Federal College of Education, Yola"", ""vc_or_provost"": ""Professor A.M. SA'AD"", ""year_established"": """", ""source_row_number"": ""125"", ""source_file"": ""(NCCE) COLLEGES OF EDUCATION.md""}",https://ncce.gov.ng,2026-09-04,True
1217,NCCE,Federal College of Education,"{""raw_name"": ""Federal College Of Education(Technical), Keana"", ""vc_or_provost"": ""Dr. Yusuf Abdullahi Ogwuzebe"", ""year_established"": """", ""source_row_number"": ""126"", ""source_file"": ""(NCCE) COLLEGES OF EDUCATION.md""}",https://ncce.gov.ng,2026-09-04,True
1218,NCCE,Private College of Education,"{""raw_name"": ""FESTMED COLLEGE OF EDUCATION, ONDO STATE"", ""vc_or_provost"": ""Shogbesan Yusuf Olayinka (Mr.)"", ""year_established"": """", ""source_row_number"": ""127"", ""source_file"": ""(NCCE) COLLEGES OF EDUCATION.md""}",https://ncce.gov.ng,2026-09-04,True
1219,NCCE,Private College of Education,"{""raw_name"": ""First De-Wise College of Education, Ilorin"", ""vc_or_provost"": ""Dr."", ""year_established"": """", ""source_row_number"": ""128"", ""source_file"": ""(NCCE) COLLEGES OF EDUCATION.md""}",https://ncce.gov.ng,2026-09-04,True
1220,NCCE,Private College of Education,"{""raw_name"": ""Folrac Fortified College of Education"", ""vc_or_provost"": ""Pastor Foluso Ilemobayo Awoniyi"", ""year_established"": """", ""source_row_number"": ""129"", ""source_file"": ""(NCCE) COLLEGES OF EDUCATION.md""}",https://ncce.gov.ng,2026-09-04,True
1221,NCCE,Private College of Education,"{""raw_name"": ""Gand-Plus College of Education"", ""vc_or_provost"": """", ""year_established"": """", ""source_row_number"": ""130"", ""source_file"": ""(NCCE) COLLEGES OF EDUCATION.md""}",https://ncce.gov.ng,2026-09-04,True
1222,NCCE,Private College of Education,"{""raw_name"": ""Gboko College of Education Benue State"", ""vc_or_provost"": ""Mr. Benedict Terka Iornyagh"", ""year_established"": """", ""source_row_number"": ""131"", ""source_file"": ""(NCCE) COLLEGES OF EDUCATION.md""}",https://ncce.gov.ng,2026-09-04,True
1223,NCCE,Private College of Education,"{""raw_name"": ""Global COE, Bukuru"", ""vc_or_provost"": ""Prof"", ""year_established"": """", ""source_row_number"": ""132"", ""source_file"": ""(NCCE) COLLEGES OF EDUCATION.md""}",https://ncce.gov.ng,2026-09-04,True
1224,NCCE,State College of Education,"{""raw_name"": ""Gombe State COE, NAFADA"", ""vc_or_provost"": """", ""year_established"": """", ""source_row_number"": ""133"", ""source_file"": ""(NCCE) COLLEGES OF EDUCATION.md""}",https://ncce.gov.ng,2026-09-04,True
1225,NCCE,Private College of Education,"{""raw_name"": ""Good Shepperd COE"", ""vc_or_provost"": """", ""year_established"": """", ""source_row_number"": ""134"", ""source_file"": ""(NCCE) COLLEGES OF EDUCATION.md""}",https://ncce.gov.ng,2026-09-04,True
1226,NCCE,Private College of Education,"{""raw_name"": ""Grace City College of Education"", ""vc_or_provost"": ""Dr. Kola Aderoju"", ""year_established"": """", ""source_row_number"": ""135"", ""source_file"": ""(NCCE) COLLEGES OF EDUCATION.md""}",https://ncce.gov.ng,2026-09-04,True
1227,NCCE,Private College of Education,"{""raw_name"": ""GRACE COLLEGE OF EDUCATION"", ""vc_or_provost"": ""Not Available"", ""year_established"": """", ""source_row_number"": ""136"", ""source_file"": ""(NCCE) COLLEGES OF EDUCATION.md""}",https://ncce.gov.ng,2026-09-04,True
1228,NCCE,Private College of Education,"{""raw_name"": ""Hamzainab College of Education, Oshogbo"", ""vc_or_provost"": """", ""year_established"": """", ""source_row_number"": ""137"", ""source_file"": ""(NCCE) COLLEGES OF EDUCATION.md""}",https://ncce.gov.ng,2026-09-04,True
396,NCCE,Polytechnics offering NCE,"{""raw_name"": ""Hassan Usman Katsina Polytechnic"", ""vc_or_provost"": ""Dr. Ibrahim Mudi Kurfi"", ""year_established"": """", ""source_row_number"": ""138"", ""source_file"": ""(NCCE) COLLEGES OF EDUCATION.md""}",https://ncce.gov.ng,2026-09-04,True
1230,NCCE,Private College of Education,"{""raw_name"": ""Havard Wilson College of Education, Aba"", ""vc_or_provost"": ""Uko Adaugo Akwaugu Q."", ""year_established"": """", ""source_row_number"": ""139"", ""source_file"": ""(NCCE) COLLEGES OF EDUCATION.md""}",https://ncce.gov.ng,2026-09-04,True
1231,NCCE,Private College of Education,"{""raw_name"": ""Hill COE, Gwanje, Akwanga"", ""vc_or_provost"": ""Chief G. F Oyeleye"", ""year_established"": """", ""source_row_number"": ""140"", ""source_file"": ""(NCCE) COLLEGES OF EDUCATION.md""}",https://ncce.gov.ng,2026-09-04,True
1232,NCCE,Private College of Education,"{""raw_name"": ""His Grace College of Education, Ilorin"", ""vc_or_provost"": ""Dr. Ayeni J. K."", ""year_established"": """", ""source_row_number"": ""141"", ""source_file"": ""(NCCE) COLLEGES OF EDUCATION.md""}",https://ncce.gov.ng,2026-09-04,True
1233,NCCE,Private College of Education,"{""raw_name"": ""Hope and Anchor College of Education"", ""vc_or_provost"": """", ""year_established"": """", ""source_row_number"": ""142"", ""source_file"": ""(NCCE) COLLEGES OF EDUCATION.md""}",https://ncce.gov.ng,2026-09-04,True
1234,NCCE,Private College of Education,"{""raw_name"": ""Ife College of Education, Abejukolo, Omala"", ""vc_or_provost"": ""Comrade. Ochoji Audu David"", ""year_established"": """", ""source_row_number"": ""143"", ""source_file"": ""(NCCE) COLLEGES OF EDUCATION.md""}",https://ncce.gov.ng,2026-09-04,True
1235,NCCE,Private College of Education,"{""raw_name"": ""Ikeduru College of Education"", ""vc_or_provost"": ""not available"", ""year_established"": """", ""source_row_number"": ""144"", ""source_file"": ""(NCCE) COLLEGES OF EDUCATION.md""}",https://ncce.gov.ng,2026-09-04,True
1236,NCCE,Private College of Education,"{""raw_name"": ""Imam Hamzat COE, Ilorin"", ""vc_or_provost"": """", ""year_established"": """", ""source_row_number"": ""145"", ""source_file"": ""(NCCE) COLLEGES OF EDUCATION.md""}",https://ncce.gov.ng,2026-09-04,True
1237,NCCE,Private College of Education,"{""raw_name"": ""Imam Saidu COE, Funtua"", ""vc_or_provost"": ""Dr."", ""year_established"": """", ""source_row_number"": ""146"", ""source_file"": ""(NCCE) COLLEGES OF EDUCATION.md""}",https://ncce.gov.ng,2026-09-04,True
1238,NCCE,Private College of Education,"{""raw_name"": ""Innovative College of Education, Karu"", ""vc_or_provost"": ""Dr. Maro,Joshua Embugu"", ""year_established"": """", ""source_row_number"": ""147"", ""source_file"": ""(NCCE) COLLEGES OF EDUCATION.md""}",https://ncce.gov.ng,2026-09-04,True
1239,NCCE,NTI & Other NCE Awarding Institutions,"{""raw_name"": ""Institute of Ecumenical Education (Thinkers Corner)"", ""vc_or_provost"": """", ""year_established"": """", ""source_row_number"": ""148"", ""source_file"": ""(NCCE) COLLEGES OF EDUCATION.md""}",https://ncce.gov.ng,2026-09-04,True
1240,NCCE,Private College of Education,"{""raw_name"": ""International College of Education, Langtang"", ""vc_or_provost"": ""Dr. Provost"", ""year_established"": """", ""source_row_number"": ""149"", ""source_file"": ""(NCCE) COLLEGES OF EDUCATION.md""}",https://ncce.gov.ng,2026-09-04,True
1241,NCCE,State College of Education,"{""raw_name"": ""Isa Kaita College of Education, Dutsin-Ma"", ""vc_or_provost"": ""Dr. M Abdu"", ""year_established"": """", ""source_row_number"": ""150"", ""source_file"": ""(NCCE) COLLEGES OF EDUCATION.md""}",https://ncce.gov.ng,2026-09-04,True
1242,NCCE,1,"{""raw_name"": ""Isaac Jasper Boro COE, Sagbama"", ""vc_or_provost"": ""Prof. Saviour Nathan A. Agoro"", ""year_established"": """", ""source_row_number"": ""151"", ""source_file"": ""(NCCE) COLLEGES OF EDUCATION.md""}",https://ncce.gov.ng,2026-09-04,True
1243,NCCE,Private College of Education,"{""raw_name"": ""Islamic COE, Potiskum"", ""vc_or_provost"": ""Not Available"", ""year_established"": """", ""source_row_number"": ""152"", ""source_file"": ""(NCCE) COLLEGES OF EDUCATION.md""}",https://ncce.gov.ng,2026-09-04,True
1244,NCCE,Private College of Education,"{""raw_name"": ""JIBWIS COE, Jama'are"", ""vc_or_provost"": """", ""year_established"": """", ""source_row_number"": ""153"", ""source_file"": ""(NCCE) COLLEGES OF EDUCATION.md""}",https://ncce.gov.ng,2026-09-04,True
1245,NCCE,Private College of Education,"{""raw_name"": ""JIBWIS COE, Jega, Kebbi"", ""vc_or_provost"": ""Haruna Saidu Sauwa"", ""year_established"": """", ""source_row_number"": ""154"", ""source_file"": ""(NCCE) COLLEGES OF EDUCATION.md""}",https://ncce.gov.ng,2026-09-04,True
1246,NCCE,Private College of Education,"{""raw_name"": ""Jibwis COE, Zuru, Kebbi State"", ""vc_or_provost"": """", ""year_established"": """", ""source_row_number"": ""155"", ""source_file"": ""(NCCE) COLLEGES OF EDUCATION.md""}",https://ncce.gov.ng,2026-09-04,True
1247,NCCE,Private College of Education,"{""raw_name"": ""JIBWIS College of Education"", ""vc_or_provost"": """", ""year_established"": """", ""source_row_number"": ""156"", ""source_file"": ""(NCCE) COLLEGES OF EDUCATION.md""}",https://ncce.gov.ng,2026-09-04,True
1248,NCCE,Private College of Education,"{""raw_name"": ""JIBWIS College of Education Gombe"", ""vc_or_provost"": """", ""year_established"": """", ""source_row_number"": ""157"", ""source_file"": ""(NCCE) COLLEGES OF EDUCATION.md""}",https://ncce.gov.ng,2026-09-04,True
1249,NCCE,Private College of Education,"{""raw_name"": ""JIBWIS College of Education Jos"", ""vc_or_provost"": ""Ahmad Garba"", ""year_established"": """", ""source_row_number"": ""158"", ""source_file"": ""(NCCE) COLLEGES OF EDUCATION.md""}",https://ncce.gov.ng,2026-09-04,True
1250,NCCE,Private College of Education,"{""raw_name"": ""Jibwis College of Education, Gumau"", ""vc_or_provost"": """", ""year_established"": """", ""source_row_number"": ""159"", ""source_file"": ""(NCCE) COLLEGES OF EDUCATION.md""}",https://ncce.gov.ng,2026-09-04,True
1251,NCCE,State College of Education,"{""raw_name"": ""JIGAWA STATE COLLEGE OF EDUCATION AND LEGAL STUDIES, RINGIM"", ""vc_or_provost"": ""Not Available"", ""year_established"": """", ""source_row_number"": ""160"", ""source_file"": ""(NCCE) COLLEGES OF EDUCATION.md""}",https://ncce.gov.ng,2026-09-04,True
1252,NCCE,State College of Education,"{""raw_name"": ""Jigawa State College of Education, Gumel"", ""vc_or_provost"": ""Dr. Nura Muhammed Ringim"", ""year_established"": """", ""source_row_number"": ""161"", ""source_file"": ""(NCCE) COLLEGES OF EDUCATION.md""}",https://ncce.gov.ng,2026-09-04,True
392,NCCE,Polytechnics offering NCE,"{""raw_name"": ""Jigawa State Polytechnic"", ""vc_or_provost"": """", ""year_established"": """", ""source_row_number"": ""162"", ""source_file"": ""(NCCE) COLLEGES OF EDUCATION.md""}",https://ncce.gov.ng,2026-09-04,True
1254,NCCE,Private College of Education,"{""raw_name"": ""Job College of Education, Ila-Orangun"", ""vc_or_provost"": ""NOT AVAILABLE"", ""year_established"": """", ""source_row_number"": ""163"", ""source_file"": ""(NCCE) COLLEGES OF EDUCATION.md""}",https://ncce.gov.ng,2026-09-04,True
1255,NCCE,Private College of Education,"{""raw_name"": ""Jornato College of Education"", ""vc_or_provost"": ""Patric Elem"", ""year_established"": """", ""source_row_number"": ""164"", ""source_file"": ""(NCCE) COLLEGES OF EDUCATION.md""}",https://ncce.gov.ng,2026-09-04,True
350,NCCE,Polytechnics offering NCE,"{""raw_name"": ""Kaduna Polytechnics"", ""vc_or_provost"": ""Prof. Idris M. Bugaje"", ""year_established"": """", ""source_row_number"": ""165"", ""source_file"": ""(NCCE) COLLEGES OF EDUCATION.md""}",https://ncce.gov.ng,2026-09-04,True
1257,NCCE,State College of Education,"{""raw_name"": ""Kaduna State College of Education, Gidan-Waya, Kafanchan"", ""vc_or_provost"": ""Prof. Alexander Kure"", ""year_established"": """", ""source_row_number"": ""166"", ""source_file"": ""(NCCE) COLLEGES OF EDUCATION.md""}",https://ncce.gov.ng,2026-09-04,True
1258,NCCE,State College of Education,"{""raw_name"": ""Kano State College of Education and Preliminary Studies (KASCEPTS)"", ""vc_or_provost"": ""Dr Sunusi Yakubu Ahmad"", ""year_established"": """", ""source_row_number"": ""167"", ""source_file"": ""(NCCE) COLLEGES OF EDUCATION.md""}",https://ncce.gov.ng,2026-09-04,True
394,NCCE,Polytechnics offering NCE,"{""raw_name"": ""Kano State Polytechnic"", ""vc_or_provost"": ""Prof. Muktar Atiku Kurawa"", ""year_established"": """", ""source_row_number"": ""168"", ""source_file"": ""(NCCE) COLLEGES OF EDUCATION.md""}",https://ncce.gov.ng,2026-09-04,True
1260,NCCE,State College of Education,"{""raw_name"": ""Kashim Ibrahim College of Education"", ""vc_or_provost"": ""Alh. Muhammad Alkali"", ""year_established"": """", ""source_row_number"": ""169"", ""source_file"": ""(NCCE) COLLEGES OF EDUCATION.md""}",https://ncce.gov.ng,2026-09-04,True
1261,NCCE,Private College of Education,"{""raw_name"": ""Kazaure College of Education"", ""vc_or_provost"": """", ""year_established"": """", ""source_row_number"": ""170"", ""source_file"": ""(NCCE) COLLEGES OF EDUCATION.md""}",https://ncce.gov.ng,2026-09-04,True
1262,NCCE,Polytechnics offering NCE,"{""raw_name"": ""Kebbi State Polytechnic"", ""vc_or_provost"": ""Haruna Saidu-Sauwa"", ""year_established"": """", ""source_row_number"": ""171"", ""source_file"": ""(NCCE) COLLEGES OF EDUCATION.md""}",https://ncce.gov.ng,2026-09-04,True
1263,NCCE,Private College of Education,"{""raw_name"": ""Kogi East College of Education"", ""vc_or_provost"": """", ""year_established"": """", ""source_row_number"": ""172"", ""source_file"": ""(NCCE) COLLEGES OF EDUCATION.md""}",https://ncce.gov.ng,2026-09-04,True
1264,NCCE,State College of Education,"{""raw_name"": ""Kogi State College of Education, Ankpa"", ""vc_or_provost"": ""Dr. Mohammed Kebiru Ibrahim"", ""year_established"": """", ""source_row_number"": ""173"", ""source_file"": ""(NCCE) COLLEGES OF EDUCATION.md""}",https://ncce.gov.ng,2026-09-04,True
1265,NCCE,State College of Education,"{""raw_name"": ""Kogi State College of Education, Kabba"", ""vc_or_provost"": ""Mrs Jagboro Victoria Olusola"", ""year_established"": """", ""source_row_number"": ""174"", ""source_file"": ""(NCCE) COLLEGES OF EDUCATION.md""}",https://ncce.gov.ng,2026-09-04,True
1266,NCCE,Private College of Education,"{""raw_name"": ""Kwaine COE, Gombe"", ""vc_or_provost"": ""Dr. Ali Adamu Boderi"", ""year_established"": """", ""source_row_number"": ""175"", ""source_file"": ""(NCCE) COLLEGES OF EDUCATION.md""}",https://ncce.gov.ng,2026-09-04,True
1267,NCCE,State College of Education,"{""raw_name"": ""Kwara State College of Education (Technical), Lafiagi"", ""vc_or_provost"": ""Dr. Barakat Bose Ibrahim"", ""year_established"": """", ""source_row_number"": ""176"", ""source_file"": ""(NCCE) COLLEGES OF EDUCATION.md""}",https://ncce.gov.ng,2026-09-04,True
1268,NCCE,Private College of Education,"{""raw_name"": ""Kwararafa COE, Otukpo"", ""vc_or_provost"": ""Micheal Ogbeche"", ""year_established"": """", ""source_row_number"": ""177"", ""source_file"": ""(NCCE) COLLEGES OF EDUCATION.md""}",https://ncce.gov.ng,2026-09-04,True
1269,NCCE,Private College of Education,"{""raw_name"": ""Lakeview COE, Jalingo"", ""vc_or_provost"": ""NOT AVAILABLE"", ""year_established"": """", ""source_row_number"": ""178"", ""source_file"": ""(NCCE) COLLEGES OF EDUCATION.md""}",https://ncce.gov.ng,2026-09-04,True
1270,NCCE,Private College of Education,"{""raw_name"": ""Lasting Glory College of Education, Erunmu Egbeda"", ""vc_or_provost"": ""NOT AVAILABLE"", ""year_established"": """", ""source_row_number"": ""179"", ""source_file"": ""(NCCE) COLLEGES OF EDUCATION.md""}",https://ncce.gov.ng,2026-09-04,True
1271,NCCE,Private College of Education,"{""raw_name"": ""Lessel COE Gboko"", ""vc_or_provost"": ""Dr."", ""year_established"": """", ""source_row_number"": ""180"", ""source_file"": ""(NCCE) COLLEGES OF EDUCATION.md""}",https://ncce.gov.ng,2026-09-04,True
1272,NCCE,Private College of Education,"{""raw_name"": ""Lifegate College of Education, Asa"", ""vc_or_provost"": """", ""year_established"": """", ""source_row_number"": ""181"", ""source_file"": ""(NCCE) COLLEGES OF EDUCATION.md""}",https://ncce.gov.ng,2026-09-04,True
1273,NCCE,Private College of Education,"{""raw_name"": ""MARYAM IDRIS UMAR COLLEGE OF EDUCATION LIMITED"", ""vc_or_provost"": ""Dr. Provost"", ""year_established"": """", ""source_row_number"": ""182"", ""source_file"": ""(NCCE) COLLEGES OF EDUCATION.md""}",https://ncce.gov.ng,2026-09-04,True
1274,NCCE,Private College of Education,"{""raw_name"": ""MCF COE Agbarha-Otor, Delta"", ""vc_or_provost"": ""Dr. Daniel D.Whawo"", ""year_established"": """", ""source_row_number"": ""183"", ""source_file"": ""(NCCE) COLLEGES OF EDUCATION.md""}",https://ncce.gov.ng,2026-09-04,True
1275,NCCE,Private College of Education,"{""raw_name"": ""Meadow Hall COE"", ""vc_or_provost"": """", ""year_established"": """", ""source_row_number"": ""184"", ""source_file"": ""(NCCE) COLLEGES OF EDUCATION.md""}",https://ncce.gov.ng,2026-09-04,True
1276,NCCE,Private College of Education,"{""raw_name"": ""Metro COE, Adogi-Lafia"", ""vc_or_provost"": """", ""year_established"": """", ""source_row_number"": ""185"", ""source_file"": ""(NCCE) COLLEGES OF EDUCATION.md""}",https://ncce.gov.ng,2026-09-04,True
1277,NCCE,Private College of Education,"{""raw_name"": ""Moje College of Education, Erin-Ile"", ""vc_or_provost"": """", ""year_established"": """", ""source_row_number"": ""186"", ""source_file"": ""(NCCE) COLLEGES OF EDUCATION.md""}",https://ncce.gov.ng,2026-09-04,True
1278,NCCE,Private College of Education,"{""raw_name"": ""Muftau Olanihun College of Education, Ibadan"", ""vc_or_provost"": ""Mr. Lawan Musliu"", ""year_established"": """", ""source_row_number"": ""187"", ""source_file"": ""(NCCE) COLLEGES OF EDUCATION.md""}",https://ncce.gov.ng,2026-09-04,True
1279,NCCE,NTI & Other NCE Awarding Institutions,"{""raw_name"": ""Muhammad Goni College of Legal and Islamic Studies (MOGOLIS)"", ""vc_or_provost"": """", ""year_established"": """", ""source_row_number"": ""188"", ""source_file"": ""(NCCE) COLLEGES OF EDUCATION.md""}",https://ncce.gov.ng,2026-09-04,True
1280,NCCE,Private College of Education,"{""raw_name"": ""Muhyideen College of Education, Ilorin"", ""vc_or_provost"": ""Alh. Nurudeen Amzat Balio"", ""year_established"": """", ""source_row_number"": ""189"", ""source_file"": ""(NCCE) COLLEGES OF EDUCATION.md""}",https://ncce.gov.ng,2026-09-04,True
1281,NCCE,Private College of Education,"{""raw_name"": ""Muritadha COE, Olodo"", ""vc_or_provost"": ""Not Available"", ""year_established"": """", ""source_row_number"": ""190"", ""source_file"": ""(NCCE) COLLEGES OF EDUCATION.md""}",https://ncce.gov.ng,2026-09-04,True
1282,NCCE,Private College of Education,"{""raw_name"": ""Mus'ab Bn Umair College of Education Bajoga"", ""vc_or_provost"": ""Engr. Tukur M. Lawal"", ""year_established"": """", ""source_row_number"": ""191"", ""source_file"": ""(NCCE) COLLEGES OF EDUCATION.md""}",https://ncce.gov.ng,2026-09-04,True
1283,NCCE,Private College of Education,"{""raw_name"": ""Nana Aishat Memorial COE"", ""vc_or_provost"": ""Dr. Abdurrafu"", ""year_established"": """", ""source_row_number"": ""192"", ""source_file"": ""(NCCE) COLLEGES OF EDUCATION.md""}",https://ncce.gov.ng,2026-09-04,True
1284,NCCE,NTI & Other NCE Awarding Institutions,"{""raw_name"": ""National Institute for Nigerian Languages"", ""vc_or_provost"": ""Prof. Ogbonna Onuoha"", ""year_established"": """", ""source_row_number"": ""193"", ""source_file"": ""(NCCE) COLLEGES OF EDUCATION.md""}",https://ncce.gov.ng,2026-09-04,True
1285,NCCE,NTI & Other NCE Awarding Institutions,"{""raw_name"": ""National Teachers Institute(NTI)"", ""vc_or_provost"": """", ""year_established"": """", ""source_row_number"": ""194"", ""source_file"": ""(NCCE) COLLEGES OF EDUCATION.md""}",https://ncce.gov.ng,2026-09-04,True
1286,NCCE,State College of Education,"{""raw_name"": ""Niger State College of Education, Minna"", ""vc_or_provost"": ""Professor. Mohammad Yakubu Auna"", ""year_established"": """", ""source_row_number"": ""195"", ""source_file"": ""(NCCE) COLLEGES OF EDUCATION.md""}",https://ncce.gov.ng,2026-09-04,True
1287,NCCE,Other NCE Awarding Institutions,"{""raw_name"": ""Nigerian Army College of Education (NACOE), Ilorin"", ""vc_or_provost"": ""Brig. Gen. Nuhu F Umaru"", ""year_established"": """", ""source_row_number"": ""196"", ""source_file"": ""(NCCE) COLLEGES OF EDUCATION.md""}",https://ncce.gov.ng,2026-09-04,True
1288,NCCE,Private College of Education,"{""raw_name"": ""Nosakhare COE, Benin City"", ""vc_or_provost"": """", ""year_established"": """", ""source_row_number"": ""197"", ""source_file"": ""(NCCE) COLLEGES OF EDUCATION.md""}",https://ncce.gov.ng,2026-09-04,True
1289,NCCE,Polytechnics offering NCE,"{""raw_name"": ""Nuhu Bamalli Polytechnic"", ""vc_or_provost"": ""Provost"", ""year_established"": """", ""source_row_number"": ""198"", ""source_file"": ""(NCCE) COLLEGES OF EDUCATION.md""}",https://ncce.gov.ng,2026-09-04,True
1290,NCCE,State College of Education,"{""raw_name"": ""Nwafor Orizu College of Education, Nsugbe"", ""vc_or_provost"": ""Dr. Justina C. Anyadiegwu"", ""year_established"": """", ""source_row_number"": ""199"", ""source_file"": ""(NCCE) COLLEGES OF EDUCATION.md""}",https://ncce.gov.ng,2026-09-04,True
1291,NCCE,Private College of Education,"{""raw_name"": ""Olekamba College of Education"", ""vc_or_provost"": """", ""year_established"": """", ""source_row_number"": ""200"", ""source_file"": ""(NCCE) COLLEGES OF EDUCATION.md""}",https://ncce.gov.ng,2026-09-04,True
1292,NCCE,Private College of Education,"{""raw_name"": ""Omaga aejigbo College of education Ajiolo-Ojiaji"", ""vc_or_provost"": ""Kakubu Shuaibu"", ""year_established"": """", ""source_row_number"": ""201"", ""source_file"": ""(NCCE) COLLEGES OF EDUCATION.md""}",https://ncce.gov.ng,2026-09-04,True
1293,NCCE,Private College of Education,"{""raw_name"": ""ONIT COE, Abagana"", ""vc_or_provost"": ""Mrs. Nwose Adaobi"", ""year_established"": """", ""source_row_number"": ""202"", ""source_file"": ""(NCCE) COLLEGES OF EDUCATION.md""}",https://ncce.gov.ng,2026-09-04,True
1294,NCCE,Private College of Education,"{""raw_name"": ""Osan Ekiti COE, Ekiti State"", ""vc_or_provost"": ""Professor J.M. Ajibade Oyinloye"", ""year_established"": """", ""source_row_number"": ""203"", ""source_file"": ""(NCCE) COLLEGES OF EDUCATION.md""}",https://ncce.gov.ng,2026-09-04,True
1295,NCCE,Private College of Education,"{""raw_name"": ""Osi College of Education"", ""vc_or_provost"": ""NOT AVAILABLE"", ""year_established"": """", ""source_row_number"": ""204"", ""source_file"": ""(NCCE) COLLEGES OF EDUCATION.md""}",https://ncce.gov.ng,2026-09-04,True
1296,NCCE,Private College of Education,"{""raw_name"": ""Osisa Tech. College of Education, Enugu"", ""vc_or_provost"": ""Dr. Mike Ike Okwudili"", ""year_established"": """", ""source_row_number"": ""205"", ""source_file"": ""(NCCE) COLLEGES OF EDUCATION.md""}",https://ncce.gov.ng,2026-09-04,True
1297,NCCE,Private College of Education,"{""raw_name"": ""Oswald Waller COE Shendam"", ""vc_or_provost"": ""Prof. Mathew N. Sule"", ""year_established"": """", ""source_row_number"": ""206"", ""source_file"": ""(NCCE) COLLEGES OF EDUCATION.md""}",https://ncce.gov.ng,2026-09-04,True
1298,NCCE,Private College of Education,"{""raw_name"": ""Owu College of Education"", ""vc_or_provost"": """", ""year_established"": """", ""source_row_number"": ""207"", ""source_file"": ""(NCCE) COLLEGES OF EDUCATION.md""}",https://ncce.gov.ng,2026-09-04,True
1299,NCCE,State College of Education,"{""raw_name"": ""Oyo State College of Education, Lanlate"", ""vc_or_provost"": ""Mr. A. Johnson Oladipupo"", ""year_established"": """", ""source_row_number"": ""208"", ""source_file"": ""(NCCE) COLLEGES OF EDUCATION.md""}",https://ncce.gov.ng,2026-09-04,True
1300,NCCE,Private College of Education,"{""raw_name"": ""Pan Africa Entrepreneurship and Vocational College of Education"", ""vc_or_provost"": ""Dr. Imide Israel"", ""year_established"": """", ""source_row_number"": ""209"", ""source_file"": ""(NCCE) COLLEGES OF EDUCATION.md""}",https://ncce.gov.ng,2026-09-04,True
1301,NCCE,Private College of Education,"{""raw_name"": ""PAN African COE Offa"", ""vc_or_provost"": ""professor"", ""year_established"": """", ""source_row_number"": ""210"", ""source_file"": ""(NCCE) COLLEGES OF EDUCATION.md""}",https://ncce.gov.ng,2026-09-04,True
1302,NCCE,Private College of Education,"{""raw_name"": ""Peace College Of Education Ankpa"", ""vc_or_provost"": ""Mohd Ibrahim"", ""year_established"": """", ""source_row_number"": ""211"", ""source_file"": ""(NCCE) COLLEGES OF EDUCATION.md""}",https://ncce.gov.ng,2026-09-04,True
1303,NCCE,Private College of Education,"{""raw_name"": ""Peaceland College of Education, Enugu"", ""vc_or_provost"": ""Rev. Fr. Dr. Leo IIechukwu"", ""year_established"": """", ""source_row_number"": ""212"", ""source_file"": ""(NCCE) COLLEGES OF EDUCATION.md""}",https://ncce.gov.ng,2026-09-04,True
1304,NCCE,Private College of Education,"{""raw_name"": ""Peacock College of Education Jalingo"", ""vc_or_provost"": """", ""year_established"": """", ""source_row_number"": ""213"", ""source_file"": ""(NCCE) COLLEGES OF EDUCATION.md""}",https://ncce.gov.ng,2026-09-04,True
1305,NCCE,Private College of Education,"{""raw_name"": ""Peter Oyeleye Fasua College of Education"", ""vc_or_provost"": ""Mr. Adefila Emmanuel"", ""year_established"": """", ""source_row_number"": ""214"", ""source_file"": ""(NCCE) COLLEGES OF EDUCATION.md""}",https://ncce.gov.ng,2026-09-04,True
1306,NCCE,Private College of Education,"{""raw_name"": ""Petriot College of Education"", ""vc_or_provost"": ""NOT AVAILABLE"", ""year_established"": """", ""source_row_number"": ""215"", ""source_file"": ""(NCCE) COLLEGES OF EDUCATION.md""}",https://ncce.gov.ng,2026-09-04,True
1307,NCCE,Private College of Education,"{""raw_name"": ""Piaget College of Education"", ""vc_or_provost"": ""O. A. wiltz"", ""year_established"": """", ""source_row_number"": ""216"", ""source_file"": ""(NCCE) COLLEGES OF EDUCATION.md""}",https://ncce.gov.ng,2026-09-04,True
1308,NCCE,Private College of Education,"{""raw_name"": ""Pineville College of Education"", ""vc_or_provost"": ""NOT AVAILABLE"", ""year_established"": """", ""source_row_number"": ""217"", ""source_file"": ""(NCCE) COLLEGES OF EDUCATION.md""}",https://ncce.gov.ng,2026-09-04,True
419,NCCE,Polytechnics offering NCE,"{""raw_name"": ""Plateau State Polytechnic"", ""vc_or_provost"": ""Jmaes Mashor Julson"", ""year_established"": """", ""source_row_number"": ""218"", ""source_file"": ""(NCCE) COLLEGES OF EDUCATION.md""}",https://ncce.gov.ng,2026-09-04,True
1310,NCCE,Private College of Education,"{""raw_name"": ""Premier COE, Osun"", ""vc_or_provost"": """", ""year_established"": """", ""source_row_number"": ""219"", ""source_file"": ""(NCCE) COLLEGES OF EDUCATION.md""}",https://ncce.gov.ng,2026-09-04,True
1311,NCCE,Private College of Education,"{""raw_name"": ""Pristine College of Education"", ""vc_or_provost"": ""NOT AVAILABLE"", ""year_established"": """", ""source_row_number"": ""220"", ""source_file"": ""(NCCE) COLLEGES OF EDUCATION.md""}",https://ncce.gov.ng,2026-09-04,True
1312,NCCE,Private College of Education,"{""raw_name"": ""Providence International College of Education, Ibadan"", ""vc_or_provost"": ""NOT AVAILABLE"", ""year_established"": """", ""source_row_number"": ""221"", ""source_file"": ""(NCCE) COLLEGES OF EDUCATION.md""}",https://ncce.gov.ng,2026-09-04,True
1313,NCCE,Polytechnics offering NCE,"{""raw_name"": ""Ramat Polytechnic"", ""vc_or_provost"": ""B.G. Ibrahim"", ""year_established"": """", ""source_row_number"": ""222"", ""source_file"": ""(NCCE) COLLEGES OF EDUCATION.md""}",https://ncce.gov.ng,2026-09-04,True
1314,NCCE,Private College of Education,"{""raw_name"": ""Raphat COE"", ""vc_or_provost"": """", ""year_established"": """", ""source_row_number"": ""223"", ""source_file"": ""(NCCE) COLLEGES OF EDUCATION.md""}",https://ncce.gov.ng,2026-09-04,True
1315,NCCE,Private College of Education,"{""raw_name"": ""Royal City COE, Iyesi-Ota"", ""vc_or_provost"": ""Mrs. Da-Silva Augustina"", ""year_established"": """", ""source_row_number"": ""224"", ""source_file"": ""(NCCE) COLLEGES OF EDUCATION.md""}",https://ncce.gov.ng,2026-09-04,True
1316,NCCE,Private College of Education,"{""raw_name"": ""Royal COE, Ikeja, Lagos State"", ""vc_or_provost"": ""Dr"", ""year_established"": """", ""source_row_number"": ""225"", ""source_file"": ""(NCCE) COLLEGES OF EDUCATION.md""}",https://ncce.gov.ng,2026-09-04,True
1317,NCCE,Private College of Education,"{""raw_name"": ""Royal College of Education, Ogun State"", ""vc_or_provost"": ""Adesanya Mercy Olubisi"", ""year_established"": """", ""source_row_number"": ""226"", ""source_file"": ""(NCCE) COLLEGES OF EDUCATION.md""}",https://ncce.gov.ng,2026-09-04,True
1318,NCCE,Private College of Education,"{""raw_name"": ""S. Light College of Education, Kano"", ""vc_or_provost"": ""Saifullahi Garba Umar"", ""year_established"": """", ""source_row_number"": ""227"", ""source_file"": ""(NCCE) COLLEGES OF EDUCATION.md""}",https://ncce.gov.ng,2026-09-04,True
1319,NCCE,State College of Education,"{""raw_name"": ""Sa'adatu Rimi College of Education, Kumbotso, Kano"", ""vc_or_provost"": ""Dr. Yahaya Isa Bunkure"", ""year_established"": """", ""source_row_number"": ""228"", ""source_file"": ""(NCCE) COLLEGES OF EDUCATION.md""}",https://ncce.gov.ng,2026-09-04,True
1320,NCCE,Private College of Education,"{""raw_name"": ""Sam Ale College of Education"", ""vc_or_provost"": """", ""year_established"": """", ""source_row_number"": ""229"", ""source_file"": ""(NCCE) COLLEGES OF EDUCATION.md""}",https://ncce.gov.ng,2026-09-04,True
1321,NCCE,Private College of Education,"{""raw_name"": ""Sarkin Yama Community College of Education"", ""vc_or_provost"": """", ""year_established"": """", ""source_row_number"": ""230"", ""source_file"": ""(NCCE) COLLEGES OF EDUCATION.md""}",https://ncce.gov.ng,2026-09-04,True
1322,NCCE,Private College of Education,"{""raw_name"": ""Sharifat Institute of Professional and Islamic Legal Studies"", ""vc_or_provost"": ""Prof. Lateef Onireti Ibraheem"", ""year_established"": """", ""source_row_number"": ""231"", ""source_file"": ""(NCCE) COLLEGES OF EDUCATION.md""}",https://ncce.gov.ng,2026-09-04,True
1323,NCCE,State College of Education,"{""raw_name"": ""Shehu Shagari College of Education, Sokoto"", ""vc_or_provost"": ""Dr. Muhammad Wadata Hakimi"", ""year_established"": """", ""source_row_number"": ""232"", ""source_file"": ""(NCCE) COLLEGES OF EDUCATION.md""}",https://ncce.gov.ng,2026-09-04,True
1324,NCCE,State College of Education,"{""raw_name"": ""Sikiru Adetona College of Education, Science and Technology, Omu-Ajose"", ""vc_or_provost"": ""Dr. Modupe Ayodele Oba Adenuga"", ""year_established"": """", ""source_row_number"": ""233"", ""source_file"": ""(NCCE) COLLEGES OF EDUCATION.md""}",https://ncce.gov.ng,2026-09-04,True
1325,NCCE,Private College of Education,"{""raw_name"": ""Sinai COE & Ent. Studies Gboko, Benue"", ""vc_or_provost"": ""Akange I.S"", ""year_established"": """", ""source_row_number"": ""234"", ""source_file"": ""(NCCE) COLLEGES OF EDUCATION.md""}",https://ncce.gov.ng,2026-09-04,True
1326,NCCE,Private College of Education,"{""raw_name"": ""St. Augustine College of Education Akoka, Lagos"", ""vc_or_provost"": ""Professor (Mrs.) J O. Omokhodion"", ""year_established"": """", ""source_row_number"": ""235"", ""source_file"": ""(NCCE) COLLEGES OF EDUCATION.md""}",https://ncce.gov.ng,2026-09-04,True
1327,NCCE,Private College of Education,"{""raw_name"": ""St. Frances Asissi College of Education, Zaria"", ""vc_or_provost"": ""Rev. Fr. Ven Isaac Akut"", ""year_established"": """", ""source_row_number"": ""236"", ""source_file"": ""(NCCE) COLLEGES OF EDUCATION.md""}",https://ncce.gov.ng,2026-09-04,True
1328,NCCE,Private College of Education,"{""raw_name"": ""St. Paul's College of Education NNewi"", ""vc_or_provost"": ""Rev. Fr. Jude O. Umeh"", ""year_established"": """", ""source_row_number"": ""237"", ""source_file"": ""(NCCE) COLLEGES OF EDUCATION.md""}",https://ncce.gov.ng,2026-09-04,True
1329,NCCE,Private College of Education,"{""raw_name"": ""STEADY FLOW COE, IKOM"", ""vc_or_provost"": ""Dr."", ""year_established"": """", ""source_row_number"": ""238"", ""source_file"": ""(NCCE) COLLEGES OF EDUCATION.md""}",https://ncce.gov.ng,2026-09-04,True
1330,NCCE,Private College of Education,"{""raw_name"": ""Talent Finders College of Education, Ilala, Kwara State"", ""vc_or_provost"": ""Dr. Provost"", ""year_established"": """", ""source_row_number"": ""239"", ""source_file"": ""(NCCE) COLLEGES OF EDUCATION.md""}",https://ncce.gov.ng,2026-09-04,True
1331,NCCE,Private College of Education,"{""raw_name"": ""Tamic COE, Lagos"", ""vc_or_provost"": ""Dr. Taiwo Michal J"", ""year_established"": """", ""source_row_number"": ""240"", ""source_file"": ""(NCCE) COLLEGES OF EDUCATION.md""}",https://ncce.gov.ng,2026-09-04,True
1332,NCCE,Private College of Education,"{""raw_name"": ""TCNN College of Education, Bukuru"", ""vc_or_provost"": ""Prof. Samuel P. Ango"", ""year_established"": """", ""source_row_number"": ""241"", ""source_file"": ""(NCCE) COLLEGES OF EDUCATION.md""}",https://ncce.gov.ng,2026-09-04,True
1333,NCCE,Private College of Education,"{""raw_name"": ""The College of Education Iseyin"", ""vc_or_provost"": ""Dr. Rasak Adetunji Adefabi"", ""year_established"": """", ""source_row_number"": ""242"", ""source_file"": ""(NCCE) COLLEGES OF EDUCATION.md""}",https://ncce.gov.ng,2026-09-04,True
1334,NCCE,Private College of Education,"{""raw_name"": ""The College of Education, Nsukka"", ""vc_or_provost"": ""Dr. Nwosu O.O"", ""year_established"": """", ""source_row_number"": ""243"", ""source_file"": ""(NCCE) COLLEGES OF EDUCATION.md""}",https://ncce.gov.ng,2026-09-04,True
1335,NCCE,Private College of Education,"{""raw_name"": ""The Heritage College of Education"", ""vc_or_provost"": ""Dr. Provost"", ""year_established"": """", ""source_row_number"": ""244"", ""source_file"": ""(NCCE) COLLEGES OF EDUCATION.md""}",https://ncce.gov.ng,2026-09-04,True
1336,NCCE,Polytechnics offering NCE,"{""raw_name"": ""The Polytechnic Iree, Osun State"", ""vc_or_provost"": ""Dr"", ""year_established"": """", ""source_row_number"": ""245"", ""source_file"": ""(NCCE) COLLEGES OF EDUCATION.md""}",https://ncce.gov.ng,2026-09-04,True
1337,NCCE,Private College of Education,"{""raw_name"": ""Tijjani Ibrahim College of Education"", ""vc_or_provost"": ""Ahmad AminuHausawa"", ""year_established"": """", ""source_row_number"": ""246"", ""source_file"": ""(NCCE) COLLEGES OF EDUCATION.md""}",https://ncce.gov.ng,2026-09-04,True
1338,NCCE,Private College of Education,"{""raw_name"": ""Tony G Erewa College of Education"", ""vc_or_provost"": ""Dr. Othuke Valentine Oroka"", ""year_established"": """", ""source_row_number"": ""247"", ""source_file"": ""(NCCE) COLLEGES OF EDUCATION.md""}",https://ncce.gov.ng,2026-09-04,True
1339,NCCE,Private College of Education,"{""raw_name"": ""Top Sprout Coe, Ilorin"", ""vc_or_provost"": ""Dr. Ayinde Shehu Jawondo"", ""year_established"": """", ""source_row_number"": ""248"", ""source_file"": ""(NCCE) COLLEGES OF EDUCATION.md""}",https://ncce.gov.ng,2026-09-04,True
1340,NCCE,Private College of Education,"{""raw_name"": ""Top-Most COE, Ipaja-Agbado"", ""vc_or_provost"": ""Dr."", ""year_established"": """", ""source_row_number"": ""249"", ""source_file"": ""(NCCE) COLLEGES OF EDUCATION.md""}",https://ncce.gov.ng,2026-09-04,True
1341,NCCE,Private College of Education,"{""raw_name"": ""Turath COE, Kano"", ""vc_or_provost"": """", ""year_established"": """", ""source_row_number"": ""250"", ""source_file"": ""(NCCE) COLLEGES OF EDUCATION.md""}",https://ncce.gov.ng,2026-09-04,True
1342,NCCE,Private College of Education,"{""raw_name"": ""Uli College of Education, Uli"", ""vc_or_provost"": """", ""year_established"": """", ""source_row_number"": ""251"", ""source_file"": ""(NCCE) COLLEGES OF EDUCATION.md""}",https://ncce.gov.ng,2026-09-04,True
1343,NCCE,Private College of Education,"{""raw_name"": ""Umar Bun Khatab College of Education, Tudun Nupawa, Kaduna"", ""vc_or_provost"": """", ""year_established"": """", ""source_row_number"": ""252"", ""source_file"": ""(NCCE) COLLEGES OF EDUCATION.md""}",https://ncce.gov.ng,2026-09-04,True
1344,NCCE,State College of Education,"{""raw_name"": ""Umar Ibn Ibrahim El-Kanemi College of Education, Science and Technology, Bama"", ""vc_or_provost"": ""Usman Aja Makinta"", ""year_established"": """", ""source_row_number"": ""253"", ""source_file"": ""(NCCE) COLLEGES OF EDUCATION.md""}",https://ncce.gov.ng,2026-09-04,True
1345,NCCE,State College of Education,"{""raw_name"": ""Umar Suleiman College of Education Gashua"", ""vc_or_provost"": ""Dr. Abdurahman Danladi"", ""year_established"": """", ""source_row_number"": ""254"", ""source_file"": ""(NCCE) COLLEGES OF EDUCATION.md""}",https://ncce.gov.ng,2026-09-04,True
1346,NCCE,Private College of Education,"{""raw_name"": ""Unity College of Education, Aukpa Adoka, Benue"", ""vc_or_provost"": ""Ajene Otache"", ""year_established"": """", ""source_row_number"": ""255"", ""source_file"": ""(NCCE) COLLEGES OF EDUCATION.md""}",https://ncce.gov.ng,2026-09-04,True
1347,NCCE,Private College of Education,"{""raw_name"": ""Upland College of Education, Science and Technology"", ""vc_or_provost"": ""Dr."", ""year_established"": """", ""source_row_number"": ""256"", ""source_file"": ""(NCCE) COLLEGES OF EDUCATION.md""}",https://ncce.gov.ng,2026-09-04,True
1348,NCCE,Private College of Education,"{""raw_name"": ""Victory Belt College of Education,Iyale"", ""vc_or_provost"": ""Dr. Provost"", ""year_established"": """", ""source_row_number"": ""257"", ""source_file"": ""(NCCE) COLLEGES OF EDUCATION.md""}",https://ncce.gov.ng,2026-09-04,True
1349,NCCE,Private College of Education,"{""raw_name"": ""WATERSIDE COLLEGE OF EDUCATION"", ""vc_or_provost"": ""Adeniran Adewale Sunday"", ""year_established"": """", ""source_row_number"": ""258"", ""source_file"": ""(NCCE) COLLEGES OF EDUCATION.md""}",https://ncce.gov.ng,2026-09-04,True
355,NCCE,Polytechnics offering NCE,"{""raw_name"": ""Waziri Umaru Federal Polytechnic"", ""vc_or_provost"": ""Arc. Muhammad Sani Aliyu"", ""year_established"": """", ""source_row_number"": ""259"", ""source_file"": ""(NCCE) COLLEGES OF EDUCATION.md""}",https://ncce.gov.ng,2026-09-04,True
1351,NCCE,Private College of Education,"{""raw_name"": ""Yewa Central College of Education, Ayetoro, Abeokuta"", ""vc_or_provost"": ""Mrs. M.O Bamgbose"", ""year_established"": """", ""source_row_number"": ""260"", ""source_file"": ""(NCCE) COLLEGES OF EDUCATION.md""}",https://ncce.gov.ng,2026-09-04,True
1352,NCCE,State College of Education,"{""raw_name"": ""Yusuf Bala Usman CoE and Legal Studies, Daura"", ""vc_or_provost"": ""Dr. AbdulMudallib Ahmad Muhammad"", ""year_established"": """", ""source_row_number"": ""261"", ""source_file"": ""(NCCE) COLLEGES OF EDUCATION.md""}",https://ncce.gov.ng,2026-09-04,True
1353,NCCE,State College of Education,"{""raw_name"": ""Yusuf Maitama Sule COE and Lege Studeis, Ghari"", ""vc_or_provost"": ""Associate Prof. Abdullahi Asiru"", ""year_established"": """", ""source_row_number"": ""262"", ""source_file"": ""(NCCE) COLLEGES OF EDUCATION.md""}",https://ncce.gov.ng,2026-09-04,True
1354,NCCE,State College of Education,"{""raw_name"": ""Zamfara State College of Education, Maru"", ""vc_or_provost"": ""Nasiru S Pawa"", ""year_established"": """", ""source_row_number"": ""263"", ""source_file"": ""(NCCE) COLLEGES OF EDUCATION.md""}",https://ncce.gov.ng,2026-09-04,True
1355,NCCE,NTI & Other NCE Awarding Institutions,"{""raw_name"": ""Zaria Institute of Information Technology"", ""vc_or_provost"": ""Ibrahim Ahmad Ango"", ""year_established"": """", ""source_row_number"": ""264"", ""source_file"": ""(NCCE) COLLEGES OF EDUCATION.md""}",https://ncce.gov.ng,2026-09-04,True
